keterangan,bil,id_aed,maintain,installationdate,nama_p,globalid,createdate,nama_n,giup,long,lasteditdate,kod_negeri,jumlah,warranty,last_edit_user,nam,nam_par,brand,lat,kod_daerah,nam_daerah,created_user,tahun,catatan,kod_dun,alamat,kod_par,ownership,nam_short,imej,notel,nam_dun,objectid,status,geometry_x,geometry_y
Bersebelahan Pintu Pejabat Taman Jajar,1,40060,,,JELUTONG,{95A52FEA-4434-4A22-902D-538F3605DDD9},,DATOK KERAMAT,,100.305698,,07,1,,,AED @ TAMAN JAJAR,P.050 - JELUTONG,Other Known PAD,5.412521,04,TIMOR LAUT,,,,N.29,,P.050,,DTL,https://vip.mbpp.gov.my/vipportal/sharing/rest/content/items/cc49da4e210c4cd48bc3c63afa9cb4be/data,,N.29 - DATOK KERAMAT,1,,100.30569799979142,5.4125210002362865
Pintu masuk dewan,2,40061,,,TANJONG,{2343BD62-9091-4FD7-9019-9E1B03C76E05},,KOMTAR,,100.3362465,,07,1,,,AED @ PUSAT BELIA LEBUH ACHEH,P.049 - TANJONG,Other Known PAD,5.41520699,04,TIMOR LAUT,,,,N.28,,P.049,,DTL,https://vip.mbpp.gov.my/vipportal/sharing/rest/content/items/cc49da4e210c4cd48bc3c63afa9cb4be/data,,N.28 - KOMTAR,2,,100.33624649970928,5.415206989790887
Ruang legar Balai Rakyat Jalan Patani,3,40062,,,JELUTONG,{B5F82F69-6BF7-4F08-85AD-5C4E55124BC2},,SUNGAI PINANG,,100.3234148,,07,1,,,AED @ BALAI RAKYAT TAMAN SRI PINANG,P.050 - JELUTONG,Other Known PAD,5.40782107,04,TIMOR LAUT,,,,N.30,,P.050,,DTL,https://vip.mbpp.gov.my/vipportal/sharing/rest/content/items/45c933c3eede4a009d3349a8713ff0d1/data,,N.30 - SUNGAI PINANG,3,,100.3234148002509,5.407821070065915
Dalam dewan sebelah kiri daripada pintu utama,4,40063,,,JELUTONG,{72EA4A56-5EDA-44DA-B7D8-47532DF35359},,DATOK KERAMAT,,100.32218635,,07,1,,,AED @ BALAI RAKYAT JALAN PATANI,P.050 - JELUTONG,Other Known PAD,5.40893724,04,TIMOR LAUT,,,,N.29,,P.050,,DTL,https://vip.mbpp.gov.my/vipportal/sharing/rest/content/items/291dc08b3dcd459787b841661f49b997/data,,N.29 - DATOK KERAMAT,4,,100.3221863498217,5.4089372400310705
"Tingkat 1, Pintu Utama Masuk Ke Balai Rakyat Tanjung Bungah",5,40064,,,BUKIT BENDERA,{80A06CA2-8853-4A3A-8AF7-024AC72524DA},,TANJONG BUNGA,,100.28479099,,07,1,,,AED @ BALAI RAKYAT TANJUNG BUNGAH,P.048 - BUKIT BENDERA,Other Known PAD,5.46373395,04,TIMOR LAUT,,,,N.22,,P.048,,DTL,https://vip.mbpp.gov.my/vipportal/sharing/rest/content/items/0f2c5c2c72f94e8a9be50cdcbcef1f53/data,,N.22 - TANJONG BUNGA,5,,100.28479098984923,5.463733949688629
"Tingkat 1, berhadapan lif sebelah kiri",6,40065,,,BUKIT GELUGOR,{B1EDB5BD-2068-40D7-999E-0DD197452834},,SERI DELIMA,,100.30562123,,07,1,,,AED @ BALAI RAKYAT TAMAN TUN SARDON,P.051 - BUKIT GELUGOR,Other Known PAD,5.369539,04,TIMOR LAUT,,,,N.32,,P.051,,DTL,https://vip.mbpp.gov.my/vipportal/sharing/rest/content/items/89104d8d584f49bc9997d8299885c737/data,,N.32 - SERI DELIMA,6,,100.30562122964902,5.369538999960042
"Tingkat 1, Ruang Legar, bersebelahan pintu masuk dewan",7,50008,,,BAYAN BARU,{0117C4B2-53BA-4FF6-9C73-E544F49F037C},,PANTAI JEREJAK,,100.28648078,,07,1,,,AED @ BALAI RAKYAT BAYAN BARU,P.052 - BAYAN BARU,Other Known PAD,5.32476464,05,BARAT DAYA,,,,N.36,,P.052,,DBD,https://vip.mbpp.gov.my/vipportal/sharing/rest/content/items/870eaee961b34cc98f20b052b7a81044/data,,N.36 - PANTAI JEREJAK,7,,100.28648078033291,5.3247646401916535
Pintu masuk Lobi Balai Rakyat Teluk Bahang,8,50009,,,BALIK PULAU,{D8B96829-D8F0-4883-A863-A380829D892E},,TELOK BAHANG,,100.21422207,,07,1,,,AED @ BALAI RAKYAT TELUK BAHANG,P.053 - BALIK PULAU,Other Known PAD,5.45722974,05,BARAT DAYA,,,,N.40,,P.053,,DBD,https://vip.mbpp.gov.my/vipportal/sharing/rest/content/items/6498730b3f1c458b8cc9653a7a992714/data,,N.40 - TELOK BAHANG,8,,100.21422206995771,5.457229739722035
"Tingkat 1, luar pejabat Balai Rakyat Batu Lanchang",9,40066,,,JELUTONG,{EE26AB78-FD37-4B71-ABBD-F0695424B90E},,BATU LANCANG,,100.3061094,,07,1,,,AED @ BALAI RAKYAT BATU LANCHANG,P.050 - JELUTONG,Other Known PAD,5.3903225,04,TIMOR LAUT,,,,N.31,,P.050,,DTL,https://vip.mbpp.gov.my/vipportal/sharing/rest/content/items/d063af30c3c348f6bf438673bb8acaf7/data,,N.31 - BATU LANCANG,9,,100.30610940028026,5.390322499710212
"Tingkat bawah, Pintu masuk Lobi Balai Rakyat Kompleks Pasar Awam Balik Pulau",10,50010,,,BALIK PULAU,{2CA04A4B-C249-4466-9ECD-16F80A087A19},,PULAU BETONG,,100.24075449,,07,1,,,AED @ BALAI RAKYAT KOMPLEKS PASAR AWAM BALIK PULAU,P.053 - BALIK PULAU,Other Known PAD,5.35149711,05,BARAT DAYA,,,,N.39,,P.053,,DBD,https://vip.mbpp.gov.my/vipportal/sharing/rest/content/items/7484401b51534b539f1bb9d8a190ebd9/data,,N.39 - PULAU BETONG,10,,100.24075449022786,5.351497110173993
"Tingkat bawah, Pintu masuk Lobi Balai Rakyat Cantonment'",11,40067,,,BUKIT BENDERA,{44537F33-D828-4765-8A86-6C33FDCB31D1},,PULAU TIKUS,,100.312087,,07,1,,,AED @ BALAI RAKYAT JALAN CANTONMENT,P.048 - BUKIT BENDERA,Zoll AED,5.43210893,04,TIMOR LAUT,,,,N.25,,P.048,,DTL,https://vip.mbpp.gov.my/vipportal/sharing/rest/content/items/cc0ab6950e0e4eb4ba95b6b56acdb133/data,,N.25 - PULAU TIKUS,11,,100.3120869997901,5.4321089297256435
"Tingkat 1, Luar Pejabat Dewan Lintang Minden",12,40068,,,BAYAN BARU,{A4FBFD00-2509-49B1-9925-78FD6A5DAC9E},,BATU UBAN,,100.29625047,,07,1,,,AED @ DEWAN LINTANG MINDEN,P.052 - BAYAN BARU,Zoll AED,5.3601011,04,TIMOR LAUT,,,,N.35,,P.052,,DTL,https://vip.mbpp.gov.my/vipportal/sharing/rest/content/items/f649c7f7d135405f9312f6f30d2e609f/data,,N.35 - BATU UBAN,12,,100.29625046989236,5.360101099754643
"Tingkat 1, Ruang Legar, bersebelahan pintu masuk Dewan Lebuhraya Halia",14,40069,,,BUKIT BENDERA,{58B6BB98-40E1-491A-90C9-EB79C41A97C9},,KEBUN BUNGA,,100.3004222,,07,1,,,AED @ DEWAN LEBUHRAYA HALIA,P.048 - BUKIT BENDERA,Zoll AED,5.45169627,04,TIMOR LAUT,,,,N.24,,P.048,,DTL,https://vip.mbpp.gov.my/vipportal/sharing/rest/content/items/653dae63e2b14f0b9f3f7bb509ee966f/data,,N.24 - KEBUN BUNGA,14,,100.30042219998452,5.451696269591966
"Tingkat 1, berhadapan lif sebelah kiri Dewan Bukit Belah",15,50012,,,BALIK PULAU,{F0C20729-025B-4DDE-A77B-C37380309C59},,BAYAN LEPAS,,100.24666037,,07,1,,,AED @ DEWAN BUKIT BELAH,P.053 - BALIK PULAU,Zoll AED,5.28739531,05,BARAT DAYA,,,,N.38,,P.053,,DBD,https://vip.mbpp.gov.my/vipportal/sharing/rest/content/items/9c06129470e94b2097b62afd012406e5/data,,N.38 - BAYAN LEPAS,15,,100.24666037012948,5.287395310410016
"Tingkat 1, Pintu Utama Masuk Ke Rumah Kelab MBPP",16,40070,,,TANJONG,{D8A640BE-8BBF-4572-B626-BCC6750A7EB3},,KOMTAR,,100.3168896,,07,1,,,AED @ RUMAH KELAB MBPP,P.049 - TANJONG,Zoll AED,5.41671763,04,TIMOR LAUT,,,,N.28,,P.049,,DTL,https://vip.mbpp.gov.my/vipportal/sharing/rest/content/items/97af0da091b342a9b320af25280fffbf/data,,N.28 - KOMTAR,16,,100.31688959957089,5.416717629800838
Dalam dewan sebelah kiri daripada pintu utama Padang Polo,17,40071,,,BUKIT BENDERA,{343AAB88-5021-4142-9FE4-7EAEE662102F},,PULAU TIKUS,,100.30825615,,07,1,,,AED @ PADANG POLO,P.048 - BUKIT BENDERA,Zoll AED,5.41799284,04,TIMOR LAUT,,,,N.25,,P.048,,DTL,https://vip.mbpp.gov.my/vipportal/sharing/rest/content/items/99403e2f2a8d4cdab75b19f7a35bd79f/data,,N.25 - PULAU TIKUS,17,,100.30825614992392,5.417992840278271
Ruang legar Pejabat Jabatan pengurusan Korporat & Komuniti,18,40072,,,BUKIT BENDERA,{1FF2555F-AE71-420C-8B60-8174943A9F2C},,KEBUN BUNGA,,100.30108741,,07,1,,,AED @ PEJABAT JABATAN PENGURUSAN KORPORAT & KOMUNITI,P.048 - BUKIT BENDERA,Zoll AED,5.41987212,04,TIMOR LAUT,,,,N.24,,P.048,,DTL,https://vip.mbpp.gov.my/vipportal/sharing/rest/content/items/13b648c99987488cb764b68d4c00ab67/data,,N.24 - KEBUN BUNGA,18,,100.30108740995307,5.419872119872774
MBPP TREASURY DEPARTMENT at KOMTAR (Available Monday-Friday),19,40073,,,BUKIT BENDERA,{50381D1C-5820-49DB-91BB-B56B18AE5D39},,AIR PUTEH,,100.2773,,07,1,,,"AED @ JABATAN PERBENDAHARAAN, TINGKAT 15, KOMTAR",P.048 - BUKIT BENDERA,,5.4146,04,TIMOR LAUT,,,,N.23,,P.048,Heart-Safe Penang Programme,DTL,https://vip.mbpp.gov.my/vipportal/sharing/rest/content/items/a54a762535d04958b9954a75c303fbb7/data,,N.23 - AIR PUTEH,19,,100.27729999967464,5.414599999824819
Tepi pintu masuk Bilik Perdana Tkt 4 KOMTAR (Available Office Hour),20,40074,,,BUKIT BENDERA,{5BA70703-94FD-4999-9AE0-9F85BFF4FD76},,AIR PUTEH,,100.2773,,07,1,,,"AED @ BILIK PERDANA, TINGKAT 4, KOMTAR",P.048 - BUKIT BENDERA,,5.4146,04,TIMOR LAUT,,,,N.23,,P.048,Heart-Safe Penang Programme,DTL,https://vip.mbpp.gov.my/vipportal/sharing/rest/content/items/64e97539577845d6baad2e7fb485f137/data,,N.23 - AIR PUTEH,20,,100.27729999967464,5.414599999824819
Kaunter Jabatan Kawalan Bangunan (Available Office Hour),21,40075,,,TANJONG,{C5549129-8FF8-48CA-B0D3-DC34EF496932},,KOMTAR,,100.336644,,07,1,,,"AED @ JABATAN KAWALAN BANGUNAN, TINGKAT 14, KOMTAR",P.049 - TANJONG,,5.403849,04,TIMOR LAUT,,,,N.28,,P.049,Heart-Safe Penang Programme,DTL,https://vip.mbpp.gov.my/vipportal/sharing/rest/content/items/2b4d3ca7bd434cb198f34dcdc569a283/data,,N.28 - KOMTAR,21,,100.32957519983547,5.4145451997350795
"Pejabat utama Unit Veterinar dan Pusat stor Unit Kawalan Vektor, Jabatan Kesihatan Persekitaran",22,40076,,,JELUTONG,{8A99D678-5898-416B-ACD5-8805936A0474},,SUNGAI PINANG,,100.32467,,07,1,,,AED @ PUSAT KAWALAN VEKTOR DAN VETERINAR,P.050 - JELUTONG,,5.40682,04,TIMOR LAUT,,,,N.30,,P.050,Heart-Safe Penang Programme,DTL,https://vip.mbpp.gov.my/vipportal/sharing/rest/content/items/5abc9e0528bd4f6b9298aee94139750a/data,,N.30 - SUNGAI PINANG,22,,100.32467000019142,5.406819999931277
"Dewan Bandaran, Padang Kota Lama (Available All Day)",23,40077,,,TANJONG,{53C7DFD8-03E5-4651-AE41-924AFB06D2A4},,PADANG KOTA,,100.34136,,07,1,,,"AED @ JABATAN KONSERVASI WARISAN, DEWAN BANDARAN, PADANG KOTA LAMA",P.049 - TANJONG,,5.42144,04,TIMOR LAUT,,,,N.26,,P.049,Heart-Safe Penang Programme,DTL,https://vip.mbpp.gov.my/vipportal/sharing/rest/content/items/907368b8f72d4f12ae77b86e27df2caa/data,,N.26 - PADANG KOTA,23,,100.3413600002204,5.421439999626879
Paras 12 KOMTAR (Available Office Hour),24,40078,,,BUKIT BENDERA,{7652FFD5-8C1B-4A52-B7E7-1359BC26892F},,AIR PUTEH,,100.2773,,07,1,,,AED @ JABATAN PENILAIAN & PENGURUSAN HARTA,P.048 - BUKIT BENDERA,,5.4146,04,TIMOR LAUT,,,,N.23,,P.048,Heart-Safe Penang Programme,DTL,https://vip.mbpp.gov.my/vipportal/sharing/rest/content/items/f55553aa0fcb4a02922527ef4861bfc3/data,,N.23 - AIR PUTEH,24,,100.27729999967464,5.414599999824819
Office hour 8am-5:00pm Monday - Friday,25,40079,,,TANJONG,{20A44AD0-D640-4876-A875-33CC1783C266},,PADANG KOTA,,100.34154,,07,1,,,AED @ RUANG LEGAR HADAPAN BILIK SERVER/GALERI ARAS BAWAH DEWAN BANDARAYA,P.049 - TANJONG,,5.42214,04,TIMOR LAUT,,,,N.26,,P.049,Heart-Safe Penang Programme,DTL,https://vip.mbpp.gov.my/vipportal/sharing/rest/content/items/5a7147000ba04e599f5e9d932cc95b27/data,,N.26 - PADANG KOTA,25,,100.34153999960749,5.422140000284626
Bahagian Kaunter (Office hour 8am-5:00pm Monday - Friday),26,40080,,,BUKIT BENDERA,{84D9D2EE-47A6-406F-9D20-DCD3B6EE62B3},,AIR PUTEH,,100.2773,,07,1,,,AED @ KAUNTER UNIT UNDANG-UNDANG,P.048 - BUKIT BENDERA,,5.4146,04,TIMOR LAUT,,,,N.23,,P.048,Heart-Safe Penang Programme,DTL,https://vip.mbpp.gov.my/vipportal/sharing/rest/content/items/edb41b0e5252408cb624b1530cff8d49/data,,N.23 - AIR PUTEH,26,,100.27729999967464,5.414599999824819
"MBPP Office at KOMTAR
(Office Hour Only)",27,40081,,,TANJONG,{3336FB26-EABD-424A-9CF3-9D7F926C7A6B},,KOMTAR,,100.329861,,07,1,,,AED @ MBPP PEJABAT JABATAN KHIDMAT PENGURUSAN,P.049 - TANJONG,,5.414528,04,TIMOR LAUT,,,,N.28,,P.049,Heart-Safe Penang Programme,DTL,https://vip.mbpp.gov.my/vipportal/sharing/rest/content/items/e97650f5e7c8485790b61c0986a0f010/data,,N.28 - KOMTAR,27,,100.32986100028266,5.414527999978092
WAKTU KERJA SAHAJA,28,40082,,,TANJONG,{450B9347-164F-485D-8401-3068B174D1C6},,KOMTAR,,100.32963,,07,1,,,"AED @ JABATAN KEJURUTERAAN, TINGKAT 13 KOMTAR",P.049 - TANJONG,,5.41549,04,TIMOR LAUT,,,,N.28,,P.049,Heart-Safe Penang Programme,DTL,https://vip.mbpp.gov.my/vipportal/sharing/rest/content/items/155b76d16e0546cc8d8ecd8e9a178f1d/data,,N.28 - KOMTAR,28,,100.32963000023746,5.415489999989703
WAKTU KERJA SAHAJA,29,40083,,,TANJONG,{010F36CA-31D1-4B9E-A755-2C5FF4FE989B},,KOMTAR,,100.32773,,07,1,,,AED @ BAHAGIAN MEKANIKAL DAN ELEKTRIK JALAN GURDWARA,P.049 - TANJONG,,5.408539,04,TIMOR LAUT,,,,N.28,,P.049,Heart-Safe Penang Programme,DTL,https://vip.mbpp.gov.my/vipportal/sharing/rest/content/items/c2d156798ffa4e019b6edb7fe14209f5/data,,N.28 - KOMTAR,29,,100.32772999989854,5.408539000398528
WAKTU KERJA SAHAJA,30,40084,,,TANJONG,{67410E1C-4C24-4A29-A012-A1D37F4190C7},,KOMTAR,,100.32631,,07,1,,,"AED @ BANGUNAN IOC, JALAN TIMAH",P.049 - TANJONG,,5.41059,04,TIMOR LAUT,,,,N.28,,P.049,Heart-Safe Penang Programme,DTL,https://vip.mbpp.gov.my/vipportal/sharing/rest/content/items/937efde7a06f4779bc31a07f94fecb4c/data,,N.28 - KOMTAR,30,,100.32631000039581,5.410589999869907
WAKTU KERJA SAHAJA,31,40085,,,JELUTONG,{1A3ABFB6-93D4-42A1-B3C3-C866A959BA43},,SUNGAI PINANG,,100.32281,,07,1,,,AED @ TAPAK PELUPUSAN JELUTONG SAMPAH JELUTONG,P.050 - JELUTONG,,5.39375,04,TIMOR LAUT,,,,N.30,,P.050,Heart-Safe Penang Programme,DTL,https://vip.mbpp.gov.my/vipportal/sharing/rest/content/items/4933583270ca44059974a7bcb89943f6/data,,N.30 - SUNGAI PINANG,31,,100.32281000025833,5.393750000349992
PUSAT PANGGILAN NAMA JPP (SETIAP HARI 8 PAGI - 6 PETANG),32,50013,,,BALIK PULAU,{46381061-38F8-440E-9CCA-1473DA06DC2A},,BAYAN LEPAS,,100.243532,,07,1,,,AED @ PPN SUNGAI BATU,P.053 - BALIK PULAU,,5.283991,05,BARAT DAYA,,,,N.38,,P.053,Heart-Safe Penang Programme,DBD,https://vip.mbpp.gov.my/vipportal/sharing/rest/content/items/6e3794e435204e439a59fac6fe73ab66/data,,N.38 - BAYAN LEPAS,32,,100.24353200028582,5.283990999918208
PUSAT PANGGILAN NAMA JPP (SETIAP HARI 8 PAGI - 6 PETANG),33,50014,,,BALIK PULAU,{EA86F223-6F62-43B5-91CA-D11A14DF0365},,PULAU BETONG,,100.241173,,07,1,,,AED @ PPN PASAR BALIK PULAU,P.053 - BALIK PULAU,,5.352276,05,BARAT DAYA,,,,N.39,,P.053,Heart-Safe Penang Programme,DBD,https://vip.mbpp.gov.my/vipportal/sharing/rest/content/items/6af8a92250b34638a151e40a9bb2fd75/data,,N.39 - PULAU BETONG,33,,100.24117300009947,5.352275999889501
PUSAT PANGGILAN NAMA JPP (SETIAP HARI 8 PAGI - 6 PETANG),34,40086,,,BUKIT GELUGOR,{857763F2-1264-438B-BB0F-B9A06ED5A18A},,SERI DELIMA,,100.306098,,07,1,,,AED @ PPN JALAN BUNGA RAYA,P.051 - BUKIT GELUGOR,,5.37835,04,TIMOR LAUT,,,,N.32,,P.051,Heart-Safe Penang Programme,DTL,https://vip.mbpp.gov.my/vipportal/sharing/rest/content/items/d1f8d4f261454e0688626cafbc6c0c24/data,,N.32 - SERI DELIMA,34,,100.30609800003778,5.37834999966607
PUSAT PANGGILAN NAMA JPP (SETIAP HARI 8 PAGI - 6 PETANG),35,40087,,,BUKIT GELUGOR,{20146942-D5B5-407B-B12E-F73BCCDA35F8},,SERI DELIMA,,100.301554,,07,1,,,AED @ PPN JALAN MAS,P.051 - BUKIT GELUGOR,,5.395657,04,TIMOR LAUT,,,,N.32,,P.051,Heart-Safe Penang Programme,DTL,https://vip.mbpp.gov.my/vipportal/sharing/rest/content/items/ffa7db9d5c064300b9e49d51243dd2ff/data,,N.32 - SERI DELIMA,35,,100.30155400042952,5.395657000089793
PUSAT PANGGILAN NAMA JPP (SETIAP HARI 8 PAGI - 6 PETANG),36,40088,,,BUKIT GELUGOR,{1D66448B-EB4E-4DC6-951D-7CD4B33EF6C7},,SERI DELIMA,,100.300779,,07,1,,,AED @ PPN JALAN PERMAI,P.051 - BUKIT GELUGOR,,5.372063,04,TIMOR LAUT,,,,N.32,,P.051,Heart-Safe Penang Programme,DTL,https://vip.mbpp.gov.my/vipportal/sharing/rest/content/items/7976b11eaaa6489b970ddbf7c29f08cd/data,,N.32 - SERI DELIMA,36,,100.30077900001045,5.372063000451287
PUSAT PANGGILAN NAMA JPP (SETIAP HARI 8 PAGI - 6 PETANG),37,50015,,,BALIK PULAU,{0EE9CD63-C1B8-4847-B9D6-39ED5E44AED4},,TELOK BAHANG,,100.235717,,07,1,,,AED @ PPN PULAU ASMARA,P.053 - BALIK PULAU,,5.465193,05,BARAT DAYA,,,,N.40,,P.053,Heart-Safe Penang Programme,DBD,https://vip.mbpp.gov.my/vipportal/sharing/rest/content/items/c63783f840b647cb9931fa333eeaae85/data,,N.40 - TELOK BAHANG,37,,100.23571699981288,5.465193000130104
PUSAT PANGGILAN NAMA JPP (SETIAP HARI 8 PAGI - 6 PETANG),38,50016,,,BAYAN BARU,{5514B8AC-CA87-48E9-878D-8EE19F8AFEC3},,PANTAI JEREJAK,,100.286035,,07,1,,,AED @ PPN PASAR BAYAN BARU,P.052 - BAYAN BARU,,5.324507,05,BARAT DAYA,,,,N.36,,P.052,Heart-Safe Penang Programme,DBD,https://vip.mbpp.gov.my/vipportal/sharing/rest/content/items/7cc119a474c74ae1ac1193547cbf76fa/data,,N.36 - PANTAI JEREJAK,38,,100.28603500022783,5.324506999841221
PUSAT PANGGILAN NAMA JPP (SETIAP HARI 8 PAGI - 6 PETANG),39,50017,,,BAYAN BARU,{FE669819-6D42-4958-BDB6-8A0BF4608AA1},,PANTAI JEREJAK,,100.308283,,07,1,,,AED @ PPN PERSIARAN BAYAN INDAH,P.052 - BAYAN BARU,,5.340436,05,BARAT DAYA,,,,N.36,,P.052,Heart-Safe Penang Programme,DBD,https://vip.mbpp.gov.my/vipportal/sharing/rest/content/items/f811fb0183bf4eea903b02aaad280be7/data,,N.36 - PANTAI JEREJAK,39,,100.30828300037513,5.340436000215146
PUSAT PANGGILAN NAMA JPP (SETIAP HARI 8 PAGI - 6 PETANG),40,50018,,,BALIK PULAU,{6B4F2313-CA82-474A-BFC1-C3A75ECD1D82},,BAYAN LEPAS,,100.26026,,07,1,,,AED @ PPN JALAN KOLAM IKAN,P.053 - BALIK PULAU,,5.294169,05,BARAT DAYA,,,,N.38,,P.053,Heart-Safe Penang Programme,DBD,https://vip.mbpp.gov.my/vipportal/sharing/rest/content/items/d1197fce4a99471a81c1e6b6caf77d28/data,,N.38 - BAYAN LEPAS,40,,100.26026000019996,5.294169000292515
Waktu Beroperasi,41,40089,,,TANJONG,{A9656A10-CD44-46B5-9B94-8FDE1FA9DA1F},,PADANG KOTA,,100.34231,,07,1,,,AED @ JABATAN PELESENAN (DARIPADA PEJABAT JABATAN PELESENAN DI PADANG KOTA AED @ LAMA BERPINDAH KE  BANGUNAN TEMPAT LETAK KERETA BERTINGKAT LEBUH UNION KERANA JABATAN PELESENAN TELAH BERPINDAH KE SANA),P.049 - TANJONG,,5.41894,04,TIMOR LAUT,,,,N.26,,P.049,Heart-Safe Penang Programme,DTL,https://vip.mbpp.gov.my/vipportal/sharing/rest/content/items/06490ee15aa440cf99988e099edb36d0/data,,N.26 - PADANG KOTA,41,,100.34231000000698,5.418940000069108
Waktu Beroperasi,42,40090,,,TANJONG,{154EBE31-053C-4351-AE3A-6608B0B1B4DB},,PENGKALAN KOTA,,100.329067,,07,1,,,AED @ PASAR LEBUH CECIL (BORONG).,P.049 - TANJONG,,5.407601,04,TIMOR LAUT,,,,N.27,,P.049,Heart-Safe Penang Programme,DTL,https://vip.mbpp.gov.my/vipportal/sharing/rest/content/items/9571336f787844e68691980718340a5f/data,,N.27 - PENGKALAN KOTA,42,,100.32906700003034,5.4076010003034645
Waktu Beroperasi,43,40091,,,TANJONG,{5C3F9E7A-D63B-4BB0-BCEB-9715B010B1AF},,PENGKALAN KOTA,,100.334185,,07,1,,,AED @ PASAR LINTANG MACALLUM DUA,P.049 - TANJONG,,5.406493,04,TIMOR LAUT,,,,N.27,,P.049,Heart-Safe Penang Programme,DTL,https://vip.mbpp.gov.my/vipportal/sharing/rest/content/items/b23a7cb559ed4e6ea0d52257b3f539ed/data,,N.27 - PENGKALAN KOTA,43,,100.33418500010302,5.406493000126973
Waktu Beroperasi,44,40092,,,JELUTONG,{B7EAFB35-7DE0-4FD1-8E17-5896A11A2E5C},,SUNGAI PINANG,,100.31822,,07,1,,,AED @ PASAR JALAN TENGKU.,P.050 - JELUTONG,,5.39196,04,TIMOR LAUT,,,,N.30,,P.050,Heart-Safe Penang Programme,DTL,https://vip.mbpp.gov.my/vipportal/sharing/rest/content/items/7ec680a80496437186f9813ff563f028/data,,N.30 - SUNGAI PINANG,44,,100.31822000017601,5.391960000205623
Waktu Beroperasi,45,40093,,,JELUTONG,{1D530FDB-EAE9-44F9-8A63-9FB658F09C86},,SUNGAI PINANG,,100.323367,,07,1,,,AED @ PASAR JALAN PATANI,P.050 - JELUTONG,,5.407904,04,TIMOR LAUT,,,,N.30,,P.050,Heart-Safe Penang Programme,DTL,https://vip.mbpp.gov.my/vipportal/sharing/rest/content/items/7c6166a2f98f46eaa7c29e7158203030/data,,N.30 - SUNGAI PINANG,45,,100.32336699956977,5.407903999807771
Waktu Beroperasi,46,40094,,,BUKIT BENDERA,{88A05B89-C92A-4207-BA92-D08C44A5C115},,PULAU TIKUS,,100.31189,,07,1,,,AED @ PASAR PULAU TIKUS,P.048 - BUKIT BENDERA,,5.43068,04,TIMOR LAUT,,,,N.25,,P.048,Heart-Safe Penang Programme,DTL,https://vip.mbpp.gov.my/vipportal/sharing/rest/content/items/72d318a4dd65409397463af83bf1567c/data,,N.25 - PULAU TIKUS,46,,100.31189000035035,5.430680000295977
Waktu Beroperasi,47,50038,,,BALIK PULAU,{2EF0BB0A-32E2-41C2-8A11-575776C02C5C},,BAYAN LEPAS,,100.26478,,07,1,,,AED @ KOMPLEKS & PASAR  RAJAWALI,P.053 - BALIK PULAU,,5.30716,05,BARAT DAYA,,,,N.38,,P.053,Heart-Safe Penang Programme,DBD,https://vip.mbpp.gov.my/vipportal/sharing/rest/content/items/0c9dd78b92e9410494e96eeef7ad99e8/data,,N.38 - BAYAN LEPAS,47,,100.26477999984928,5.307159999932577
Waktu Beroperasi,48,40095,,,JELUTONG,{AE6DF0FA-160D-4CBE-A15E-6FC7778A5BA8},,DATOK KERAMAT,,100.32225,,07,1,,,AED @ PASAR FARLIM,P.050 - JELUTONG,,5.41082,04,TIMOR LAUT,,,,N.29,,P.050,Heart-Safe Penang Programme,DTL,https://vip.mbpp.gov.my/vipportal/sharing/rest/content/items/359697b2775d46369d0563f248eea51a/data,,N.29 - DATOK KERAMAT,48,,100.32224999962527,5.410820000373391
Waktu Beroperasi,49,50019,,,BALIK PULAU,{9D9F6FA2-0DD0-4FB4-BA32-6643353C40A3},,PULAU BETONG,,100.24096,,07,1,,,AED @ PASAR BALIK PULAU,P.053 - BALIK PULAU,,5.35271,05,BARAT DAYA,,,,N.39,,P.053,Heart-Safe Penang Programme,DBD,https://vip.mbpp.gov.my/vipportal/sharing/rest/content/items/852172889a734d91a701a935fe2eeee4/data,,N.39 - PULAU BETONG,49,,100.24095999970417,5.352709999993836
Waktu Beroperasi,50,40096,,,BUKIT BENDERA,{37FEE694-9BB0-4956-AA51-CC693D24B7C6},,AIR PUTEH,,100.2894891,,07,1,,,AED @ PASAR PADANG TEMBAK,P.048 - BUKIT BENDERA,,5.4091953,04,TIMOR LAUT,,,,N.23,,P.048,Heart-Safe Penang Programme,DTL,https://vip.mbpp.gov.my/vipportal/sharing/rest/content/items/6af21a99f80b4a3988807d361012af82/data,,N.23 - AIR PUTEH,50,,100.28948909965827,5.409195300191808
Waktu Beroperasi ,51,40097,,,BUKIT GELUGOR,{EB8B5B8B-A22B-44A6-898E-36E2D72F7070},,PAYA TERUBONG,,100.2572748,,07,1,,,AED @ PASAR TAMAN TERUBONG JAYA (TINGKAT 1),P.051 - BUKIT GELUGOR,,5.3683282,04,TIMOR LAUT,,,,N.34,,P.051,Heart-Safe Penang Programme,DTL,https://vip.mbpp.gov.my/vipportal/sharing/rest/content/items/fa256e9b7ec249ad8b0cbf94600c5802/data,,N.34 - PAYA TERUBONG,51,,100.2572748001953,5.368328199793277
Waktu Beroperasi,52,40098,,,BUKIT GELUGOR,{C1218A25-3C1E-4736-BD2C-ABDCF8358F74},,PAYA TERUBONG,,100.2572748,,07,1,,,AED @ PASAR TAMAN TERUBONG JAYA (TINGKAT 3),P.051 - BUKIT GELUGOR,,5.3683282,04,TIMOR LAUT,,,,N.34,,P.051,Heart-Safe Penang Programme,DTL,https://vip.mbpp.gov.my/vipportal/sharing/rest/content/items/fa763fd2f82047dea4744074cf45cf83/data,,N.34 - PAYA TERUBONG,52,,100.2572748001953,5.368328199793277
Waktu Beroperasi,53,40099,,,JELUTONG,{C7293BBA-BAC2-4B2B-8FD3-73CEB4C431A4},,BATU LANCANG,,100.3117766,,07,1,,,AED @ PASAR JALAN PERAK,P.050 - JELUTONG,,5.3995818,04,TIMOR LAUT,,,,N.31,,P.050,Heart-Safe Penang Programme,DTL,https://vip.mbpp.gov.my/vipportal/sharing/rest/content/items/9c18e49c457447a5876ffb9a342ecfc0/data,,N.31 - BATU LANCANG,53,,100.31177660017927,5.399581799973651
"Pusat Panggilan Nama, Jabatan Perkhidmatan Perbandaran, MBPP",54,40100,,,TANJONG,{5B412F7B-7701-486A-94CC-42D38658E154},,PADANG KOTA,,100.3208889,,07,1,,,AED @ PUSAT PANGGILAN NAMA KONTENA JALAN PADANG VICTORIA,P.049 - TANJONG,,5.42230556,04,TIMOR LAUT,,,,N.26,,P.049,Heart-Safe Penang Programme,DTL,https://vip.mbpp.gov.my/vipportal/sharing/rest/content/items/37b1a9e7254543b5a6480040806a5516/data,,N.26 - PADANG KOTA,54,,100.32088890036789,5.42230555980048
"Pusat Panggilan Nama, Jabatan Perkhidmatan Perbandaran, MBPP",55,40101,,,BUKIT BENDERA,{54DA1CA3-244F-4BAA-A806-BE303893719C},,TANJONG BUNGA,,100.28475,,07,1,,,AED @ PUSAT PANGGILAN NAMA PASAR & KOMPLEKS MAKANAN TANJUNG BUNGAH,P.048 - BUKIT BENDERA,,5.46338889,04,TIMOR LAUT,,,,N.22,,P.048,Heart-Safe Penang Programme,DTL,https://vip.mbpp.gov.my/vipportal/sharing/rest/content/items/c8fc9504c5b149ecb65f03ce5c3eead7/data,,N.22 - TANJONG BUNGA,55,,100.28474999977,5.463388889704201
"Pusat Panggilan Nama, Jabatan Perkhidmatan Perbandaran, MBPP",56,40102,,,JELUTONG,{629579B0-FD1E-425C-9B8B-5918A440CE10},,BATU LANCANG,,100.3059167,,07,1,,,AED @ PUSAT PANGGILAN NAMA PASAR BATU LANCHANG,P.050 - JELUTONG,,5.39005556,04,TIMOR LAUT,,,,N.31,,P.050,Heart-Safe Penang Programme,DTL,https://vip.mbpp.gov.my/vipportal/sharing/rest/content/items/bb1bf76761cd4274acff5ece0c9097d5/data,,N.31 - BATU LANCANG,56,,100.30591670037724,5.390055560310767
"Pusat Panggilan Nama, Jabatan Perkhidmatan Perbandaran, MBPP",57,40103,,,JELUTONG,{B57655A5-61AC-448F-A2B8-170F73EED593},,DATOK KERAMAT,,100.3110833,,07,1,,,AED @ PUSAT PANGGILAN NAMA PASAR JALAN DATO’ KERAMAT,P.050 - JELUTONG,,5.41336111,04,TIMOR LAUT,,,,N.29,,P.050,Heart-Safe Penang Programme,DTL,https://vip.mbpp.gov.my/vipportal/sharing/rest/content/items/c55c633c593d48cd8a067b8aa4e764b6/data,,N.29 - DATOK KERAMAT,57,,100.31108330009293,5.41336110988039
"Pusat Panggilan Nama, Jabatan Perkhidmatan Perbandaran, MBPP",58,40104,,,JELUTONG,{14B619A9-B6D1-4F21-BBFC-ADF7E61DA9A1},,SUNGAI PINANG,,100.32475,,07,1,,,AED @ STOR JABATAN PERKHIDMATAN PERBANDARAN,P.050 - JELUTONG,,5.40591667,04,TIMOR LAUT,,,,N.30,,P.050,Heart-Safe Penang Programme,DTL,https://vip.mbpp.gov.my/vipportal/sharing/rest/content/items/c29fe9e6638a42858c8b7cf405756c92/data,,N.30 - SUNGAI PINANG,58,,100.32474999992185,5.405916669586724
"Pusat Panggilan Nama, Jabatan Perkhidmatan Perbandaran, MBPP",59,40105,,,BUKIT BENDERA,{A0BCF821-8F8F-4A52-9AE0-72EDF756D61A},,PULAU TIKUS,,100.3120556,,07,1,,,AED @ BEKAS KLINIK JALAN PASAR PULAU TIKUS,P.048 - BUKIT BENDERA,,5.43002778,04,TIMOR LAUT,,,,N.25,,P.048,Heart-Safe Penang Programme,DTL,https://vip.mbpp.gov.my/vipportal/sharing/rest/content/items/d4b6ebb2e844410b96aa43cc6ae9bfa7/data\,,N.25 - PULAU TIKUS,59,,100.31205560008267,5.43002777977794
"Pusat Panggilan Nama, Jabatan Perkhidmatan Perbandaran, MBPP",60,40106,,,BUKIT GELUGOR,{EC082F13-FDA5-4523-9C0F-1848686F8184},,AIR ITAM,,100.2961667,,07,1,,,AED @ BEKAS KLINIK KAMPONG BARU,P.051 - BUKIT GELUGOR,,5.40547222,04,TIMOR LAUT,,,,N.33,,P.051,Heart-Safe Penang Programme,DTL,https://vip.mbpp.gov.my/vipportal/sharing/rest/content/items/64056c64c1eb4e54b940df90106f78a4/data,,N.33 - AIR ITAM,60,,100.2961666999225,5.405472219647068
"Pusat Panggilan Nama, Jabatan Perkhidmatan Perbandaran, MBPP",61,40107,,,TANJONG,{CBB76044-FA07-46D9-8F91-56C3925BB6D4},,PENGKALAN KOTA,,100.33,,07,1,,,AED @ BEKAS KLINIK LEBUH PRESSGRAVE,P.049 - TANJONG,,5.41125,04,TIMOR LAUT,,,,N.27,,P.049,Heart-Safe Penang Programme,DTL,https://vip.mbpp.gov.my/vipportal/sharing/rest/content/items/b71133aaa6cc4654bcab45575cf5d289/data,,N.27 - PENGKALAN KOTA,61,,100.32999999955724,5.411250000447794
"Pusat Panggilan Nama, Jabatan Perkhidmatan Perbandaran, MBPP",62,40108,,,TANJONG,{8175C45D-7603-48D9-97E1-B04665262196},,KOMTAR,,100.3346944,,07,1,,,AED @ BEKAS KLINIK PESARA CLAIMANT,P.049 - TANJONG,,5.41683333,04,TIMOR LAUT,,,,N.28,,P.049,Heart-Safe Penang Programme,DTL,https://vip.mbpp.gov.my/vipportal/sharing/rest/content/items/a70f783ecb564297883ac4d7e2d42d03/data,,N.28 - KOMTAR,62,,100.33469440004697,5.416833330139055
KHIDMAT PENGURUSAN,63,40109,,,TANJONG,{4681F1B3-5DB3-407D-9811-242B65ECBAC4},,PENGKALAN KOTA,,100.34064,,07,1,,,AED @ PUSAT LATIHAN LEBUH PANTAI,P.049 - TANJONG,,5.416018,04,TIMOR LAUT,,,,N.27,,P.049,En. Haikal Iskandar bin Mohd. Farid,DTL,https://vip.mbpp.gov.my/vipportal/sharing/rest/content/items/3ef07ae2c3e14be1ac54c37141150d8a/data,,N.27 - PENGKALAN KOTA,63,,100.34063999976144,5.416017999943605
KHIDMAT PENGURUSAN,64,40110,,,BUKIT BENDERA,{F4FB8F5D-2BCE-4138-95D7-3025DF24CEE8},,AIR PUTEH,,100.269887,,07,1,,,AED @ BANGLO BUKIT BENDERA,P.048 - BUKIT BENDERA,,5.42871,04,TIMOR LAUT,,,,N.23,,P.048,En. Lee Sen Hung/En. Lee Teik Boon,DTL,https://vip.mbpp.gov.my/vipportal/sharing/rest/content/items/09d57d68922b44fd90d6ef766f0744bd/data,,N.23 - AIR PUTEH,64,,100.26988700007742,5.428710000100389
KHIDMAT PENGURUSAN,65,50039,,,BAYAN BARU,{8627F2E2-014A-47A6-BCA8-A55F12A879D0},,PANTAI JEREJAK,,100.3025,,07,1,,,"AED @ KESELAMATAN FASA 3, FTZ",P.052 - BAYAN BARU,,5.32368,05,BARAT DAYA,,,,N.36,,P.052,En. Amirul bin Rozali,DBD,https://vip.mbpp.gov.my/vipportal/sharing/rest/content/items/89e35708cf414786a62936983db54725/data,,N.36 - PANTAI JEREJAK,65,,100.30250000030358,5.3236799997946775
KAWALAN BANGUNAN,66,40111,,,TANJONG,{E17651E1-6D00-460F-A2C1-C54393B85744},,KOMTAR,,100.3295752,,07,1,,,"AED @ PARAS 11, JABATAN KAWALAN BANGUNAN, KOMTAR",P.049 - TANJONG,,5.4145452,04,TIMOR LAUT,,,,N.28,,P.049,ZAIDI BIN AHMAD,DTL,https://vip.mbpp.gov.my/vipportal/sharing/rest/content/items/16812cf7a05f4121a0e790c740daeac7/data,,N.28 - KOMTAR,66,,100.32957519983547,5.4145451997350795
KONSERVASI WARISAN,67,40112,,,TANJONG,{523CB5D6-A2D2-4AEF-BA36-18EB10E93888},,PADANG KOTA,,100.3409852,,07,1,,,AED @ TINGKAT BAWAH DEWAN BANDARAN,P.049 - TANJONG,,5.4208758,04,TIMOR LAUT,,,,N.26,,P.049,SITI ZUBAIDAH BINTI MOHAMED,DTL,https://vip.mbpp.gov.my/vipportal/sharing/rest/content/items/4e15dacab40f45acb205d36d9b689f85/data,,N.26 - PADANG KOTA,67,,100.34098520045102,5.420875800168843
PENILAIAN & PENGURUSAN HARTA,68,40113,,,JELUTONG,{02AD2632-E8EF-44C1-A7F9-CDFF0456D392},,SUNGAI PINANG,,100.32467,,07,1,,,AED @ PRP JALAN SUNGAI,P.050 - JELUTONG,,5.40725,04,TIMOR LAUT,,,,N.30,,P.050,Chuah Chong Yeow,DTL,https://vip.mbpp.gov.my/vipportal/sharing/rest/content/items/df5b20402cda472289acb18c0b79d029/data,,N.30 - SUNGAI PINANG,68,,100.32466999962332,5.4072500001011585
PENILAIAN & PENGURUSAN HARTA,69,40114,,,JELUTONG,{C4BD9547-2EA8-4ABB-88F8-79FCDB8C31D5},,DATOK KERAMAT,,100.309888,,07,1,,,AED @ TAMAN FREE SCHOOL,P.050 - JELUTONG,,5.403475,04,TIMOR LAUT,,,,N.29,,P.050,Mohd Idwan bin Mohd Idris,DTL,https://vip.mbpp.gov.my/vipportal/sharing/rest/content/items/7b24da8a28cd4ab39cadaadd55bf444d/data,,N.29 - DATOK KERAMAT,69,,100.30988800019941,5.403475000110129
PENILAIAN & PENGURUSAN HARTA,70,40115,,,TANJONG,{C604E246-C055-42EC-B2DB-1604759A5F34},,KOMTAR,,100.333629,,07,1,,,AED @ PERUMAHAN AWAM LEBUH CINTRA,P.049 - TANJONG,,5.416957,04,TIMOR LAUT,,,,N.28,,P.049,Muhammad Anwar bin Meera Hussain,DTL,https://vip.mbpp.gov.my/vipportal/sharing/rest/content/items/2e293ee71164449f8f942a9deaa2d3de/data,,N.28 - KOMTAR,70,,100.33362900027029,5.416957000263654
PERANCANG PEMBANGUNAN,71,40116,,,TANJONG,{67D745D6-FF95-432D-AF8B-0CA7B87C6072},,KOMTAR,,100.3295752,,07,1,,,"AED @ KAUNTER JABATAN PERANCANGAN PEMBANGUNAN, TINGKAT 16, KOMTAR",P.049 - TANJONG,,5.4145452,04,TIMOR LAUT,,,,N.28,,P.049,LIM CHOOI PING,DTL,https://vip.mbpp.gov.my/vipportal/sharing/rest/content/items/7548f8b91e3a4674afd3a644843285f1/data,,N.28 - KOMTAR,71,,100.32957519983547,5.4145451997350795
PENGURUSAN KORPORAT & KOMUNITI,72,40117,,,BUKIT BENDERA,{BF218FFB-B3B9-49D7-8E2D-894BA7AB48ED},,KEBUN BUNGA,,100.298326,,07,1,,,AED @ TAMAN BANDARAYA (PANGGUNG TERBUKA),P.048 - BUKIT BENDERA,,5.429177,04,TIMOR LAUT,,,,N.24,,P.048,Abdul Rasyidi bin Abdul Rahim,DTL,https://vip.mbpp.gov.my/vipportal/sharing/rest/content/items/096c0d5eb1624b8196e5a81cc48ea20e/data,,N.24 - KEBUN BUNGA,72,,100.29832600030515,5.4291769997383215
PENGURUSAN KORPORAT & KOMUNITI,73,40118,,,JELUTONG,{3A5D67ED-4CC5-4B90-AB58-A373D3A53D16},,DATOK KERAMAT,,100.31406,,07,1,,,AED @ STADIUM BANDARAYA (FASA 2),P.050 - JELUTONG,,5.41185,04,TIMOR LAUT,,,,N.29,,P.050,Muhamad Harmi bin Abdul Rahman,DTL,https://vip.mbpp.gov.my/vipportal/sharing/rest/content/items/985f446de205471e94f421ea657ae9df/data,,N.29 - DATOK KERAMAT,73,,100.31405999964893,5.411849999656365
PENGURUSAN KORPORAT & KOMUNITI,74,50020,,,BALIK PULAU,{56DBCB51-43AE-4589-963A-FC395FA9B371},,BAYAN LEPAS,,100.25754,,07,1,,,AED @ DEWAN KELICAP,P.053 - BALIK PULAU,,5.3002,05,BARAT DAYA,,,,N.38,,P.053,Mohd Hasrul Nizam Bin Hamid,DBD,https://vip.mbpp.gov.my/vipportal/sharing/rest/content/items/ef7c47f77837482f87c4c679c67d5533/data,,N.38 - BAYAN LEPAS,74,,100.25754000035211,5.300199999943433
LANDSKAP,75,50021,,,BALIK PULAU,{6A7732C5-EFDE-4E06-A96D-C62CB4B113AC},,TELOK BAHANG,,100.20348,,07,1,,,AED @ GELANGGANG BOLA KERANJANG KUALA JALAN BARU,P.053 - BALIK PULAU,,5.35647,05,BARAT DAYA,,,,N.40,,P.053,Muhammad Syukur bin Azib,DBD,https://vip.mbpp.gov.my/vipportal/sharing/rest/content/items/52b9214e148d4545aec183fa4e2e8aad/data,,N.40 - TELOK BAHANG,75,,100.20348000041476,5.356469999979715
PENGURUSAN KORPORAT & KOMUNITI,76,40119,,,BUKIT BENDERA,{5171F622-1C0F-410C-8434-A1E31F769A89},,AIR PUTEH,,100.292371,,07,1,,,AED @ GELANGGANG FUTSAL PADANG TEMBAK,P.048 - BUKIT BENDERA,,5.407172,04,TIMOR LAUT,,,,N.23,,P.048,Silvandran A/L Andy,DTL,https://vip.mbpp.gov.my/vipportal/sharing/rest/content/items/9c5799774647499882cde9a094c2f0d6/data,,N.23 - AIR PUTEH,76,,100.2923709999007,5.407172000325158
PENGURUSAN KORPORAT & KOMUNITI,77,40120,,,BUKIT BENDERA,{54AF3C83-64AD-455D-97BF-1523A3853DAA},,KEBUN BUNGA,,100.29191,,07,1,,,AED @ BALAI RAKYAT PADANG TEMBAK,P.048 - BUKIT BENDERA,,5.40899,04,TIMOR LAUT,,,,N.24,,P.048,Silvandran A/L Andy,DTL,https://vip.mbpp.gov.my/vipportal/sharing/rest/content/items/212f117ce3874e4db3149867c646ffc0/data,,N.24 - KEBUN BUNGA,77,,100.29190999992932,5.408989999758715
LANDSKAP,78,40121,,,BUKIT BENDERA,{BFB25055-F663-4E46-AE1B-11833F2835A6},,KEBUN BUNGA,,100.29703,,07,1,,,AED @ PEJABAT PUSAT INFORMASI (JABATAN LANDSKAP),P.048 - BUKIT BENDERA,,5.42663,04,TIMOR LAUT,,,,N.24,,P.048,Puan Zatul Asmah bin Mat Isa,DTL,https://vip.mbpp.gov.my/vipportal/sharing/rest/content/items/87afbc77708643028d9f08e549f989c4/data,,N.24 - KEBUN BUNGA,78,,100.29703000031826,5.426630000112739
LANDSKAP,79,40122,,,BUKIT BENDERA,{F12FEE7C-2CB3-414F-ACAD-AD5EE8F0574A},,KEBUN BUNGA,,100.30102,,07,1,,,AED @ PEJABAT TAPAK SEMAIAN,P.048 - BUKIT BENDERA,,5.42571,04,TIMOR LAUT,,,,N.24,,P.048,Nurayuni binti Abdul Hamid,DTL,https://vip.mbpp.gov.my/vipportal/sharing/rest/content/items/8cd60f0e10534776aaa2ff56ad0d4c93/data,,N.24 - KEBUN BUNGA,79,,100.30101999956649,5.425710000133273
LANDSKAP,80,40123,,,BUKIT BENDERA,{9F576FF2-3C46-46F9-815B-537DE69FDE10},,KEBUN BUNGA,,100.30133,,07,1,,,AED @ PEJABAT UNIT ARBORIS,P.048 - BUKIT BENDERA,,5.42667,04,TIMOR LAUT,,,,N.24,,P.048,Muhammad Farezudin Syah bin Zafarin,DTL,https://vip.mbpp.gov.my/vipportal/sharing/rest/content/items/5f000d223fa64317a80724fe30d5cccd/data,,N.24 - KEBUN BUNGA,80,,100.30133000003305,5.426670000114677
LANDSKAP,81,40124,,,TANJONG,{B400D597-B91D-4D36-9A87-1E3A76FB6060},,KOMTAR,,100.31938,,07,1,,,AED @ TAMAN TRAFIK,P.049 - TANJONG,,5.41698,04,TIMOR LAUT,,,,N.28,,P.049,Nurayuni binti Abdul Hamid,DTL,https://vip.mbpp.gov.my/vipportal/sharing/rest/content/items/056370acb1c84068a41b00067ed9887f/data\,,N.28 - KOMTAR,81,,100.31938000029831,5.416979999691939
LANDSKAP,82,40125,,,TANJONG,{35B29CEE-8A13-455E-BCC9-3E2B30CE9DF0},,PADANG KOTA,,100.342752,,07,1,,,AED @ PADANG KOTA,P.049 - TANJONG,,5.420672,04,TIMOR LAUT,,,,N.26,,P.049,Muhammad Syukur bin Azib,DTL,https://vip.mbpp.gov.my/vipportal/sharing/rest/content/items/af624f90babf4a28a59442f80fbf7def/data,,N.26 - PADANG KOTA,82,,100.3427520001935,5.420671999778604
LANDSKAP,83,40126,,,TANJONG,{DF5BABE5-AB5D-480D-BF2C-558232ED74D7},,PENGKALAN KOTA,,100.33393,,07,1,,,AED @ TAMAN KEJIRANAN MACALLUM,P.049 - TANJONG,,5.4047,04,TIMOR LAUT,,,,N.27,,P.049,Muhammad Syukur bin Azib,DTL,https://vip.mbpp.gov.my/vipportal/sharing/rest/content/items/41837c3ddbec4a6d97367cd244c74803/data,,N.27 - PENGKALAN KOTA,83,,100.33393000031494,5.404699999736526
LANDSKAP,84,50022,,,BALIK PULAU,{231476DD-F70E-413A-B61D-C3708581C851},,BAYAN LEPAS,,100.25223,,07,1,,,AED @ ANJUNG INDAH,P.053 - BALIK PULAU,,5.35032,05,BARAT DAYA,,,,N.38,,P.053,Muhammad Syukur bin Azib,DBD,https://vip.mbpp.gov.my/vipportal/sharing/rest/content/items/a329bc5a7d1a490bbccc04ea5b3c2457/data,,N.38 - BAYAN LEPAS,84,,100.252230000057,5.35031999980997
LANDSKAP,85,40127,,,BUKIT GELUGOR,{6E0ABD75-2059-434F-AF69-A63487EB0A74},,PAYA TERUBONG,,100.28365,,07,1,,,AED @ MEDAN ANGSANA,P.051 - BUKIT GELUGOR,,5.38962,04,TIMOR LAUT,,,,N.34,,P.051,Muhammad Syukur bin Azib,DTL,https://vip.mbpp.gov.my/vipportal/sharing/rest/content/items/6fc7939a026441e1a95ccd8a96d51829/data,,N.34 - PAYA TERUBONG,85,,100.28364999962056,5.389619999806599
LANDSKAP,86,40128,,,BUKIT GELUGOR,{7575E9BB-03A7-449F-98F7-09B4984CFE67},,AIR ITAM,,100.28988,,07,1,,,AED @ TANAH LAPANG DESA MAWAR,P.051 - BUKIT GELUGOR,,5.4002,04,TIMOR LAUT,,,,N.33,,P.051,Muhammad Syukur bin Azib,DTL,https://vip.mbpp.gov.my/vipportal/sharing/rest/content/items/11d71a25e05c403b9d8bb9e7ee9eb7f7/data,,N.33 - AIR ITAM,86,,100.28988000032281,5.400199999894852
LANDSKAP,87,50040,,,BAYAN BARU,{126F4B33-9B02-4541-B2DB-F05DC2B921F6},,PANTAI JEREJAK,,100.3001,,07,1,,,AED @ TAMAN KEJIRANAN SRI NIBONG,P.052 - BAYAN BARU,,5.33249,05,BARAT DAYA,,,,N.36,,P.052,Muhammad Syukur bin Azib,DBD,https://vip.mbpp.gov.my/vipportal/sharing/rest/content/items/79135fbbb30f4bd8af7db3a6157b89f2/data,,N.36 - PANTAI JEREJAK,87,,100.30009999986105,5.33248999986024
LANDSKAP,88,40129,,,BUKIT GELUGOR,{96948F03-E1EC-4210-B13E-1D4819BEEAF7},,SERI DELIMA,,100.2996155,,07,1,,,AED @ TAMAN KEJIRANAN KARPAL SINGH LORONG DELIMA 11,P.051 - BUKIT GELUGOR,,5.380312,04,TIMOR LAUT,,,,N.32,,P.051,Muhammad Syukur bin Azib,DTL,https://vip.mbpp.gov.my/vipportal/sharing/rest/content/items/8a465b317ea74ed295675bb1a5921887/data,,N.32 - SERI DELIMA,88,,100.29961550033782,5.380311999913104
LANDSKAP,89,40130,,,BUKIT GELUGOR,{CC5674FB-46AA-40EA-B196-BB3281A4FFAA},,SERI DELIMA,,100.30228,,07,1,,,AED @ TANAH LAPANG JAPANESE GARDEN,P.051 - BUKIT GELUGOR,,5.39661,04,TIMOR LAUT,,,,N.32,,P.051,Muhammad Syukur bin Azib,DTL,https://vip.mbpp.gov.my/vipportal/sharing/rest/content/items/fa3b7cb3e8694ad5a9b45362376cfdf5/data,,N.32 - SERI DELIMA,89,,100.30227999984506,5.396609999833748
LANDSKAP,90,40131,,,BAYAN BARU,{FEA30F8E-4112-40A6-9D7B-67141C703714},,BATU UBAN,,100.29532,,07,1,,,AED @ TAMAN KEJIRANAN LEBUH NIPAH 2,P.052 - BAYAN BARU,,5.33698,04,TIMOR LAUT,,,,N.35,,P.052,Muhammad Syukur bin Azib,DTL,https://vip.mbpp.gov.my/vipportal/sharing/rest/content/items/a6f8528218fa4590abda0c9b2ff95ef6/data,,N.35 - BATU UBAN,90,,100.29532000036619,5.3369799996535185
LANDSKAP,91,50023,,,BAYAN BARU,{A3FC6B64-8B96-471F-B0CF-85C48823BBEB},,BATU MAUNG,,100.2783,,07,1,,,AED @ TAMAN KEJIRANAN SUNWAY TUNAS,P.052 - BAYAN BARU,,5.3265,05,BARAT DAYA,,,,N.37,,P.052,Muhammad Syukur bin Azib,DBD,https://vip.mbpp.gov.my/vipportal/sharing/rest/content/items/70ba9b773c7347f6b530a7804b9c0e1a/data,,N.37 - BATU MAUNG,91,,100.27830000027785,5.326499999725517
LANDSKAP,93,40133,,,BUKIT BENDERA,{0AD5BB1D-A405-472F-A5A2-F6AE189D22AA},,PULAU TIKUS,,100.31631,,07,4,,,AED @ GURNEY BAY (2 UNIT),P.048 - BUKIT BENDERA,,5.43434,04,TIMOR LAUT,,,,N.25,,P.048,Muhamad Fadzli bin Ismail,DTL,https://vip.mbpp.gov.my/vipportal/sharing/rest/content/items/21bf568f602a43ff96e968c26b504611/data,,N.25 - PULAU TIKUS,93,,100.31630999971293,5.434340000274069
,112,50024,,,BALIK PULAU,{8C47DD5D-9D77-45F4-8F17-57DF90E2F3F4},,PULAU BETONG,,100.24070155,,07,1,,,"AED @ MARKER SPACE, BALIK PULAU",P.053 - BALIK PULAU,Zoll AED 3,5.35156852,05,BARAT DAYA,,2023,,N.39,,P.053,,DBD,,,N.39 - PULAU BETONG,94,,100.24070155023917,5.351568520135032
,118,40134,,,BUKIT GELUGOR,{D4030D94-A5FA-4E51-815C-7C4C84140259},,AIR ITAM,,100.29628296,,07,1,,,AED @ PASAR KAMPONG BARU,P.051 - BUKIT GELUGOR,Zoll AED 3,5.40578395,04,TIMOR LAUT,,2023,,N.33,,P.051,,DTL,,,N.33 - AIR ITAM,95,,100.29628296014815,5.405783949853407
,124,40135,,,TANJONG,{682630FD-34AE-4B14-921B-A718692434BA},,PADANG KOTA,,100.34137118,,07,1,,,"AED @ BANGUNAN CITY HALL, PADANG KOTA",P.049 - TANJONG,Zoll AED Plus ,5.42128541,04,TIMOR LAUT,,2024,,N.26,,P.049,,DTL,,,N.26 - PADANG KOTA,96,,100.34137117995817,5.421285409774745
,125,40136,,,TANJONG,{FD074F29-136B-4706-B0FC-8F148D4CAFF9},,KOMTAR,,100.33057094,,07,1,,,"AED @ TINGKAT 17, KOMTAR",P.049 - TANJONG,Zoll AED Plus ,5.4150094,04,TIMOR LAUT,,2024,,N.28,,P.049,,DTL,,,N.28 - KOMTAR,97,,100.33057094017336,5.415009399553063
,174,50025,,,BALIK PULAU,{6202AFCF-4021-497C-93D3-E4790AFAE82F},,BAYAN LEPAS,,100.26724019,,07,1,,,AED @ TAMAN JAJAR SUNGAI ARA,P.053 - BALIK PULAU,Zoll AED Plus,5.32423214,05,BARAT DAYA,,2025,,N.38,,P.053,,DBD,,,N.38 - BAYAN LEPAS,98,,100.26724018988259,5.324232139877555
,183,40137,,,TANJONG,{79B44F3D-3CCB-46E5-8005-CFEB730D830A},,KOMTAR,,100.32976131,,07,1,,,AED @ RUANG LEGAR PEJABAT DATUK BANDAR,P.049 - TANJONG,Zoll AED Plus,5.41458339,04,TIMOR LAUT,,2026,,N.28,,P.049,,DTL,,,N.28 - KOMTAR,99,,100.32976131031032,5.414583389733041
,184,50041,,,BAYAN BARU,{4E95E204-341C-4BF2-AB68-5204D5D2A534},,BATU MAUNG,,100.28348538,,07,1,,,AED @ PEJABAT FIZ FASA II,P.052 - BAYAN BARU,Zoll AED Plus,5.31287397,05,BARAT DAYA,,2026,,N.37,,P.052,,DBD,,,N.37 - BATU MAUNG,100,,100.28348538011868,5.31287396958546
,185,40138,,,TANJONG,{2AE208F9-4E52-41B5-957C-9396F31470DE},,KOMTAR,,100.32928769,,07,1,,,"AED @ RUANG LEGAR KAUNTER PERTANYAAN TINGKAT 3, KOMTAR",P.049 - TANJONG,Zoll AED Plus,5.41530071,04,TIMOR LAUT,,2026,,N.28,,P.049,,DTL,,,N.28 - KOMTAR,101,,100.32928768978765,5.4153007102421
,186,40139,,,BUKIT BENDERA,{DC68B2EC-EA0E-4EA8-8CD7-390155A56170},,AIR PUTEH,,100.26059416,,07,1,,,"AED @ BANGLO SOUTHVIEW, BUKIT BENDERA",P.048 - BUKIT BENDERA,Zoll AED Plus,5.41489258,04,TIMOR LAUT,,2026,,N.23,,P.048,,DTL,,,N.23 - AIR PUTEH,102,,100.2605941604201,5.4148925798319105
,187,40140,,,JELUTONG,{41554BBF-309A-4505-AE21-3277210FA7B0},,BATU LANCANG,,100.3064847,,07,1,,,AED @ SKIM PERUMAHAN AWAM LINTANG BATU LANCANG - 2 UNIT AED,P.050 - JELUTONG,Zoll AED Plus,5.39241805,04,TIMOR LAUT,,2026,,N.31,,P.050,,DTL,,,N.31 - BATU LANCANG,103,,100.30648470037592,5.3924180496987315
,188,40141,,,TANJONG,{E34729B6-42FF-4A39-B011-F302C25EAB44},,KOMTAR,,100.33012291,,07,1,,,"AED @ UNIT SMIDAT, TINGKAT 11, KOMTAR",P.049 - TANJONG,Zoll AED Plus,5.4148115,04,TIMOR LAUT,,2026,,N.28,,P.049,,DTL,,,N.28 - KOMTAR,104,,100.33012291016847,5.414811499884352
,189,40142,,,BAYAN BARU,{3C0DB90B-7D9F-42D1-92D0-A12CBF8E7D53},,BATU UBAN,,100.28148226,,07,1,,,AED @ ROLLCALL KONTENA RELAU,P.052 - BAYAN BARU,Zoll AED Plus,5.33239547,04,TIMOR LAUT,,2026,,N.35,,P.052,,DTL,,,N.35 - BATU UBAN,105,,100.2814822601523,5.33239546988383
,190,40143,,,BUKIT BENDERA,{D38E1DCA-508C-4784-8505-C2CFCF0FBC5B},,TANJONG BUNGA,,100.28956237,,07,1,,,AED @ ROLLCALL KONTENA JALAN OLDHAM,P.048 - BUKIT BENDERA,Zoll AED Plus,5.4657511,04,TIMOR LAUT,,2026,,N.22,,P.048,,DTL,,,N.22 - TANJONG BUNGA,106,,100.28956237002399,5.465751099593786
,191,40144,,,TANJONG,{E41B1467-57AF-4FC4-B494-6BBA72515368},,PADANG KOTA,,100.33010128,,07,1,,,AED @ ROLLCALL HUTTON LANE,P.049 - TANJONG,Zoll AED Plus,5.42133111,04,TIMOR LAUT,,2026,,N.26,,P.049,,DTL,,,N.26 - PADANG KOTA,107,,100.33010127994079,5.42133111007171
,192,40145,,,TANJONG,{D971B020-1B01-4145-9237-BD8392DB5691},,PADANG KOTA,,100.3402293,,07,1,,,AED @ KOMPLEKS LITTLE INDIA,P.049 - TANJONG,Zoll AED Plus,5.41945128,04,TIMOR LAUT,,2026,,N.26,,P.049,,DTL,,,N.26 - PADANG KOTA,108,,100.34022929972612,5.41945128037099
,193,40146,,,TANJONG,{DE3952EA-7A2C-4182-966A-DB74BC911774},,PADANG KOTA,,100.33696773,,07,1,,,AED @ KOMPLEKS LEBUH PITT,P.049 - TANJONG,Zoll AED Plus,5.42098932,04,TIMOR LAUT,,2026,,N.26,,P.049,,DTL,,,N.26 - PADANG KOTA,109,,100.33696772956527,5.4209893202945345
,194,40147,,,TANJONG,{7EB45347-6CCA-4003-9445-25BA984AC69C},,PADANG KOTA,,100.337926,,07,1,,,AED @ KOMPLEKS LORONG STEWART,P.049 - TANJONG,Zoll AED Plus,5.419125,04,TIMOR LAUT,,2026,,N.26,,P.049,,DTL,,,N.26 - PADANG KOTA,110,,100.337926000417,5.419125000004987
,195,40148,,,BUKIT BENDERA,{7A29DF8D-BA8D-49C7-A7C1-AFE998649EFD},,PULAU TIKUS,,100.32031785,,07,1,,,AED @ KOMPLEKS PERSIARAN GURNEY,P.048 - BUKIT BENDERA,Zoll AED Plus,5.42976193,04,TIMOR LAUT,,2026,,N.25,,P.048,,DTL,,,N.25 - PULAU TIKUS,111,,100.32031784957054,5.429761930415564
,196,40149,,,TANJONG,{D1420A25-AC08-4D7F-AD4D-40F9F0935B28},,KOMTAR,,100.33736598,,07,1,,,AED @ KOMPLEKS PENGKALAN WELD,P.049 - TANJONG,Zoll AED Plus,5.41408247,04,TIMOR LAUT,,2026,,N.28,,P.049,,DTL,,,N.28 - KOMTAR,112,,100.33736598003046,5.414082469867318
,197,40150,,,BUKIT BENDERA,{7F608146-6FED-4541-8652-A3BDC216AFBD},,TANJONG BUNGA,,100.30907375,,07,1,,,AED @ KOMPLEKS DESIRAN TANJUNG,P.048 - BUKIT BENDERA,Zoll AED Plus,5.45258279,04,TIMOR LAUT,,2026,,N.22,,P.048,,DTL,,,N.22 - TANJONG BUNGA,113,,100.30907374986974,5.45258278988276
,198,40151,,,BUKIT BENDERA,{84667C6B-1DB8-4AC1-A144-26F7ED38FC46},,TANJONG BUNGA,,100.30844075,,07,1,,,AED @ KOMPLEKS TANJUNG SELERA,P.048 - BUKIT BENDERA,Zoll AED Plus,5.45262551,04,TIMOR LAUT,,2026,,N.22,,P.048,,DTL,,,N.22 - TANJONG BUNGA,114,,100.30844075015166,5.45262551043762
,199,40152,,,TANJONG,{F8FE0443-B419-4FBD-8E36-996DB016390A},,PADANG KOTA,,100.33545444,,07,1,,,AED @ PASAR LEBUH CAMPBELL,P.049 - TANJONG,Zoll AED Plus,5.41740074,04,TIMOR LAUT,,2026,,N.26,,P.049,,DTL,,,N.26 - PADANG KOTA,115,,100.33545444007726,5.417400739810125
,200,50026,,,BALIK PULAU,{ACCFDC98-0277-4613-B2F1-76AE43BBADA0},,TELOK BAHANG,,100.21356397,,07,1,,,AED @ PASAR TELUK BAHANG,P.053 - BALIK PULAU,Zoll AED Plus,5.45762805,05,BARAT DAYA,,2026,,N.40,,P.053,,DBD,,,N.40 - TELOK BAHANG,116,,100.21356397021063,5.457628049870563
,201,40153,,,TANJONG,{DD657455-7BA0-4A8D-BA6A-E4A20EF014A4},,PADANG KOTA,,100.34378955,,07,1,,,AED @ TPS LEBUH DOWNING,P.049 - TANJONG,Zoll AED Plus,5.41805494,04,TIMOR LAUT,,2026,,N.26,,P.049,,DTL,,,N.26 - PADANG KOTA,117,,100.34378954984035,5.418054939762388
,202,40154,,,JELUTONG,{485C8FE5-DFAD-4221-A1DE-01A3C9696805},,SUNGAI PINANG,,100.31523471,,07,1,,,AED @ TPS JALAN LARUT,P.050 - JELUTONG,Zoll AED Plus,5.40080892,04,TIMOR LAUT,,2026,,N.30,,P.050,,DTL,,,N.30 - SUNGAI PINANG,118,,100.31523471034535,5.400808920115135
,203,40155,,,BUKIT BENDERA,{8F3B0A41-9D3C-4355-8FDD-E633F1A17BD3},,PULAU TIKUS,,100.3086892,,07,1,,,AED @ TP ANJUNG GURNEY,P.048 - BUKIT BENDERA,Zoll AED Plus,5.44033346,04,TIMOR LAUT,,2026,,N.25,,P.048,,DTL,,,N.25 - PULAU TIKUS,119,,100.30868919994242,5.44033345960134
,204,40156,,,BUKIT BENDERA,{47CC3440-9C1E-46FB-A391-76873AA951DB},,TANJONG BUNGA,,100.28873742,,07,1,,,AED @ TP LEBUH LEMBAH PERMAI,P.048 - BUKIT BENDERA,Zoll AED Plus,5.45953504,04,TIMOR LAUT,,2026,,N.22,,P.048,,DTL,,,N.22 - TANJONG BUNGA,120,,100.28873742019154,5.45953504026236
,205,40157,,,BUKIT BENDERA,{00CAF43A-69DD-4EC2-A945-84DB72FC1B88},,TANJONG BUNGA,,100.29079198,,07,1,,,AED @ TPS TANJUNG TOKONG,P.048 - BUKIT BENDERA,Zoll AED Plus,5.45471572,04,TIMOR LAUT,,2026,,N.22,,P.048,,DTL,,,N.22 - TANJONG BUNGA,121,,100.29079198018032,5.454715720303919
,206,40158,,,JELUTONG,{9739DAAB-0ABA-4589-89ED-CF10639737C8},,BATU LANCANG,,100.31489675,,07,1,,,AED @ TPS JALAN JOHOR/JALAN ANSON,P.050 - JELUTONG,Zoll AED Plus,5.39979421,04,TIMOR LAUT,,2026,,N.31,,P.050,,DTL,,,N.31 - BATU LANCANG,122,,100.31489674957932,5.399794210095224
,207,40159,,,JELUTONG,{BB7808AA-3080-485F-9DF9-536B15FA1CE7},,SUNGAI PINANG,,100.31352219,,07,1,,,AED @ TPS JALAN JOHOR/JALAN DATO KERAMAT,P.050 - JELUTONG,Zoll AED Plus,5.38806473,04,TIMOR LAUT,,2026,,N.30,,P.050,,DTL,,,N.30 - SUNGAI PINANG,123,,100.31352219006438,5.388064730286346
,208,40160,,,JELUTONG,{28298A57-6DA1-4593-8597-30235FA9872D},,BATU LANCANG,,100.31280873,,07,1,,,AED @ TPS JALAN UTAMA,P.050 - JELUTONG,Zoll AED Plus,5.38870561,04,TIMOR LAUT,,2026,,N.31,,P.050,,DTL,,,N.31 - BATU LANCANG,124,,100.31280873020815,5.388705610203245
,209,40161,,,BUKIT BENDERA,{5500A541-AE86-43E6-88A6-EA23B536D8D4},,PULAU TIKUS,,100.31500942,,07,1,,,AED @ TPS LENGKOK BURMA,P.048 - BUKIT BENDERA,Zoll AED Plus,5.4276388,04,TIMOR LAUT,,2026,,N.25,,P.048,,DTL,,,N.25 - PULAU TIKUS,125,,100.31500941963048,5.427638800140713
,210,40162,,,BUKIT BENDERA,{B9ECB8F8-4D06-427F-A4B5-7D3C7E5EE727},,KEBUN BUNGA,,100.28793309,,07,1,,,AED @ TPS HILL TRACE,P.048 - BUKIT BENDERA,Zoll AED Plus,5.41939443,04,TIMOR LAUT,,2026,,N.24,,P.048,,DTL,,,N.24 - KEBUN BUNGA,126,,100.2879330902338,5.419394429605211
,211,40163,,,BUKIT GELUGOR,{D889BCA0-C876-4BC2-B59A-F0C49CB360E1},,SERI DELIMA,,100.30209485,,07,1,,,AED @ KOMPLEKS/PASAR JALAN PERMAI,P.051 - BUKIT GELUGOR,Zoll AED Plus,5.37192473,04,TIMOR LAUT,,2026,,N.32,,P.051,,DTL,,,N.32 - SERI DELIMA,127,,100.30209485011075,5.371924730038917
,212,40164,,,BAYAN BARU,{F85CA87A-A626-4229-85C9-BF92A60F7704},,PANTAI JEREJAK,,100.29911636,,07,1,,,AED @ KOMPLEKS MEDAN SURI,P.052 - BAYAN BARU,Zoll AED Plus,5.34110772,04,TIMOR LAUT,,2026,,N.36,,P.052,,DTL,,,N.36 - PANTAI JEREJAK,128,,100.29911635999542,5.34110771990376
,213,40165,,,BAYAN BARU,{5CFEBB51-168C-41BB-9F32-6BB4E48DBA14},,BATU UBAN,,100.2970252,,07,1,,,AED @ KOMPLEKS LEBUH NIPAH,P.052 - BAYAN BARU,Zoll AED Plus,5.33999059,04,TIMOR LAUT,,2026,,N.35,,P.052,,DTL,,,N.35 - BATU UBAN,129,,100.29702520022559,5.339990589787466
,214,50027,,,BAYAN BARU,{66EF4B86-E6FF-4355-AC16-A414492B3523},,PANTAI JEREJAK,,100.28722951,,07,1,,,AED @ KOMPLEKS/PASAR BAYAN BARU,P.052 - BAYAN BARU,Zoll AED Plus,5.32479014,05,BARAT DAYA,,2026,,N.36,,P.052,,DBD,,,N.36 - PANTAI JEREJAK,130,,100.28722951013181,5.324790140012521
,215,50028,,,BAYAN BARU,{F134CB89-2009-4FF9-8250-00E20EF0FA97},,BATU MAUNG,,100.28360404,,07,1,,,AED @ KOMPLEKS BKT GEDUNG,P.052 - BAYAN BARU,Zoll AED Plus,5.31625959,05,BARAT DAYA,,2026,,N.37,,P.052,,DBD,,,N.37 - BATU MAUNG,131,,100.28360403965394,5.316259590091698
,216,40166,,,JELUTONG,{D1876806-3A31-4F18-91B7-6BF7B7372A9F},,BATU LANCANG,,100.30594455,,07,1,,,AED @ KOMPLEKS BATU LANCHANG,P.050 - JELUTONG,Zoll AED Plus,5.38985721,04,TIMOR LAUT,,2026,,N.31,,P.050,,DTL,,,N.31 - BATU LANCANG,132,,100.30594455002993,5.389857209876087
,217,50029,,,BALIK PULAU,{8BC7EE21-5839-474E-BAD7-5737BEF6D078},,BAYAN LEPAS,,100.25001344,,07,1,,,AED @ KOMPLEKS/PASAR TELUK KUMBAR HEIGHTS,P.053 - BALIK PULAU,Zoll AED Plus,5.28906225,05,BARAT DAYA,,2026,,N.38,,P.053,,DBD,,,N.38 - BAYAN LEPAS,133,,100.2500134397936,5.289062249718653
,218,40167,,,JELUTONG,{87CDAA52-42D4-462D-B518-81DD87355AFE},,SUNGAI PINANG,,100.31328616,,07,1,,,AED @ TPS JALAN JELUTONG,P.050 - JELUTONG,Zoll AED Plus,5.38803268,04,TIMOR LAUT,,2026,,N.30,,P.050,,DTL,,,N.30 - SUNGAI PINANG,134,,100.31328616006391,5.388032680105934
,219,50030,,,BAYAN BARU,{C1430B9C-7CA5-4F9E-82CA-4D5D5115737B},,BATU MAUNG,,100.27924211,,07,1,,,AED @ KOMPLEKS DESA MAYANG,P.052 - BAYAN BARU,Zoll AED Plus,5.31902497,05,BARAT DAYA,,2026,,N.37,,P.052,,DBD,,,N.37 - BATU MAUNG,135,,100.27924211022695,5.3190249700768
,220,50031,,,BAYAN BARU,{E9551040-B670-41CD-9FD1-5AF910968102},,BATU MAUNG,,100.27342369,,07,1,,,AED @ TPS BATU MAUNG,P.052 - BAYAN BARU,Zoll AED Plus,5.28208145,05,BARAT DAYA,,2026,,N.37,,P.052,,DBD,,,N.37 - BATU MAUNG,136,,100.27342368997436,5.282081450041458
,221,50032,,,BALIK PULAU,{788F103A-F1BE-4838-8B09-A54417357864},,BAYAN LEPAS,,100.25756561,,07,1,,,AED @ KOMPLEKS SRI BAYU,P.053 - BALIK PULAU,Zoll AED Plus,5.29592048,05,BARAT DAYA,,2026,,N.38,,P.053,,DBD,,,N.38 - BAYAN LEPAS,137,,100.2575656097878,5.295920479771862
,222,40168,,,JELUTONG,{21C1A065-93B6-4765-A81D-BE1D09CE06FE},,DATOK KERAMAT,,100.31420343,,07,1,,,AED @ KOMPLEKS LORONG KULIT,P.050 - JELUTONG,Zoll AED Plus,5.41287701,04,TIMOR LAUT,,2026,,N.29,,P.050,,DTL,,,N.29 - DATOK KERAMAT,138,,100.314203430099,5.412877010105952
,223,40169,,,JELUTONG,{71641E66-9550-4511-9AD1-462637E96333},,DATOK KERAMAT,,100.31561963,,07,1,,,AED @ KOMPLEKS ASTAKA STADIUM JLN PERAK,P.050 - JELUTONG,Zoll AED Plus,5.41223615,04,TIMOR LAUT,,2026,,N.29,,P.050,,DTL,,,N.29 - DATOK KERAMAT,139,,100.31561962962694,5.412236149718509
,224,40170,,,JELUTONG,{289B9B88-1739-489A-ADFF-328CFA71905D},,DATOK KERAMAT,,100.30881534,,07,1,,,AED @ TPS TAMAN FREE SCHOOL PAGI,P.050 - JELUTONG,Zoll AED Plus,5.40503602,04,TIMOR LAUT,,2026,,N.29,,P.050,,DTL,,,N.29 - DATOK KERAMAT,140,,100.30881534024432,5.405036020444123
,225,40171,,,JELUTONG,{97F3C356-F770-483E-BE6A-6E13300462E9},,DATOK KERAMAT,,100.31121859,,07,1,,,AED @ TPS TAMAN FREE SCHOOL PADANG,P.050 - JELUTONG,Zoll AED Plus,5.40601868,04,TIMOR LAUT,,2026,,N.29,,P.050,,DTL,,,N.29 - DATOK KERAMAT,141,,100.31121858992752,5.406018679973242
,226,40172,,,JELUTONG,{2480FABF-12B1-40E5-9ACF-0056C6A8635F},,DATOK KERAMAT,,100.31593835,,07,1,,,AED @ TPS SRI TANJUNG,P.050 - JELUTONG,Zoll AED Plus,5.40439424,04,TIMOR LAUT,,2026,,N.29,,P.050,,DTL,,,N.29 - DATOK KERAMAT,142,,100.31593834999559,5.404394240287663
,227,40173,,,BUKIT GELUGOR,{B1938AAB-A878-4A29-8A18-14EFE007BB16},,PAYA TERUBONG,,100.2863374,,07,1,,,AED @ TPS LEBUHRAYA THEAN TEIK,P.051 - BUKIT GELUGOR,Zoll AED Plus,5.3929784,04,TIMOR LAUT,,2026,,N.34,,P.051,,DTL,,,N.34 - PAYA TERUBONG,143,,100.28633740030926,5.392978399551168
,228,40174,,,JELUTONG,{784797B9-84F9-4171-A81C-F9968150B6AF},,SUNGAI PINANG,,100.32077785,,07,1,,,AED @ TPS MUTIARA VISTA,P.050 - JELUTONG,Zoll AED Plus,5.39862629,04,TIMOR LAUT,,2026,,N.30,,P.050,,DTL,,,N.30 - SUNGAI PINANG,144,,100.32077785015402,5.398626290199418
,229,40175,,,JELUTONG,{6F30F4BA-2146-4C66-8DAE-17727F7A7D67},,SUNGAI PINANG,,100.32475426,,07,1,,,AED @ KOMPLEKS JALAN SUNGAI,P.050 - JELUTONG,Zoll AED Plus,5.40739005,04,TIMOR LAUT,,2026,,N.30,,P.050,,DTL,,,N.30 - SUNGAI PINANG,145,,100.32475426029804,5.407390050074364
,230,40176,,,JELUTONG,{A53CB390-7F4D-43ED-A609-7EC939CD0C9F},,SUNGAI PINANG,,100.32110739,,07,1,,,AED @ TPS LINTANG KG RAWA 1,P.050 - JELUTONG,Zoll AED Plus,5.40704873,04,TIMOR LAUT,,2026,,N.30,,P.050,,DTL,,,N.30 - SUNGAI PINANG,146,,100.32110738991017,5.407048730425328
,231,50033,,,BAYAN BARU,{E1E2F038-A36B-4AEA-B048-447E6F9F2EFA},,PANTAI JEREJAK,,100.28461284,,07,1,,,AED @ TPS LA SALLE,P.052 - BAYAN BARU,Zoll AED Plus,5.32563987,05,BARAT DAYA,,2026,,N.36,,P.052,,DBD,,,N.36 - PANTAI JEREJAK,147,,100.28461284001136,5.32563986956484
,232,40177,,,BUKIT GELUGOR,{CC40F0C5-BE08-4221-A89B-08B2ED474E8D},,SERI DELIMA,,100.30602794,,07,1,,,AED @ ASTAKA TAMAN TUN SARDON,P.051 - BUKIT GELUGOR,Zoll AED Plus,5.36901563,04,TIMOR LAUT,,2026,,N.32,,P.051,,DTL,,,N.32 - SERI DELIMA,148,,100.30602794011811,5.369015630135147
,233,40178,,,BUKIT BENDERA,{B8FC76B3-B7B1-4F8A-8E80-BEB10CF94ABB},,KEBUN BUNGA,,100.28999034,,07,1,,,AED @ KOMPLEKS PADANG TEMBAK,P.048 - BUKIT BENDERA,Zoll AED Plus,5.41029951,04,TIMOR LAUT,,2026,,N.24,,P.048,,DTL,,,N.24 - KEBUN BUNGA,149,,100.28999034018818,5.410299509693053
,234,50034,,,BALIK PULAU,{6E272D09-D661-431B-8820-2A86ACE27342},,PULAU BETONG,,100.21271853,,07,1,,,AED @ KOMPLEKS MAKANAN RIMBUN,P.053 - BALIK PULAU,Zoll AED Plus,5.32654441,05,BARAT DAYA,,2026,,N.39,,P.053,,DBD,,,N.39 - PULAU BETONG,150,,100.21271853013012,5.326544410182323
,235,50035,,,BALIK PULAU,{9487570B-F54A-42DA-8E4A-8F2ADE07AE7F},,PULAU BETONG,,100.21476744,,07,1,,,AED @ KOMPLEKS DESA GENTING,P.053 - BALIK PULAU,Zoll AED Plus,5.33108657,05,BARAT DAYA,,2026,,N.39,,P.053,,DBD,,,N.39 - PULAU BETONG,151,,100.21476744010097,5.331086569630013
,236,40179,,,TANJONG,{82544304-0824-42CF-93B8-421A66E5C089},,KOMTAR,,100.32974411,,07,1,,,AED @ PEJABAT CAWANGAN FARADAY,P.049 - TANJONG,Zoll AED Plus,5.41456765,04,TIMOR LAUT,,2026,,N.28,,P.049,,DTL,,,N.28 - KOMTAR,152,,100.3297441098717,5.414567650167103
,237,40180,,,TANJONG,{09D06A7A-A87D-406D-86F7-60B6F4B7638E},,KOMTAR,,100.32974411,,07,1,,,AED @ PEJABAT CAWANGAN MCNAIR,P.049 - TANJONG,Zoll AED Plus,5.41456765,04,TIMOR LAUT,,2026,,N.28,,P.049,,DTL,,,N.28 - KOMTAR,153,,100.3297441098717,5.414567650167103
,238,40181,,,TANJONG,{1FDDC687-DB97-4E55-98F6-1BCF1F630C8C},,KOMTAR,,100.32974411,,07,1,,,AED @ PEJABAT OSC,P.049 - TANJONG,Zoll AED Plus,5.41456765,04,TIMOR LAUT,,2026,,N.28,,P.049,,DTL,,,N.28 - KOMTAR,154,,100.3297441098717,5.414567650167103
,239,40182,,,TANJONG,{958AB3E3-3BB3-40B1-BED4-5824F169FF8A},,KOMTAR,,100.32974411,,07,1,,,AED @ PEJABAT UNIT AUDIT DALAM,P.049 - TANJONG,Zoll AED Plus,5.41456765,04,TIMOR LAUT,,2026,,N.28,,P.049,,DTL,,,N.28 - KOMTAR,155,,100.3297441098717,5.414567650167103
,240,50036,,,BALIK PULAU,{C5895B84-555D-420F-9EAD-72228FBEB373},,PULAU BETONG,,100.22304084,,07,1,,,AED @ LEBUH SRI GENTING 6,P.053 - BALIK PULAU,Zoll AED Plus,5.33684852,05,BARAT DAYA,,2026,,N.39,,P.053,,DBD,,,N.39 - PULAU BETONG,156,,100.2230408403311,5.3368485199997
,242,40183,,,BUKIT BENDERA,{899E0900-14BB-448D-BED8-88EBE65F22C8},,TANJONG BUNGA,,100.24854991,,07,1,,,AED @ TAMAN KEJIRANAN JALAN SUNGAI EMAS,P.048 - BUKIT BENDERA,Zoll AED Plus,5.46995924,04,TIMOR LAUT,,2026,,N.22,,P.048,,DTL,,,N.22 - TANJONG BUNGA,157,,100.24854991031494,5.469959240451836
,243,40184,,,BUKIT BENDERA,{384EA70F-1C91-4175-B8FA-47D7EE24373C},,TANJONG BUNGA,,100.28544751,,07,1,,,AED @ TAMAN KEJIRANAN LINTANG LEMBAH PERMAI 2,P.048 - BUKIT BENDERA,Zoll AED Plus,5.45646249,04,TIMOR LAUT,,2026,,N.22,,P.048,,DTL,,,N.22 - TANJONG BUNGA,158,,100.28544751011896,5.456462490157982
,244,40185,,,BUKIT BENDERA,{4A812941-CFE0-452E-A61B-E435CD15A1E6},,TANJONG BUNGA,,100.28488961,,07,1,,,AED @ TAMAN KEJIRANAN LORONG LEMBAH PERMAI 1,P.048 - BUKIT BENDERA,Zoll AED Plus,5.4541342,04,TIMOR LAUT,,2026,,N.22,,P.048,,DTL,,,N.22 - TANJONG BUNGA,159,,100.28488961041985,5.454134199998986
,245,40186,,,BUKIT BENDERA,{C31CB3A4-4EAD-45D2-84D9-36E2166F4741},,TANJONG BUNGA,,100.28452734,,07,1,,,⁠AED @ TAMAN KEJIRANAN JALAN CONCORD 13,P.048 - BUKIT BENDERA,Zoll AED Plus,5.45893724,04,TIMOR LAUT,,2026,,N.22,,P.048,,DTL,,,N.22 - TANJONG BUNGA,160,,100.28452733990443,5.458937240205129
,246,50037,,,BALIK PULAU,{2CF109B7-5BB5-4C68-8BD0-799FC1B59E43},,PULAU BETONG,,100.23950274,,07,1,,,AED @ LINTANG BUKIT PENARA 4,P.053 - BALIK PULAU,Zoll AED Plus,5.35259683,05,BARAT DAYA,,2026,,N.39,,P.053,,DBD,,,N.39 - PULAU BETONG,161,,100.2395027395879,5.352596830390448
,247,40187,,,JELUTONG,{FE4FBC6C-4B47-46FF-B33D-D65312421F2D},,BATU LANCANG,,100.30784269,,07,1,,,⁠AED @ TAMAN GELUGOR,P.050 - JELUTONG,Zoll AED Plus,5.38480012,04,TIMOR LAUT,,2026,,N.31,,P.050,,DTL,,,N.31 - BATU LANCANG,162,,100.30784268988661,5.384800119902298
,248,40188,,,BAYAN BARU,{B67768D0-F973-49CE-A95B-E841BEF1BAF9},,BATU UBAN,,100.29305526,,07,1,,,⁠AED @ TAMAN KEJIRANAN MEDAN NIPAH,P.052 - BAYAN BARU,Zoll AED Plus,5.34186432,04,TIMOR LAUT,,2026,,N.35,,P.052,,DTL,,,N.35 - BATU UBAN,163,,100.29305526017401,5.341864319698308
,249,40189,,,BUKIT GELUGOR,{C1714442-1ED7-4B10-AEDF-EA70CB340637},,SERI DELIMA,,100.30283217,,07,1,,,AED @ TAMAN KEJIRANAN LINTANG DELIMA 2 & 3,P.051 - BUKIT GELUGOR,Zoll AED Plus,5.3870658,04,TIMOR LAUT,,2026,,N.32,,P.051,,DTL,,,N.32 - SERI DELIMA,164,,100.30283217030362,5.387065799728177
AED Di Lobi (Hadapan Kaunter Keselamatan),250,10013,MBSP,1453507200000,PERMATANG PAUH,{C03E84DE-BDB6-4074-8D4B-AC6502A682F3},,SEBERANG JAYA,{3DD9CA9A-BD58-4AA3-B9D3-CBF9A0519A3F},100.4328842,1778716800000,07,1,EXPIRED,asyraf,"AED @ MENARA BANDARAYA, MAJLIS BANDARAYA SEBERANG PERAI",P.044 - PERMATANG PAUH,Zoll Plus,5.3709626,01,SEBERANG PERAI TENGAH,<Null>,,,N.10,,P.044,Pejabat Setiausaha Kerajaan Negeri Pulau Pinang,SPT,,,N.10 - SEBERANG JAYA,165,1,100.43288419994842,5.370962599755705
AED Bersebelahan Tangga Dan Tandas Hadapan Kaunter Tiket,251,10014,MBSP,1453507200000,BUKIT MERTAJAM,{2103F690-316C-43FC-8138-F4DDADB287C5},,PADANG LALANG,{3B2F8187-AC8B-4F73-8A3D-97BAAE3C4D63},100.4498962,1778716800000,07,1,EXPIRED,asyraf,AED @ KOMPLEKS RENANG MBSP JALAN BETEK,P.045 - BUKIT MERTAJAM,Zoll Plus,5.353782,01,SEBERANG PERAI TENGAH,<Null>,,,N.15,,P.045,Ahli Majlis Tan Cheong Heng,SPT,,,N.15 - PADANG LALANG,166,1,100.44989620035557,5.353781999906696
AED Portable Di Dalam Kaunter Bayaran Taman Tema,252,10015,MBSP,1453507200000,BUKIT MERTAJAM,{2A2E2DA9-06F0-47E5-A8D3-57D739D8FAD2},,PADANG LALANG,{A09A28B5-E4A3-45F0-9654-B2EA6DDD72C2},100.4504428,1778716800000,07,1,EXPIRED,asyraf,AED @ TAMAN TEMA MBSP JALAN BETEK,P.045 - BUKIT MERTAJAM,Zoll Plus,5.3536847,01,SEBERANG PERAI TENGAH,<Null>,,,N.15,,P.045,Pejabat Setiausaha Kerajaan Negeri Pulau Pinang,SPT,,,N.15 - PADANG LALANG,167,1,100.4504428002741,5.3536847001401995
AED Tepi Tingkap Pondok Kawalan Keselamatan,253,20009,MBSP,1719532800000,KEPALA BATAS,{73D83AD5-FB68-43D7-A8BE-0BFCC17B6FB7},,PINANG TUNGGAL,{B4E48546-A0FB-4115-BCE3-7ECB80AD7D48},100.4655929,1778716800000,07,1,2029,asyraf,"AED @ DEPO OPERASI PAYA KELADI, KEPALA BATAS",P.041 - KEPALA BATAS,MindRay,5.5389142,02,SEBERANG PERAI UTARA,<Null>,,,N.03,,P.041,En. Chua Lam & Ahli Majlis Ooi Yong Wooi,SPU,,,N.03 - PINANG TUNGGAL,168,1,100.46559290024719,5.53891420031587
AED Di Laluan Masuk Kompleks Makanan Pasar Kepala Batas,254,20010,MBSP,1719532800000,KEPALA BATAS,{D647B0DE-9723-4744-943D-7C2C00AE01F4},,BERTAM,{5EBC77F4-3A68-482C-BF37-D875E1C68658},100.4166276,1778716800000,07,1,2029,asyraf,AED @ PASAR AWAM KEPALA BATAS,P.041 - KEPALA BATAS,MindRay,5.516029,02,SEBERANG PERAI UTARA,<Null>,,,N.02,,P.041,En. Chua Lam & Ahli Majlis Ooi Yong Wooi,SPU,,,N.02 - BERTAM,169,1,100.41662759956402,5.516028999959823
AED Di Laluan Masuk Ke Bahagian Jualan Barang Kering,255,20011,MBSP,1707177600000,BAGAN,{ED769E2A-7EDF-4EFB-9944-A70143F3B4CE},,SUNGAI PUYU,{A7CDECF4-4E91-431D-B88C-2E66AFE7285E},100.3829518,1778716800000,07,1,2031,asyraf,AED @ PASAR AWAM BAGAN AJAM,P.043 - BAGAN,Zoll Plus,5.4421325,02,SEBERANG PERAI UTARA,<Null>,,,N.07,,P.043,Ahli Majlis Benson Neoh Kah Wei,SPU,,,N.07 - SUNGAI PUYU,170,1,100.38295179961726,5.442132500363229
AED Bersebelahan Pusat Komuniti Kadun Berapit,256,10016,MBSP,1577836800000,BUKIT MERTAJAM,{8BD97B60-534A-4A6A-840E-7D723AF05E0B},,BERAPIT,{37D3AC87-E463-4D6C-9C86-D5534A09FC83},100.4746161,1778716800000,07,1,EXPIRED,asyraf,"AED @ PASAR AWAM BERAPIT, BUKIT MERTAJAM",P.045 - BUKIT MERTAJAM,Zoll Plus,5.3802825,01,SEBERANG PERAI TENGAH,<Null>,,,N.13,,P.045,Pusat Khidmat Adun Berapit,SPT,,,N.13 - BERAPIT,171,1,100.47461610018924,5.380282499704554
AED Bersebelahan Bilik Persatuan Peniaga Penjaja Pasar Awam Kampung Baru,257,10017,MBSP,1577836800000,BUKIT MERTAJAM,{5417F981-4F2C-4AC1-A0E1-8E796D97C681},,BERAPIT,{25238896-9318-4D91-8092-5C370CA59309},100.4733054,1778716800000,07,1,EXPIRED,asyraf,"AED @ PASAR AWAM KG. BARU, BUKIT MERTAJAM",P.045 - BUKIT MERTAJAM,Zoll Plus,5.3485676,01,SEBERANG PERAI TENGAH,<Null>,,,N.13,,P.045,Pusat Khidmat Adun Berapit,SPT,,,N.13 - BERAPIT,172,1,100.4733054000574,5.348567599671304
AED Berhampiran Tempat Pembuangan Sampah,258,30001,MBSP,1733356800000,NIBONG TEBAL,{ABEBEEEC-9353-46F7-B4FC-8249BB0EDEB7},,JAWI,{2AF61F5D-FA02-4F22-9C58-BA06544CBB9A},100.475423,1778716800000,07,1,2019,asyraf,"AED @ KOMPLEKS MAKANAN TAMAN SENTOSA, NIBONG TEBAL",P.047 - NIBONG TEBAL,MindRay,5.1669102,03,SEBERANG PERAI SELATAN,<Null>,,,N.19,,P.047,En. Chua Lam ,SPS,,,N.19 - JAWI,173,1,100.47542300044901,5.166910199839441
AED Di Lobi Dewan Dato' Hj Ahmad Badawi ( Belakang Tempat Pengawal Keselamatan),259,20012,MBSP,1736985600000,BAGAN,{6D1E950D-941C-4C97-B46B-F2F619209DC5},,BAGAN DALAM,{845405BB-3050-4B91-8828-BE093F1E1B89},100.369389,1778716800000,07,1,2030,asyraf,AED @ DEWAN DATO HAJI AHMAD BADAWI,P.043 - BAGAN,Zoll Plus,5.4084156,02,SEBERANG PERAI UTARA,<Null>,,,N.09,,P.043,"Pertubuhan Kebajikan Kaum India Bagan, Butterworth & Petubuhan Khidmat Komuniti Kaum India Permatang Pauh ",SPU,,,N.09 - BAGAN DALAM,174,1,100.36938899970836,5.40841559979242
AED 1 (Di Ruang Masuk Pasar) Dan AED 2 (Bersebelahan Tandas Awam Lelaki),260,10018,MBSP,,BATU KAWAN,{97101058-E35A-43B4-92AF-08FA28D3187C},,BUKIT TENGAH,{57D4493B-569F-4D10-918E-05DF83AA7B84},100.442447,1778716800000,07,2,<Null>,asyraf,"AED @ PASAR JURU, BUKIT MERTAJAM",P.046 - BATU KAWAN,Zoll Plus,5.3149953,01,SEBERANG PERAI TENGAH,<Null>,,,N.17,,P.046,<Null>,SPT,,,N.17 - BUKIT TENGAH,175,1,100.4424470002331,5.314995299852298
AED Di Laluan Masuk Pintu Hadapan ,261,20013,MBSP,,KEPALA BATAS,{C040525A-A230-4CB7-A4D0-AC8C59AED866},1778716800000,BERTAM,<Null>,100.4366429,1778716800000,07,1,<Null>,asyraf,"AED @ KOMPLEKS SUKAN BERTAM, KEPALA BATAS",P.041 - KEPALA BATAS,<Null>,5.5155053,02,SEBERANG PERAI UTARA,asyraf,,,N.02,,P.041,<Null>,SPU,,,N.02 - BERTAM,176,1,100.43664289969689,5.515505299606375
AED 1 Berhadapan Gerai No.57 Belakang Kompleks Makanan Dan AED 2  Bersebelahan Dinding Tandas Wanita,262,10019,MBSP,,BATU KAWAN,{6D3B9C61-A8DD-49F1-B5D0-CFE3C2B456FF},1778716800000,PERAI,<Null>,100.391456,1778716800000,07,1,<Null>,asyraf,AED @ PASAR AWAM CHAI LENG PARK,P.046 - BATU KAWAN,<Null>,5.3856482,01,SEBERANG PERAI TENGAH,asyraf,,,N.16,,P.046,<Null>,SPT,,,N.16 - PERAI,177,1,100.39145599975762,5.385648200316007
AED Di Pintu Masuk Utama Di Sebelah Kiri Berhampiran Tangga ,263,30002,MBSP,,BATU KAWAN,{4897B81C-7D6C-4051-BFE6-6037BE4D54BD},1778716800000,BUKIT TAMBUN,<Null>,100.4886291,1778716800000,07,1,<Null>,asyraf,AED @ PASAR AWAM PERKAMPUNGAN VALDOR,P.046 - BATU KAWAN,<Null>,5.242311,03,SEBERANG PERAI SELATAN,asyraf,,,N.18,,P.046,<Null>,SPS,,,N.18 - BUKIT TAMBUN,178,1,100.48862909957577,5.242311000367883
AED Di Hadapan Pintu Masuk Utama Pasar Awam Kompleks Makanan,264,10020,MBSP,,PERMATANG PAUH,{123D5801-AD59-4086-B621-0FBCBD2FCB6E},1778716800000,SEBERANG JAYA,<Null>,100.4010989,1778716800000,07,1,<Null>,asyraf,AED @ PASAR AWAM SEBERANG JAYA,P.044 - PERMATANG PAUH,<Null>,5.3932926,01,SEBERANG PERAI TENGAH,asyraf,,,N.10,,P.044,<Null>,SPT,,,N.10 - SEBERANG JAYA,179,1,100.4010988997242,5.39329259975584
AED Bersebelahan Kaunter Bayaran Sudut 5S Zon Sakura,265,10021,MBSP,,BUKIT MERTAJAM,{CB912AE0-90F5-4D1C-BE0E-CA24EA5A21CF},1778716800000,PADANG LALANG,<Null>,100.4511322,1778716800000,07,1,<Null>,asyraf,AED @ PEJABAT MBSP CAWANGAN JALAN BETEK,P.045 - BUKIT MERTAJAM,<Null>,5.356047,01,SEBERANG PERAI TENGAH,asyraf,,,N.15,,P.045,<Null>,SPT,,,N.15 - PADANG LALANG,180,1,100.45113220028497,5.356047000048054
AED Di Kawasan Tandas Awam Bersebelahan Tandas OKU,266,30003,MBSP,,NIBONG TEBAL,{88AC8A88-8BAE-492A-ACC2-6C634EF9DAC9},1778716800000,JAWI,<Null>,100.472895,1778716800000,07,1,<Null>,asyraf,AED @ PASAR AWAM TAMAN BERJAYA,P.047 - NIBONG TEBAL,<Null>,5.174613,03,SEBERANG PERAI SELATAN,asyraf,,,N.19,,P.047,<Null>,SPS,,,N.19 - JAWI,181,1,100.47289500032967,5.1746130001457935
AED Di Tepi Pintu Masuk Pondok Kawalan Keselamatan,267,20014,MBSP,,KEPALA BATAS,{D4201CA6-90CA-4B79-92B4-318F423D6CA6},1778716800000,PINANG TUNGGAL,<Null>,100.4620079,1778716800000,07,1,<Null>,asyraf,AED @ TAMAN BANDARAYA (VISION PARK),P.041 - KEPALA BATAS,<Null>,5.5210878,02,SEBERANG PERAI UTARA,asyraf,,,N.03,,P.041,<Null>,SPU,,,N.03 - PINANG TUNGGAL,182,1,100.46200790025935,5.521087800432983
,268,40001,,,TANJONG,,,KOMTAR,,100.3307914,,07,1,,,AED @ IPK  ,P.049 - TANJONG,,5.4187283,04,TIMOR LAUT,,,,N.28,"40, LEBUH DICKENS, 10050 GEORGETOWN, PULAU PINANG",P.049,,DTL,https://pegis.penang.gov.my/assets/img/AED/40001.png,04-2221522,N.28 - KOMTAR,183,,100.3307914002137,5.418728300232139
,269,40002,,,JELUTONG,,,DATOK KERAMAT,,100.3031293,,07,1,,,AED @ UNION HIGH SCHOOL   ,P.050 - JELUTONG,,5.414909,04,TIMOR LAUT,,,,N.29,"132, JALAN YORK, TAMAN SCOTLAND, 10400 GEORGE TOWN, PULAU PINANG",P.050,,DTL,https://pegis.penang.gov.my/assets/img/AED/40002.png,04-2277411,N.29 - DATOK KERAMAT,184,,100.30312930041053,5.414909000211164
,270,40003,,,TANJONG,,,KOMTAR,,100.3273416,,07,1,,,AED @ ST POUL,P.049 - TANJONG,,5.4148567,04,TIMOR LAUT,,,,N.28,"52 B, JALAN MECALISTER, 10400 GEORGE TOWN, PULAU PINANG",P.049,,DTL,https://pegis.penang.gov.my/assets/img/AED/40003.png, ,N.28 - KOMTAR,185,,100.32734159960432,5.414856699990433
,271,50001,,,BALIK PULAU,,,BAYAN LEPAS,,100.2735543,,07,1,,,AED @ SJAM RELAU BASE   ,P.053 - BALIK PULAU,,5.3348182,05,BARAT DAYA,,,,N.38,"14, LINTANG SUNGAI ARA 2, 11900 BAYAN LEPAS, PULAU PINANG",P.053,,DBD,https://pegis.penang.gov.my/assets/img/AED/50001.png,016-4195972,N.38 - BAYAN LEPAS,186,,100.2735543003456,5.334818200275445
,272,40004,,,TANJONG,,,KOMTAR,,100.3356355,,07,1,,,AED @ GTWHI    ,P.049 - TANJONG,,5.4156764,04,TIMOR LAUT,,,,N.28,"116, LEBUH ACHEH, 10300 GEORGE TOWN, PULAU PINANG",P.049,,DTL,https://pegis.penang.gov.my/assets/img/AED/40004.png,04-2616606,N.28 - KOMTAR,187,,100.33563549967916,5.415676399916544
,273,40005,,,TANJONG,,,KOMTAR,,100.3364348,,07,1,,,AED @ YOUTH CENTRE  ,P.049 - TANJONG,,5.4153564,04,TIMOR LAUT,,,,N.28,"24, NANNING STREET , 10400 GEORGE TOWN, PULAU PINANG",P.049,,DTL,https://pegis.penang.gov.my/assets/img/AED/40005.png, ,N.28 - KOMTAR,188,,100.33643480012478,5.415356399840101
,274,40006,,,JELUTONG,,,BATU LANCANG,,100.3092373,,07,1,,,AED @ HENG EE HIGH SCHOOL,P.050 - JELUTONG,,5.401262,04,TIMOR LAUT,,,,N.31,"99, JALAN HAMILTON, 11600 JELUTONG, PULAU PINANG",P.050,,DTL,https://pegis.penang.gov.my/assets/img/AED/40006.png,04-2824402,N.31 - BATU LANCANG,189,,100.30923730011533,5.401261999581665
,275,40007,,,JELUTONG,,,DATOK KERAMAT,,100.3052416,,07,1,,,AED @ HAN CHIANG HIGH SCHOOL,P.050 - JELUTONG,,5.4069743,04,TIMOR LAUT,,,,N.29,"HAN CHIANG COLLEGE, JALAN LIM LEAN TENG, 11600 JELUTONG, PULAU PINANG",P.050,,DTL,https://pegis.penang.gov.my/assets/img/AED/40007.png,04-2827071,N.29 - DATOK KERAMAT,190,,100.3052415995748,5.406974299880438
,276,40008,,,JELUTONG,,,SUNGAI PINANG,,100.3284508,,07,1,,,AED @ KSD,P.050 - JELUTONG,,5.396462,04,TIMOR LAUT,,,,N.30,"3, PERSIARAN KARPAL SING,GEORGE TOWN, PULAU PINANG",P.050,,DTL,https://pegis.penang.gov.my/assets/img/AED/40008.png, ,N.30 - SUNGAI PINANG,191,,100.32845080015927,5.396461999834021
,277,40009,,,BUKIT BENDERA,,,KEBUN BUNGA,,100.2965693,,07,1,,,AED @ KAFETERIA TAMAN BANDARAYA,P.048 - BUKIT BENDERA,,5.4295917,04,TIMOR LAUT,,,,N.24,"KAFETERIA TAMAN BANDARAYA 10450, GEORGETOWN",P.048,,DTL,https://pegis.penang.gov.my/assets/img/AED/40009.png, ,N.24 - KEBUN BUNGA,192,,100.29656929998175,5.429591700030205
,278,40010,,,BUKIT GELUGOR,,,AIR ITAM,,100.2980021,,07,1,,,AED @ ST JOHN AMBULANCE HQ,P.051 - BUKIT GELUGOR,,5.4055215,04,TIMOR LAUT,,,,N.33,"24A, JALAN GROVE, 11400 GEORGE TOWN, PULAU PINANG",P.051,,DTL,https://pegis.penang.gov.my/assets/img/AED/40010.png,04-8285972,N.33 - AIR ITAM,193,,100.29800210032863,5.4055214998476995
,279,40011,,,TANJONG,,,KOMTAR,,100.3278347,,07,1,,,AED @ WADDA GURDWARA,P.049 - TANJONG,,5.4108058,04,TIMOR LAUT,,,,N.28,"234, JALAN GURDWARA, 10300 GEORGETOWN, PULAU PINANG",P.049,,DTL,https://pegis.penang.gov.my/assets/img/AED/40011.png,012-4851766,N.28 - KOMTAR,194,,100.32783470040202,5.410805800135078
,280,40012,,,BUKIT BENDERA,,,PULAU TIKUS,,100.307076,,07,1,,,AED @ RCSI,P.048 - BUKIT BENDERA,,5.4197495,04,TIMOR LAUT,,,,N.25,"4, JALAN SEPOY LINES, 10450 GEORGE TOWN , PULAU PINANG",P.048,,DTL,https://pegis.penang.gov.my/assets/img/AED/40012.png,04-2171999,N.25 - PULAU TIKUS,195,,100.30707600026179,5.419749500120517
,281,40013,,,BUKIT BENDERA,,,PULAU TIKUS,,100.3091869,,07,1,,,AED @ GURNEY DRIVE,P.048 - BUKIT BENDERA,,5.4399314,04,TIMOR LAUT,,,,N.25,"PERSIARAN GURNEY, 10250 GEORGE TOWN, PULAU PINANG",P.048,,DTL,https://pegis.penang.gov.my/assets/img/AED/40013.png, ,N.25 - PULAU TIKUS,196,,100.30918690000638,5.439931400274422
,282,40014,,,JELUTONG,,,DATOK KERAMAT,,100.3139259,,07,1,,,AED @ CITY STADIUM,P.050 - JELUTONG,,5.4118754,04,TIMOR LAUT,,,,N.29,"40, PERSIARAN STADIUM, 10460 GEORGE TOWN, PULAU PINANG",P.050,,DTL,https://pegis.penang.gov.my/assets/img/AED/40014.png,04-2262953,N.29 - DATOK KERAMAT,197,,100.3139258996715,5.4118753997646625
,283,20001,,,BAGAN,,,BAGAN DALAM,,100.3654481,,07,1,,,AED @ PENANG SENTRAL,P.043 - BAGAN,,5.3948709,02,SEBERANG PERAI UTARA,,,,N.09,"10, JALAN METCHER. 12000 BUTTERWORTH, PULAU PINANG",P.043,,SPU,https://pegis.penang.gov.my/assets/img/AED/20001.png,03-40416789,N.09 - BAGAN DALAM,198,,100.36544810033557,5.394870900063027
,284,40015,,,TANJONG,,,PADANG KOTA,,100.3413454,,07,1,,,AED @ PUSAT BAYARAN MBPP,P.049 - TANJONG,,5.4215005,04,TIMOR LAUT,,,,N.26,"PUSAT BAYARAN SETEMPAT, JALAN PADANG KOTA LAMA, 10200 GEORGE TOWN, PULAU PINANG",P.049,,DTL,https://pegis.penang.gov.my/assets/img/AED/40015.png, ,N.26 - PADANG KOTA,199,,100.34134540027513,5.421500500058998
,285,40016,,,BUKIT GELUGOR,,,AIR ITAM,,100.2947171,,07,1,,,AED @ CLHS GUARD POST,P.051 - BUKIT GELUGOR,,5.405125,04,TIMOR LAUT,,,,N.33,"JALAN AIR ITAM, TAMAN DAVID CHEN, 11400 AYER ITAM, PULAU PINANG",P.051,,DTL,https://pegis.penang.gov.my/assets/img/AED/40016.png,04-8282435,N.33 - AIR ITAM,200,,100.29471710034453,5.405124999975528
,286,40017,,,JELUTONG,,,SUNGAI PINANG,,100.3151772,,07,1,,,AED @ BOMBA JALAN PERAK,P.050 - JELUTONG,,5.4019753,04,TIMOR LAUT,,,,N.30,"321 D, JALAN PERAK, TAMAN ARA,11600 GEORGE TOWN, PULAU PINANG",P.050,,DTL,https://pegis.penang.gov.my/assets/img/AED/40017.png,04-2825544,N.30 - SUNGAI PINANG,201,,100.31517720039434,5.401975299884468
,287,40018,,,BUKIT BENDERA,,,PULAU TIKUS,,100.3021612,,07,1,,,AED @ PCGHS,P.048 - BUKIT BENDERA,,5.4339142,04,TIMOR LAUT,,,,N.25,"1P, JALAN GOTTLIEB, 10350 GEORGE TOWN, PULAU PINANG",P.048,,DTL,https://pegis.penang.gov.my/assets/img/AED/40018.png,04-2277124,N.25 - PULAU TIKUS,202,,100.30216119970996,5.433914200084705
,288,40019,,,TANJONG,,,PENGKALAN KOTA,,100.339161,,07,1,,,AED @ BOMBA SRI TANJUNG,P.049 - TANJONG,,5.4126159,04,TIMOR LAUT,,,,N.27,"11B, PENGKALAN WELD, 10300 GEORGE TOWN, PULAU PINANG",P.049,,DTL,https://pegis.penang.gov.my/assets/img/AED/40019.png, ,N.27 - PENGKALAN KOTA,203,,100.33916099972573,5.41261589990692
,289,40020,,,BUKIT GELUGOR,,,AIR ITAM,,100.295283,,07,1,,,AED @ CLHS HALL,P.051 - BUKIT GELUGOR,,5.4040656,04,TIMOR LAUT,,,,N.33,"LORONG  KG BARU, TAMAN DAVID CHEN, 114000 JELUTONG, PULAU PINANG",P.051,,DTL,https://pegis.penang.gov.my/assets/img/AED/40020.png,04-8282435,N.33 - AIR ITAM,204,,100.29528299992788,5.404065599857983
,290,40021,,,BUKIT GELUGOR,,,PAYA TERUBONG,,100.2843628,,07,1,,,AED @ FARLIM 4B,P.051 - BUKIT GELUGOR,,5.3848962,04,TIMOR LAUT,,,,N.34,"4A, JALAN SEMARAK API 1, BANDAR BARU AIR ITAM, 11500 AYER ITAM, PULAU PINANG",P.051,,DTL,https://pegis.penang.gov.my/assets/img/AED/40021.png, ,N.34 - PAYA TERUBONG,205,,100.28436280001996,5.384896200184284
,291,40022,,,JELUTONG,,,DATOK KERAMAT,,100.3068478,,07,1,,,AED @ SRJK HAN CHIANG,P.050 - JELUTONG,,5.406186,04,TIMOR LAUT,,,,N.29,"19K, 1ST FLOOR, LEBAR BATU LANCANG, TAMAN SRI DAMAI, 11600 JELUTONG, PULAU PINANG",P.050,,DTL,https://pegis.penang.gov.my/assets/img/AED/40022.png,04-2811242,N.29 - DATOK KERAMAT,206,,100.30684779993516,5.40618599983845
,292,40023,,,TANJONG,,,PADANG KOTA,,100.342153,,07,1,,,AED @ JING SI BEACH STEET,P.049 - TANJONG,,5.4171078,04,TIMOR LAUT,,,,N.26,"31, BEACH ST, 10300 GEORGE TOWN, PULAU PINANG",P.049,,DTL,https://pegis.penang.gov.my/assets/img/AED/40023.png,04-2616562,N.26 - PADANG KOTA,207,,100.34215300006272,5.41710779968377
,293,40024,,,BUKIT BENDERA,,,KEBUN BUNGA,,100.2971201,,07,1,,,AED @ JABATAN LANSKAP MBPP,P.048 - BUKIT BENDERA,,5.4265799,04,TIMOR LAUT,,,,N.24,"27, LENGKOK JESSELTON, TAMAN JESSELTON HEIGHT, 10450 GEORGE TOWN, PULAU PINANG",P.048,,DTL,https://pegis.penang.gov.my/assets/img/AED/40024.png,04-2189764,N.24 - KEBUN BUNGA,208,,100.29712010034044,5.426579899704446
,294,40025,,,BUKIT GELUGOR,,,AIR ITAM,,100.2779842,,07,1,,,AED @ PASAR AWAM AYER ITAM,P.051 - BUKIT GELUGOR,,5.4013091,04,TIMOR LAUT,,,,N.33,"9,1, JALAN PASAR, PEKAN AYER ITAM, 11500 AIR ITAM, PULAU PINANG",P.051,,DTL,https://pegis.penang.gov.my/assets/img/AED/40025.png,012-5007063,N.33 - AIR ITAM,209,,100.2779842004214,5.401309099702066
,295,40026,,,TANJONG,,,PENGKALAN KOTA,,100.3360285,,07,1,,,AED @ HTC,P.049 - TANJONG,,5.405965,04,TIMOR LAUT,,,,N.27,"HARBOUR TRADE CENTRE, 2-4-6, GAT MACALLUM, 10300 GEORGE TOWN, PULAU PINANG",P.049,,DTL,https://pegis.penang.gov.my/assets/img/AED/40026.png,174689882,N.27 - PENGKALAN KOTA,210,,100.33602850035763,5.405965000407319
,296,40027,,,BUKIT BENDERA,,,KEBUN BUNGA,,100.2881993,,07,1,,,AED @ STATION G,P.048 - BUKIT BENDERA,,5.4285954,04,TIMOR LAUT,,,,N.24,PENANG HILL,P.048,,DTL,https://pegis.penang.gov.my/assets/img/AED/40027.png, ,N.24 - KEBUN BUNGA,211,,100.28819929981042,5.428595400331008
,297,40028,,,BUKIT GELUGOR,,,AIR ITAM,,100.2887764,,07,1,,,AED @ BOMBA SUKARELA PAYA TERUBONG,P.051 - BUKIT GELUGOR,,5.3988884,04,TIMOR LAUT,,,,N.33,"288B, LINTANG KAMPUNG MELAYU, KAMPUNG MELAYU, 11500 AYER ITAM, PULAU PINANG",P.051,,DTL,https://pegis.penang.gov.my/assets/img/AED/40028.png,016-4329999,N.33 - AIR ITAM,212,,100.2887763999978,5.398888399618744
,298,40029,,,BUKIT GELUGOR,,,SERI DELIMA,,100.3018258,,07,1,,,AED @ CHUNG HWA CONFUCIAN HIGH SCHOOL,P.051 - BUKIT GELUGOR,,5.3939266,04,TIMOR LAUT,,,,N.32,"1, TINGKAT BESI 1, ISLAND PARK, 11600 GEORGE TOWN, PULAU PINANG",P.051,,DTL,https://pegis.penang.gov.my/assets/img/AED/40029.png,04-6584909,N.32 - SERI DELIMA,213,,100.30182580028216,5.393926599985527
,299,40030,,,BUKIT BENDERA,,,KEBUN BUNGA,,100.2997962,,07,1,,,AED @ SRJK SHANG WU,P.048 - BUKIT BENDERA,,5.4085708,04,TIMOR LAUT,,,,N.24,"JALAN LA SALLE, JALAN AIR ITAM, 11400 GEORGE TOWN, PULAU PINANG",P.048,,DTL,https://pegis.penang.gov.my/assets/img/AED/40030.png,012-3537400,N.24 - KEBUN BUNGA,214,,100.29979620020883,5.408570800312931
,300,40031,,,BUKIT BENDERA,,,TANJONG BUNGA,,100.2849269,,07,1,,,AED @ TARUC,P.048 - BUKIT BENDERA,,5.4532068,04,TIMOR LAUT,,,,N.22,"77, LORONG LEMBAH PERMAI 3, 11200 TANJUNG BUNGAH, PULAU PINANG",P.048,,DTL,https://pegis.penang.gov.my/assets/img/AED/40031.png,04-8995230,N.22 - TANJONG BUNGA,215,,100.28492689975037,5.453206800451715
,301,40032,,,BUKIT GELUGOR,,,AIR ITAM,,100.2889031,,07,1,,,AED @ DESA MAWAR,P.051 - BUKIT GELUGOR,,5.4011543,04,TIMOR LAUT,,,,N.33,"DESA MAWAR 2, LINTANG KAMPUNG MELAYU,  KAMPUNG MELAYU ,11500 AYER ITAM , PULAU PINANG",P.051,,DTL,https://pegis.penang.gov.my/assets/img/AED/40032.png,016-3455961,N.33 - AIR ITAM,216,,100.28890310024754,5.401154299930195
,302,40033,,,BUKIT BENDERA,,,KEBUN BUNGA,,100.2846873,,07,1,,,AED @ STATION 39,P.048 - BUKIT BENDERA,,5.4199638,04,TIMOR LAUT,,,,N.24,PENANG HILL,P.048,,DTL,https://pegis.penang.gov.my/assets/img/AED/40033.png, ,N.24 - KEBUN BUNGA,217,,100.2846873004501,5.419963800098263
,303,40034,,,JELUTONG,,,SUNGAI PINANG,,100.311601,,07,1,,,AED @ BUKIT DUMBAR,P.050 - JELUTONG,,5.3837245,04,TIMOR LAUT,,,,N.30,"JALAN WILLIAM , BUKIT DUMBAR , 11600 JELUTONG, PULAU PINANG",P.050,,DTL,https://pegis.penang.gov.my/assets/img/AED/40034.png, ,N.30 - SUNGAI PINANG,218,,100.31160100015731,5.383724499650271
,304,40035,,,JELUTONG,,,DATOK KERAMAT,,100.3222774,,07,1,,,AED @ BALAI POLIS JALAN PATANI,P.050 - JELUTONG,,5.4116855,04,TIMOR LAUT,,,,N.29,"272, JALAN DATO KERAMAT, 10150 GEORGE TOWN, PULAU PINANG",P.050,,DTL,https://pegis.penang.gov.my/assets/img/AED/40035.png,01-29924044,N.29 - DATOK KERAMAT,219,,100.32227739981714,5.411685499667713
,305,40036,,,BUKIT BENDERA,,,PULAU TIKUS,,100.3104011,,07,1,,,AED @ TZU CHI,P.048 - BUKIT BENDERA,,5.4229308,04,TIMOR LAUT,,,,N.25,"318,JALAN MECALISTER, PULAU TIKUS, 10350 GEORGE TOWN, PULAU PINANG",P.048,,DTL,https://pegis.penang.gov.my/assets/img/AED/40036.png,04-2280013,N.25 - PULAU TIKUS,220,,100.31040109978659,5.42293079993946
,306,40037,,,BUKIT BENDERA,,,AIR PUTEH,,100.2804775,,07,1,,,AED @ STATION 84,P.048 - BUKIT BENDERA,,5.4270708,04,TIMOR LAUT,,,,N.23,PENANG HILL,P.048,,DTL,https://pegis.penang.gov.my/assets/img/AED/40037.png, ,N.23 - AIR PUTEH,221,,100.28047749966471,5.4270708000143575
,307,40038,,,BUKIT GELUGOR,,,SERI DELIMA,,100.2995874,,07,1,,,AED @ ISLAND GLADE BASKET BALL COURT,P.051 - BUKIT GELUGOR,,5.3805241,04,TIMOR LAUT,,,,N.32,"LORONG DELIMA 11, TAMAN ISLAND GLADES, 11700 GELUGOR, PULAU PINANG",P.051,,DTL,https://pegis.penang.gov.my/assets/img/AED/40038.png, ,N.32 - SERI DELIMA,222,,100.29958739995735,5.380524099809001
,308,40039,,,BUKIT GELUGOR,,,PAYA TERUBONG,,100.2778239,,07,1,,,AED @ BLOK 18 TAMAN TERUBONG JAY,P.051 - BUKIT GELUGOR,,5.3706905,04,TIMOR LAUT,,,,N.34,"20-1-8, TINGKAT PAYA TERUBONG 2, PAYA TERUBONG, 11060 AYER ITAM , PULAU PINANG",P.051,,DTL,https://pegis.penang.gov.my/assets/img/AED/40039.png, ,N.34 - PAYA TERUBONG,223,,100.27782389974138,5.37069049979399
,309,40040,,,BUKIT BENDERA,,,AIR PUTEH,,100.2693116,,07,1,,,AED @ PENANG HILL UPPER STATION,P.048 - BUKIT BENDERA,,5.4238748,04,TIMOR LAUT,,,,N.23,"UPPER STATION, PENANG HILL, BUKIT BENDERA, 11300 BUKIT BENDERA. PULAU PINANG",P.048,,DTL,https://pegis.penang.gov.my/assets/img/AED/40040.png, ,N.23 - AIR PUTEH,224,,100.26931160041357,5.42387480015693
,310,40041,,,BUKIT GELUGOR,,,SERI DELIMA,,100.2984966,,07,1,,,AED @ MPKK GREENLANE,P.051 - BUKIT GELUGOR,,5.3927507,04,TIMOR LAUT,,,,N.32,"JALAN GANGSA, KAMPUNG HIJAU, 11600 JELUTONG, PULAU PINANG",P.051,,DTL,https://pegis.penang.gov.my/assets/img/AED/40041.png, ,N.32 - SERI DELIMA,225,,100.29849659979001,5.3927507002857515
,311,40042,,,BUKIT BENDERA,,,AIR PUTEH,,100.2772954,,07,1,,,AED @ LOWER STATION PENANG HILL,P.048 - BUKIT BENDERA,,5.408223,04,TIMOR LAUT,,,,N.23,"PENANG HILL LOWER STATION, 11500 BUKIT BENDERA, PULAU PINANG",P.048,,DTL,https://pegis.penang.gov.my/assets/img/AED/40042.png, ,N.23 - AIR PUTEH,226,,100.27729539955337,5.408223000369521
,312,40043,,,TANJONG,,,PADANG KOTA,,100.3382972,,07,1,,,AED @ CHEAH KONGSI,P.049 - TANJONG,,5.4152072,04,TIMOR LAUT,,,,N.26,"8, LEBUH ARMENIAN, 10200 GEORGE TOWN, PULAU PINANG",P.049,,DTL,https://pegis.penang.gov.my/assets/img/AED/40043.png,04-2613837,N.26 - PADANG KOTA,227,,100.33829719954907,5.415207200164915
,313,10001,,,PERMATANG PAUH,,,SEBERANG JAYA,,100.4329402,,07,1,,,AED @ MBSP,P.044 - PERMATANG PAUH,,5.3707824,01,SEBERANG PERAI TENGAH,,,,N.10,"MENARA BANDARAYA, JALAN PERDA UTAMA, BANDAR BARU PERDA, 14000 BUKIT MERTAJAM, PULAU PINANG",P.044,,SPT,https://pegis.penang.gov.my/assets/img/AED/10001.png,04 -5497555,N.10 - SEBERANG JAYA,228,,100.43294020014883,5.37078240035361
,314,40044,,,BAYAN BARU,,,BATU UBAN,,100.2953027,,07,1,,,AED @ PEKAKA SQUARE,P.052 - BAYAN BARU,,5.3490688,04,TIMOR LAUT,,,,N.35,"267, LEBUH PEKAKA 1, TAMAN PEKAKA, 11700 GELUGOR, PULAU PINANG",P.052,,DTL,https://pegis.penang.gov.my/assets/img/AED/40044.png,011-72584997,N.35 - BATU UBAN,229,,100.2953027004383,5.349068800138218
,315,40045,,,BUKIT GELUGOR,,,PAYA TERUBONG,,100.2777577,,07,1,,,AED @ DESA PERMATA DATO KONG,P.051 - BUKIT GELUGOR,,5.3924261,04,TIMOR LAUT,,,,N.34,"LINTANG PAYA TERUBONG 3, BANDAR BARU AIR ITAM, PULAU PINANG",P.051,,DTL,https://pegis.penang.gov.my/assets/img/AED/40045.png, ,N.34 - PAYA TERUBONG,230,,100.277757699784,5.392426100219111
,316,20002,,,BAGAN,,,SUNGAI PUYU,,100.3800379,,07,1,,,AED @ JING SI BUTTERWORTH,P.043 - BAGAN,,5.4363451,02,SEBERANG PERAI UTARA,,,,N.07,"6664, JALAN BAGAN AJAM, TAMAN MOLEK, 13000 BUTTERWORTH, PULAU PINANG",P.043,,SPU,https://pegis.penang.gov.my/assets/img/AED/20002.png, ,N.07 - SUNGAI PUYU,231,,100.38003789966567,5.436345099629175
,317,40046,,,BUKIT GELUGOR,,,SERI DELIMA,,100.3104896,,07,1,,,AED @ MASJID JAMEK,P.051 - BUKIT GELUGOR,,5.3710228,04,TIMOR LAUT,,,,N.32,"339, TINGKAT GELUGOR 10, KAMPUNG GELUGOR, 11700 GELUGOR, PULAU PINANG",P.051,,DTL,https://pegis.penang.gov.my/assets/img/AED/40046.png, ,N.32 - SERI DELIMA,232,,100.31048960044491,5.3710227998084905
,318,40047,,,TANJONG,,,PADANG KOTA,,100.3179646,,07,1,,,AED @ TZU CHI DIALYSIS CENTRE,P.049 - TANJONG,,5.421281,04,TIMOR LAUT,,,,N.26,"34, JALAN LOGAN, 10400 GEORGE TOWN, PULAU PINANG",P.049,,DTL,https://pegis.penang.gov.my/assets/img/AED/40047.png,04-2281013,N.26 - PADANG KOTA,233,,100.31796460026476,5.421281000383162
,319,50002,,,BALIK PULAU,,,TELOK BAHANG,,100.2171169,,07,1,,,AED @ TELUK BAHANG DAM,P.053 - BALIK PULAU,,5.4444995,05,BARAT DAYA,,,,N.40,"JALAN TANJUNG BUNGAH, TELUK BAHANG, 11050 TANJUNG BUNGAH, PULAU PINANG",P.053,,DBD,https://pegis.penang.gov.my/assets/img/AED/50002.png, ,N.40 - TELOK BAHANG,234,,100.21711689976358,5.444499500225685
,320,40048,,,BUKIT BENDERA,,,KEBUN BUNGA,,100.290101,,07,1,,,AED @ PADANG TEMBAK BUS STAND,P.048 - BUKIT BENDERA,,5.4107644,04,TIMOR LAUT,,,,N.24,"RIFLE RANGE FLAT, TAMAN AYER ITAM, 11500 GEORGE TOWN, PULAU PINANG",P.048,,DTL,https://pegis.penang.gov.my/assets/img/AED/40048.png, ,N.24 - KEBUN BUNGA,235,,100.29010100004147,5.410764399822734
,321,40049,,,BUKIT BENDERA,,,AIR PUTEH,,100.2751285,,07,1,,,"AED @ DA SHI YE, PENANG HILL MIDDLE STATION",P.048 - BUKIT BENDERA,,5.4194181,04,TIMOR LAUT,,,,N.23,"BUKIT BENDERA, PULAU PINANG",P.048,,DTL,https://pegis.penang.gov.my/assets/img/AED/40049.png, ,N.23 - AIR PUTEH,236,,100.27512849964496,5.4194180997017
,322,40050,,,BUKIT BENDERA,,,AIR PUTEH,,100.2753222,,07,1,,,AED @ KONG MIN CAWANGAN 1,P.048 - BUKIT BENDERA,,5.4009124,04,TIMOR LAUT,,,,N.23,"609J, JALAN BALIK PULAU, PEKAN AYER ITAM, 11500 AYER ITAM, PULAU PINANG",P.048,,DTL,https://pegis.penang.gov.my/assets/img/AED/40050.png, ,N.23 - AIR PUTEH,237,,100.27532220004453,5.400912399605218
,323,50003,,,BALIK PULAU,,,BAYAN LEPAS,,100.266834,,07,1,,,AED @ SG ARA COMMUNITY POLICING,P.053 - BALIK PULAU,,5.3254567,05,BARAT DAYA,,,,N.38,"JALAN SUNGAI ARA 1, SUNGAI ARA 11900 BAYAN LEPAS, PULAU PINANG",P.053,,DBD,https://pegis.penang.gov.my/assets/img/AED/50003.png,011-10510991,N.38 - BAYAN LEPAS,238,,100.26683399993645,5.325456699613802
,324,40051,,,BUKIT GELUGOR,,,AIR ITAM,,100.2761342,,07,1,,,AED @ SJK (C) KONG MIN  CAWANGAN DUA,P.051 - BUKIT GELUGOR,,5.395563,04,TIMOR LAUT,,,,N.33,"1273, JALAN PAYA TERUBUNG, BANDAR BARU AIR ITAM, 11500 AYER ITAM, PULAU PINANG",P.051,,DTL,https://pegis.penang.gov.my/assets/img/AED/40051.png,04-8283469,N.33 - AIR ITAM,239,,100.2761341996597,5.395562999722381
,325,20003,,,BAGAN,,,SUNGAI PUYU,,100.3930832,,07,1,,,AED @ CHUN LING BUTTERWORTH,P.043 - BAGAN,,5.4342353,02,SEBERANG PERAI UTARA,,,,N.07,"6167, JALAN ONG YI HOW, KAWASAN PERINDUSTRIAN TERAS JAYA, 13400 BUTTERWORTH, PULAU PINANG",P.043,,SPU,https://pegis.penang.gov.my/assets/img/AED/20003.png,04-3316480,N.07 - SUNGAI PUYU,240,,100.39308319982173,5.434235299945809
,326,20004,,,BAGAN,,,SUNGAI PUYU,,100.3868106,,07,1,,,AED @ GUAN ZHENG KOPITIAM,P.043 - BAGAN,,5.4385071,02,SEBERANG PERAI UTARA,,,,N.07,"1 & 3, 1ST FLOOR, JALAN TERATAI, 13000 BUTTERWORTH, PULAU PINANG",P.043,,SPU,https://pegis.penang.gov.my/assets/img/AED/20004.png, ,N.07 - SUNGAI PUYU,241,,100.38681060009034,5.438507100354423
,327,40052,,,BUKIT GELUGOR,,,PAYA TERUBONG,,100.2801461,,07,1,,,AED @ DESA DELIMA GUARD HAUSE,P.051 - BUKIT GELUGOR,,5.3836397,04,TIMOR LAUT,,,,N.34,"DESA DELIMA 1A, 11500 AIR ITAM, PULAU PINANG",P.051,,DTL,https://pegis.penang.gov.my/assets/img/AED/40052.png, ,N.34 - PAYA TERUBONG,242,,100.28014609967724,5.383639700035215
,328,30004,,,BATU KAWAN,,,BUKIT TAMBUN,,100.4816643,,07,1,,,AED @ GUH CENTRALISED DORMITORY SDN BHD.,P.046 - BATU KAWAN,,5.2393106,03,SEBERANG PERAI SELATAN,,,,N.18,"JALAN NAFIRI,SUNGAI BAKAP,14200 SIMPANG AMPAT,PULAU PINANG",P.046,,SPS,, ,N.18 - BUKIT TAMBUN,243,,100.48166430022434,5.239310600123363
,329,10002,,,BUKIT MERTAJAM,,,MACHANG BUBUK,,100.4802569,,07,1,,,"AED @ CHURCH OF HOLY NAME OF MARY,PERMATANG TINGGI",P.045 - BUKIT MERTAJAM,,5.2944418,01,SEBERANG PERAI TENGAH,,,,N.14,"LORONG PERMATANG TINGGI INDAH 1,TAMAN PERMATANG TINGGI INDAH,BUKIT MERTAJAM,SEBERANG PERAI TENGAH,14000 PULAU PINANG",P.045,,SPT,, ,N.14 - MACHANG BUBUK,244,,100.48025690039309,5.294441800367891
,330,10003,,,BUKIT MERTAJAM,,,MACHANG BUBUK,,100.4808029,,07,1,,,AED @ RECEPTION COUNTER  MUTIARA DENTAL SURGERY,P.045 - BUKIT MERTAJAM,,5.3326106,01,SEBERANG PERAI TENGAH,,,,N.14,"3089,JALAN ROZHAN,TAMAN ROZHAN,14000 BUKIT MERTAJAM,PULAU PINANG",P.045,,SPT,,012-4051191,N.14 - MACHANG BUBUK,245,,100.48080289994472,5.332610600125239
,331,10004,,,BUKIT MERTAJAM,,,BERAPIT,,100.4731214,,07,1,,,AED @ PASAR AWAM KAMPUNG BARU BUKIT MAERTAJAM,P.045 - BUKIT MERTAJAM,,5.3486189,01,SEBERANG PERAI TENGAH,,,,N.13,"TAMAN SEPAKAT,14000 BUKIT MERTAJAM,SEBERANG PERAI TENGAH PULAU PINANG.",P.045,,SPT,, ,N.13 - BERAPIT,246,,100.47312139990815,5.348618899635698
,332,10005,,,BUKIT MERTAJAM,,,PADANG LALANG,,100.4572887,,07,1,,,AED @ SRJK BENG TEIK,P.045 - BUKIT MERTAJAM,,5.3475753,01,SEBERANG PERAI TENGAH,,,,N.15,"PT 2946,MUKIM 10,JALAN KOTA PERMAI,14000 BUKIT MERTAJAM PULAU PINANG.",P.045,,SPT,,04-5395523,N.15 - PADANG LALANG,247,,100.45728870003923,5.347575300309669
,333,10006,,,BUKIT MERTAJAM,,,MACHANG BUBUK,,100.4930521,,07,1,,,AED @ TAMAN RIMBA CHEROK TOKUN,P.045 - BUKIT MERTAJAM,,5.3575872,01,SEBERANG PERAI TENGAH,,,,N.14,"JALAN KOLAM,KAMPUNG TELUK BUKIT,14000 BUKIT MERTAJAM PULAU PINANG.",P.045,,SPT,, ,N.14 - MACHANG BUBUK,248,,100.49305209968158,5.357587199934231
,334,10007,,,BUKIT MERTAJAM,,,PADANG LALANG,,100.4460094,,07,1,,,AED @ JIT SIN HIGH SCHOOL,P.045 - BUKIT MERTAJAM,,5.3435756,01,SEBERANG PERAI TENGAH,,,,N.15,"JALAN BINJAI SRI RAMBAI,14000 BUKIT MERTAJAM, PULAU PINANG.",P.045,,SPT,,04-5391036,N.15 - PADANG LALANG,249,,100.44600940038912,5.343575599760589
,335,10008,,,BUKIT MERTAJAM,,,PADANG LALANG,,100.4495413,,07,1,,,AED @ KOMPLEKS SUKAN MBSP,P.045 - BUKIT MERTAJAM,,5.3539346,01,SEBERANG PERAI TENGAH,,,,N.15,"1,JALAN BETEK,TAMAN SUNGAI RAMBAI,14000 BUKIT MERTAJAM,PULAU PINANG.",P.045,,SPT,,04-5305685,N.15 - PADANG LALANG,250,,100.44954130005743,5.353934599838549
,336,10009,,,BUKIT MERTAJAM,,,PADANG LALANG,,100.4533917,,07,1,,,AED @ SJKC KEOW KUANG,P.045 - BUKIT MERTAJAM,,5.3566426,01,SEBERANG PERAI TENGAH,,,,N.15,"1864,JALAN BUKIT KECIL,KAMPUNG SUNGAI RAMBAI,14000 BUKIT MERTAJAM PULAU PINANG.",P.045,,SPT,,04-5384929,N.15 - PADANG LALANG,251,,100.45339170007848,5.3566425998400575
,337,10010,,,BUKIT MERTAJAM,,,BERAPIT,,100.4637732,,07,1,,,AED @ JIT SIN INDEPENDENT HIGHT SCHOOL,P.045 - BUKIT MERTAJAM,,5.3636805,01,SEBERANG PERAI TENGAH,,,,N.13,"JALAN CHEE BEE NOOR,14000 BUKIT MERTAJAM,PULAU PINANG",P.045,,SPT,,04-5305063,N.13 - BERAPIT,252,,100.46377320021142,5.363680500291992
,338,10011,,,PERMATANG PAUH,,,SEBERANG JAYA,,100.4119494,,07,1,,,AED @ SRJK(C) SENG KEOW,P.044 - PERMATANG PAUH,,5.3958016,01,SEBERANG PERAI TENGAH,,,,N.10,"KAMPUNG TAMAN BARU,13700 SEBERANG JAYA SEBERANG PERAI TENGAH PULAU PINANG.",P.044,,SPT,,04-3909533,N.10 - SEBERANG JAYA,253,,100.41194939997003,5.395801600445053
,339,10012,,,PERMATANG PAUH,,,PERMATANG PASIR,,100.4128622,,07,1,,,AED @ SRJK(C) LAY KEOW,P.044 - PERMATANG PAUH,,5.4110092,01,SEBERANG PERAI TENGAH,,,,N.11,"JALAN SAMA GAGAH,TAMAN SAMAGAGAH,13500 PERMATANG PAUH,PULAU PINANG.",P.044,,SPT,,43998448,N.11 - PERMATANG PASIR,254,,100.41286219956078,5.4110092001851235
,340,20005,,,BAGAN,,,BAGAN DALAM,,100.3737005,,07,1,,,AED @ BALAI BOMBA  SUKARELA NEW FERRY BUTTERWORTH,P.043 - BAGAN,,5.3949622,02,SEBERANG PERAI UTARA,,,,N.09,"JALAN ASSUMPTION,KAMPUNG BAGAN DALAM,12100 BUTTERWORTH,SEBERANG PERAI UTARA,PULAU PINANG.",P.043,,SPU,,018-4040970,N.09 - BAGAN DALAM,255,,100.37370049973285,5.394962199814575
,341,20006,,,BAGAN,,,BAGAN JERMAL,,100.3725298,,07,1,,,AED @ SJK(C) CHUNG HWA PUSAT,P.043 - BAGAN,,5.4159073,02,SEBERANG PERAI UTARA,,,,N.08,"JALAN KAMPUNG GAJAH,KAMPUNG GAJAH,12200 BUTTERWORTH,PULAU PINANG.",P.043,,SPU,,04-3237419,N.08 - BAGAN JERMAL,256,,100.37252979993106,5.415907300080251
,342,20007,,,TASEK GELUGOR,,,SUNGAI DUA,,100.4328789,,07,1,,,AED @ SRJK(C) KAI CHEE,P.042 - TASEK GELUGOR,,5.4440208,02,SEBERANG PERAI UTARA,,,,N.05,"TAMAN PENGKALAN MACHANG,13800 BUTTERWORTH,PULAU PINANG.",P.042,,SPU,,04-3565531,N.05 - SUNGAI DUA,257,,100.43287890043057,5.444020799566408
,343,20008,,,TASEK GELUGOR,,,TELOK AYER TAWAR,,100.3840275,,07,1,,,AED @ SJK(C) AIK KEOW,P.042 - TASEK GELUGOR,,5.4806313,02,SEBERANG PERAI UTARA,,,,N.06,"1,BUTTERWORTH,13050 SEBERANG PERAI UTARA,PULAU PINANG.",P.042,,SPU,,04-3513455,N.06 - TELOK AYER TAWAR,258,,100.38402749988221,5.480631300110536
,344,40053,,,BAYAN BARU,,,BATU UBAN,,100.3116916,,07,1,,,AED @ PEJABAT PRETASI ELIT MAJLIS SUKAN NEGERI,P.052 - BAYAN BARU,,5.3591405,04,TIMOR LAUT,,,,N.35,"GELUGOR,11700 TIMUR LAUT,PULAU PINANG.",P.052,,DTL,,04-6593713,N.35 - BATU UBAN,259,,100.31169159985672,5.3591404997201275
,345,40054,,,BAYAN BARU,,,BATU UBAN,,100.3118465,,07,1,,,AED @ GIMNASIUM MSN MAJLIS SUKAN NEGERI,P.052 - BAYAN BARU,,5.3573935,04,TIMOR LAUT,,,,N.35,"GELUGOR,11700 TIMUR LAUT,PULAU PINANG.",P.052,,DTL,,04-6593713,N.35 - BATU UBAN,260,,100.31184649998387,5.357393499976386
,346,40055,,,BAYAN BARU,,,BATU UBAN,,100.3125588,,07,1,,,AED @  KOMPLEKS SILAT MAJLIS SUKAN NEGERI,P.052 - BAYAN BARU,,5.3580627,04,TIMOR LAUT,,,,N.35,"GELUGOR,11700 TIMUR LAUT,PULAU PINANG.",P.052,,DTL,,04-6593713,N.35 - BATU UBAN,261,,100.31255880025097,5.358062699791308
,347,40056,,,BAYAN BARU,,,BATU UBAN,,100.302721,,07,1,,,AED @ KOMPLEKS PUSAT SEJAHTERA H29,P.052 - BAYAN BARU,,5.359454,04,TIMOR LAUT,,,,N.35,"JALAN MAHASISWA,UNIVERSITI SAINS MALAYSIA,GELUGOR,11800 TIMUR LAUT,PULAU PINANG.",P.052,,DTL,, ,N.35 - BATU UBAN,262,,100.30272099999267,5.35945399991935
,348,40057,,,BAYAN BARU,,,BATU UBAN,,100.3006661,,07,1,,,AED @ TERMINAL BUS EKSPRES SUNGAI NIBONG,P.052 - BAYAN BARU,,5.3435453,04,TIMOR LAUT,,,,N.35,"36, JALAN SULTAN AZLAN SHAH,KAMPUNG DUA BUKIT,11900 GELUGOR,PULAU PINANG.",P.052,,DTL,,04-6592099,N.35 - BATU UBAN,263,,100.30066610016186,5.343545299961756
,349,40058,,,BAYAN BARU,,,BATU UBAN,,100.29656,,07,1,,,AED @ CANTEEN PHOR TAY HIGH SCHOOL,P.052 - BAYAN BARU,,5.343188,04,TIMOR LAUT,,,,N.35,"731,JALAN SUNGAI DUA,11700 BAYAN LEPAS,PULAU PINANG.",P.052,,DTL,,04-6442772,N.35 - BATU UBAN,264,,100.29655999968259,5.343187999816069
,350,40059,,,BAYAN BARU,,,BATU UBAN,,100.2965524,,07,1,,,AED @ SJKC KWANG HWA,P.052 - BAYAN BARU,,5.3356822,04,TIMOR LAUT,,,,N.35,"39,JALAN SULTAN AZLAN SHAH,KAMPUNG SUNGAI NIBONG,11900 BAYAN LEPAS,PULAU PINANG.",P.052,,DTL,,04-6430313,N.35 - BATU UBAN,265,,100.29655239988608,5.335682199775866
,351,50004,,,BALIK PULAU,,,BAYAN LEPAS,,100.2709277,,07,1,,,AED @ SJKC CHUNG SHAN,P.053 - BALIK PULAU,,5.2980164,05,BARAT DAYA,,,,N.38,"JALAN SULTAN AZLAN SHAH,LAMPANGAN TERBANG ANTARABANGSA 11900 BAYAN LEPAS,PULAU PINANG.",P.053,,DBD,,46436559,N.38 - BAYAN LEPAS,266,,100.27092770027168,5.298016399755354
,352,50005,,,BAYAN BARU,,,BATU MAUNG,,100.2656694,,07,1,,,AED @ PENANG AIRPORT DEPARTURE FLOOR 1ST FLOOR,P.052 - BAYAN BARU,,5.2931109,05,BARAT DAYA,,,,N.37,"JALAN SULTAN AZLAN SHAH,BAYAN LEPAS INDUSTRIAL ZONE,11900 BAYAN LEPAS,PULAU PINANG.",P.052,,DBD,, ,N.37 - BATU MAUNG,267,,100.26566939978647,5.293110899708966
,353,50006,,,BAYAN BARU,,,BATU MAUNG,,100.2651417,,07,1,,,AED @ PENANG AIRPORT INTERNATIONAL ARRIVAL,P.052 - BAYAN BARU,,5.2924085,05,BARAT DAYA,,,,N.37,"JALAN SULTAN AZLAN SHAH,BAYAN LEPAS INDUSTRIAL ZONE,11900 BAYAN LEPAS,PULAU PINANG.",P.052,,DBD,,04-2520252,N.37 - BATU MAUNG,268,,100.26514169988778,5.292408499873955
,354,50007,,,BALIK PULAU,,,BAYAN LEPAS,,100.2326521,,07,1,,,AED @ LEXIS SUITES PENANG,P.053 - BALIK PULAU,,5.286874,05,BARAT DAYA,,,,N.38,"28,JALAN TELUK KUMBAR,11920 BAYAN LEPAS,PULAU PINANG.",P.053,,DBD,,04-6282888,N.38 - BAYAN LEPAS,269,,100.23265209973155,5.286874000129516
,270,30005,Pejabat Yb H'ng Mooi Lye ,,NIBONG TEBAL,,,JAWI,,100.47447173,1786665600000,07,1,,,AED @ PASUKAN BOMBA SUKARELA NIBONG TEBAL,P.047 - NIBONG TEBAL,,5.16447182,03,SEBERANG PERAI SELATAN,,,,N.19,"JALAN ALONG NURI, 14300 NIBONG TEBAL, PULAU PINANG",P.047,Pejabat Yb H'ng Mooi Lye ,SPS,,,N.19 - JAWI,270,,100.47447172819689,5.164471815648522
,271,30006,Pejabat Yb H'ng Mooi Lye ,,NIBONG TEBAL,,,JAWI,,100.49530444,1786665600000,07,1,,,AED @ DEWAN SERBAGUNA JKKK JAWI,P.047 - NIBONG TEBAL,,5.21345142,03,SEBERANG PERAI SELATAN,,,,N.19,"LORONG 2, KAMPUNG JAWI, 14200 SUNGAI JAWI, PULAU PINANG",P.047,Pejabat Yb H'ng Mooi Lye ,SPS,,,N.19 - JAWI,271,,100.49530443624256,5.2134514167593755
,272,30007,Pejabat Yb H'ng Mooi Lye ,,NIBONG TEBAL,,,JAWI,,100.48714704,1786665600000,07,1,,,AED @ PASUKAN BOMBA SUKARELA SUNGAI JAWI,P.047 - NIBONG TEBAL,,5.2002015,03,SEBERANG PERAI SELATAN,,,,N.19,"LOT 1211-A, TINGKAT SERINDIT 1, TAMAN DESA JAWI, 14200 SUNGAI JAWI, PULAU PINANG",P.047,Pejabat Yb H'ng Mooi Lye ,SPS,,,N.19 - JAWI,272,,100.48714703678019,5.200201501122134
,273,30008,Pejabat Yb H'ng Mooi Lye ,,NIBONG TEBAL,,,JAWI,,100.467589,1786665600000,07,1,,,AED @ DEWAN MPKK CHANGKAT,P.047 - NIBONG TEBAL,,5.194542,03,SEBERANG PERAI SELATAN,,,,N.19,"14200 SUNGAI JAWI, PENANG",P.047,Pejabat Yb H'ng Mooi Lye ,SPS,,,N.19 - JAWI,273,,100.46755443829662,5.194505676230996
,274,50042,,,BALIK PULAU,,,TELOK BAHANG,,100.2152,,07,1,,,AED @ ENTOPHIA,P.053 - BALIK PULAU,AED Plus,5.4491,05,BARAT DAYA,,2017,,N.40,"830, JALAN TELUK BAHANG, 11050 PENANG, MALAYSIA",P.053,,DBD,,,N.40 - TELOK BAHANG,274,,100.21520000006531,5.449099999579702
,275,50043,,,BAYAN BARU,,,PANTAI JEREJAK,,100.2835,,07,1,,,AED @ SRJK MIN SIN,P.052 - BAYAN BARU,AED Plus,5.3315,05,BARAT DAYA,,2019,,N.36,"86, JALAN TUN DR AWANG, BUKIT JAMBUL, 11900 BAYAN LEPAS, PULAU PINANG",P.052,,DBD,,,N.36 - PANTAI JEREJAK,275,,100.28350000039225,5.331500000241615
,276,40190,,,BAYAN BARU,,,BATU UBAN,,100.2915,,07,1,,,AED @ BUKIT JAMBUL HIKING TRAIL PEAK(BEI XIAO SAN),P.052 - BAYAN BARU,Heartsine,5.3412,04,TIMOR LAUT,,2021,,N.35,"LINTANG BUKIT JAMBUL 1, BJ COVE, 11900 BAYAN LEPAS, PULAU PINANG",P.052,,DTL,,,N.35 - BATU UBAN,276,,100.29149999998587,5.341200000203553
,277,50044,,,BALIK PULAU,,,BAYAN LEPAS,,100.2312,,07,1,,,AED @ BALAI POLIS TELUK KUMBAR,P.053 - BALIK PULAU,AED Plus,5.2912,05,BARAT DAYA,,2022,,N.38,"JALAN GERTAK SANGGUL, 11910 BAYAN LEPAS, PULAU PINANG",P.053,,DBD,,,N.38 - BAYAN LEPAS,277,,100.23119999982156,5.291199999729223
,278,50045,,,BAYAN BARU,,,BATU MAUNG,,100.2741,,07,1,,,AED @ SUNGAI ARA AMBULANS KOMUNITI,P.052 - BAYAN BARU,AED Plus,5.3285,05,BARAT DAYA,,2022,,N.37,"JALAN SUNGAI ARA 1, SUNGAI ARA, 11900 BAYAN LEPAS, PULAU PINANG",P.052,,DBD,,,N.37 - BATU MAUNG,278,,100.27410000021062,5.328499999754006
,279,50046,,,BALIK PULAU,,,BAYAN LEPAS,,100.2695,,07,1,,,AED @ GUARD POST SP SETIA PEARL ISLAND,P.053 - BALIK PULAU,AED Plus,5.2985,05,BARAT DAYA,,2022,,N.38,"70, JALAN NURI 3, SETIA PEARL ISLAND, 11900 BAYAN LEPAS, PULAU PINANG",P.053,,DBD,,,N.38 - BAYAN LEPAS,279,,100.26950000032215,5.298500000389343
,280,50047,,,BALIK PULAU,,,PULAU BETONG,,100.2395,,07,1,,,AED @ JABATAN BOMBA & PENYELAMAT SERI BALIK PULAU,P.053 - BALIK PULAU,AED Plus,5.3515,05,BARAT DAYA,,2023,,N.39,"KAMPUNG TERANG, KAMPUNG GENTING, 11000 BALIK PULAU, PULAU PINANG",P.053,,DBD,,,N.39 - PULAU BETONG,280,,100.23950000011169,5.351499999752311
,281,50048,,,BAYAN BARU,,,BATU MAUNG,,100.2815,,07,1,,,AED @ ITW MERITEX P1,P.052 - BAYAN BARU,AED Plus,5.2915,05,BARAT DAYA,,2023,,N.37,"BAYAN LEPAS FREE INDUSTRIAL ZONE 3, 11900 BAYAN LEPAS, PENANG",P.052,,DBD,,,N.37 - BATU MAUNG,281,,100.28149999992259,5.29149999995288
,282,50049,,,BAYAN BARU,,,BATU MAUNG,,100.2815,,07,1,,,AED @ ITW MERITEX P1,P.052 - BAYAN BARU,AED Plus,5.2915,05,BARAT DAYA,,2023,,N.37,"HILIR SUNGAI KLUANG 2, BAYAN LEPAS FREE INDUSTRIAL ZONE PHASE 4, 11900 BAYAN LEPAS, PULAU PINANG",P.052,,DBD,,,N.37 - BATU MAUNG,282,,100.28149999992259,5.29149999995288
,283,50050,,,BAYAN BARU,,,BATU MAUNG,,100.2815,,07,1,,,AED @ ITW MERITEX P1,P.052 - BAYAN BARU,AED Plus,5.2915,05,BARAT DAYA,,2023,,N.37,"PLOT 4, MEDAN BAYAN LEPAS, BAYAN LEPAS FREE INDUSTRIAL ZONE PHASE 4, 11900 BAYAN LEPAS, PULAU PINANG",P.052,,DBD,,,N.37 - BATU MAUNG,283,,100.28149999992259,5.29149999995288
,284,50051,,,BALIK PULAU,,,BAYAN LEPAS,,100.2745,,07,1,,,AED @ DEWAN MPKK RELAU,P.053 - BALIK PULAU,Mindray,5.3342,05,BARAT DAYA,,2023,,N.38,"PERSIARAN PAYA TERUBONG 2, TAMAN SRI RELAU, 11900 BAYAN LEPAS, PULAU PINANG",P.053,,DBD,,6012-4056633,N.38 - BAYAN LEPAS,284,,100.27449999960506,5.334200000412646
,285,50052,,,BALIK PULAU,,,TELOK BAHANG,,100.1895,,07,1,,,AED @ TAMAN NEGARA PEJABAT PANTAI KERACHUT,P.053 - BALIK PULAU,AED Plus,5.4612,05,BARAT DAYA,,2025,,N.40,"JALAN HASSAN ABAS, 11050 TANJUNG BUNGAH, PULAU PINANG",P.053,,DBD,,604-8813500,N.40 - TELOK BAHANG,285,,100.18950000040141,5.461199999983627
,286,50053,,,BALIK PULAU,,,PULAU BETONG,,100.2395,,07,1,,,AED @ JABATAN BOMBA & PENYELAMAT SERI BALIK PULAU,P.053 - BALIK PULAU,AED Plus,5.3515,05,BARAT DAYA,,2025,,N.39,"JALAN AIR PUTIH, TITI TERAS AIR PUTIH, 11000 BALIK PULAU, PULAU PINANG",P.053,,DBD,,604-8669444,N.39 - PULAU BETONG,286,,100.23950000011169,5.351499999752311
,287,10022,,,BATU KAWAN,,,PERAI,,100.3845,,07,1,,,AED @ AED @ VALEO MALAYSIA CDA SDN BHD (PRAI),P.046 - BATU KAWAN,AED Plus,5.3725,01,SEBERANG PERAI TENGAH,,2019,,N.16,"410, LOR PERUSAHAAN 8, KAWASAN PERUSAHAAN BEBAS PERAI, 13600 PERAI, PENANG",P.046,Company Owned,SPT,,,N.16 - PERAI,287,,100.38449999984705,5.372499999953791
,288,10023,,,PERMATANG PAUH,,,SEBERANG JAYA,,100.4295,,07,1,,,AED @ AED @ MASJID SEBERANG PERAI TENGAH BANDAR PERDA,P.044 - PERMATANG PAUH,AED Plus,5.3695,01,SEBERANG PERAI TENGAH,,2022,,N.10,MASJID SEBERANG PERAI TENGAH BANDAR PERDA,P.044,Masjid,SPT,,,N.10 - SEBERANG JAYA,288,,100.42949999987013,5.369500000339116
,289,30009,,,NIBONG TEBAL,,,SUNGAI BAKAP,,100.4795,,07,1,,,AED @ YENHER AGRO PRODUCT SDN BHD TAMAN IKS SIMPANG AMPAT,P.047 - NIBONG TEBAL,Mindray,5.2795,03,SEBERANG PERAI SELATAN,,2023,,N.20,YENHER AGRO PRODUCT SDN BHD TAMAN IKS SIMPANG AMPAT,P.047,Company Owned,SPS,,,N.20 - SUNGAI BAKAP,289,,100.47949999965002,5.279500000248699
,290,30010,,,NIBONG TEBAL,,,SUNGAI BAKAP,,100.4842,,07,1,,,AED @ ACTIFORCE MECHATRONICS TECHNOLOGY SDN BHD,P.047 - NIBONG TEBAL,AED Plus,5.2815,03,SEBERANG PERAI SELATAN,,2023,,N.20,ACTIFORCE MECHATRONICS TECHNOLOGY SDN BHD,P.047,Company Owned,SPS,,,N.20 - SUNGAI BAKAP,290,,100.48419999965878,5.281500000234861
,291,30011,,,NIBONG TEBAL,,,SUNGAI BAKAP,,100.4812,,07,1,,,AED @ SAFETYWARE SDN BHD,P.047 - NIBONG TEBAL,AED Plus,5.2862,03,SEBERANG PERAI SELATAN,,2023,,N.20,"PLOT 237, LENGKOK PERINDUSTRIAN BUKIT MINYAK 3, BUKIT MINYAK INDUSTRIAL ESTATE, 14100 SIMPANG AMPAT, PULAU PINANG",P.047,Company Owned,SPS,,,N.20 - SUNGAI BAKAP,291,,100.48119999993554,5.286199999650811
,292,10024,,,BATU KAWAN,,,BUKIT TENGAH,,100.4295,,07,1,,,AED @ JURU AUTOCITY PHASE 3 (SUITE HOTEL),P.046 - BATU KAWAN,AED Plus,5.3385,01,SEBERANG PERAI TENGAH,,2023,,N.17,,P.046,PHSS,SPT,,,N.17 - BUKIT TENGAH,292,,100.42950000011852,5.338500000119998
,293,10025,,,BUKIT MERTAJAM,,,PADANG LALANG,,100.4611,,07,1,,,AED @ BUKIT MERTAJAM TUA PEK KONG TEMPLE FOOD ARCADE ENTRANCE,P.045 - BUKIT MERTAJAM,AED Plus,5.3642,01,SEBERANG PERAI TENGAH,,2023,,N.15,"JALAN PASAR, 14000 BUKIT MERTAJAM, PULAU PINANG",P.045,PHSS,SPT,,,N.15 - PADANG LALANG,293,,100.46109999987506,5.364199999740001
,294,10026,,,BUKIT MERTAJAM,,,MACHANG BUBUK,,100.4842,,07,1,,,AED @ PERSATUAN PENDUDUK TAMAN BUKIT INDAH (RATBI),P.045 - BUKIT MERTAJAM,AED Plus,5.3582,01,SEBERANG PERAI TENGAH,,2023,,N.14,PERSATUAN PENDUDUK TAMAN BUKIT INDAH (RATBI),P.045,Local Residence Association,SPT,,,N.14 - MACHANG BUBUK,294,,100.48420000029536,5.358200000355022
,295,10027,,,BATU KAWAN,,,BUKIT TENGAH,,100.4762,,07,1,,,AED @ SRK PERMATANG TINGGI,P.046 - BATU KAWAN,AED Plus,5.2995,01,SEBERANG PERAI TENGAH,,2023,,N.17,"JALAN BARU, KAMPUNG PERMATANG TINGGI, 14100 BUKIT MERTAJAM, PULAU PINANG",P.046,Local Residence Association,SPT,,,N.17 - BUKIT TENGAH,295,,100.47620000013316,5.299500000443054
,296,10028,,,BUKIT MERTAJAM,,,BERAPIT,,100.47560685,,07,1,,,AED @ DEWAN MPKK TAMAN TENANG,P.045 - BUKIT MERTAJAM,Mindray,5.34945622,01,SEBERANG PERAI TENGAH,,2024,,N.13,"LORONG TENANG 9, TAMAN SRI TENANG, 14000 BUKIT MERTAJAM, PENANG",P.045,YB Office,SPT,,,N.13 - BERAPIT,296,,100.47560684599416,5.349456223199428
,297,30012,,,NIBONG TEBAL,,,SUNGAI BAKAP,,100.4812,,07,1,,,"AED @ TABIKA PERPADUAN TAMAN TANGLING, SIMPANG AMPAT",P.047 - NIBONG TEBAL,Mindray,5.2762,03,SEBERANG PERAI SELATAN,,2024,,N.20,"LRG BELIBIS 15, TAMAN TANGLING, 14100 SIMPANG AMPAT, PULAU PINANG",P.047,JMB,SPS,,,N.20 - SUNGAI BAKAP,297,,100.48120000020184,5.276200000026202
,298,10029,,,BUKIT MERTAJAM,,,BERAPIT,,100.4695,,07,1,,,AED @ BERAPIT SPORT CENTER,P.045 - BUKIT MERTAJAM,Mindray,5.3795,01,SEBERANG PERAI TENGAH,,2024,,N.13,"JALAN KAMPUNG BESAR BERAPIT PERMATANG PAUH, 14000 BUKIT MERTAJAM, PULAU PINANG",P.045,Building owner,SPT,,,N.13 - BERAPIT,298,,100.46950000016388,5.379500000034568
,299,10030,,,BUKIT MERTAJAM,,,PADANG LALANG,,100.4495,,07,1,,,AED @ PERSATUAN PENGANUT TIT LENG KONG DESA DAMAI,P.045 - BUKIT MERTAJAM,Mindray,5.3585,01,SEBERANG PERAI TENGAH,,2024,,N.15,"2, JALAN NANGKA, TAMAN DESA DAMAI, 14000 BUKIT MERTAJAM, PULAU PINANG",P.045,YB Office,SPT,,,N.15 - PADANG LALANG,299,,100.44950000013382,5.358499999587693
,301,20015,,,BAGAN,,,BAGAN JERMAL,,100.3795,,07,1,,,AED @ TAPAK BOLA KERANJANG MPKK PERWIRA,P.043 - BAGAN,Mindray,5.4165,02,SEBERANG PERAI UTARA,,2025,,N.08,,P.043,MPKK,SPU,,,N.08 - BAGAN JERMAL,301,,100.37949999969281,5.416499999588329
,302,10031,,,BUKIT MERTAJAM,,,MACHANG BUBUK,,100.4682,,07,1,,,AED @ RUMAH PANGSA KOS RENDAH TAMAN PERDANA,P.045 - BUKIT MERTAJAM,Mindray,5.3125,01,SEBERANG PERAI TENGAH,,2024,,N.14,,P.045,Lions Club,SPT,,,N.14 - MACHANG BUBUK,302,,100.46820000019028,5.312500000319263
,303,10032,,,BATU KAWAN,,,BUKIT TENGAH,,100.4615,,07,1,,,AED @ HANWA STEEL CENTRE (M) SDN. BHD. (HEAD QUARTER),P.046 - BATU KAWAN,AED Plus,5.2912,01,SEBERANG PERAI TENGAH,,2025,,N.17,HANWA STEEL CENTRE (M) SDN. BHD. (HEAD QUARTER),P.046,Building Owner,SPT,,,N.17 - BUKIT TENGAH,303,,100.46150000007438,5.291199999551576
,304,10033,,,BATU KAWAN,,,BUKIT TENGAH,,100.4412,,07,1,,,AED @ DEWAN SERBAGUNA PERKAMPUNGAN JURU,P.046 - BATU KAWAN,AED Plus,5.3162,01,SEBERANG PERAI TENGAH,,2025,,N.17,"JALAN BESAR, PERKAMPUNGAN JURU, 14100 BUKIT MERTAJAM, PULAU PINANG",P.046,PHSS,SPT,,,N.17 - BUKIT TENGAH,304,,100.44119999961022,5.316199999994307
,305,10034,,,BUKIT MERTAJAM,,,PADANG LALANG,,100.4642,,07,1,,,AED @ DEWAN SERBAGUNA SERI AKASIA,P.045 - BUKIT MERTAJAM,AED Plus,5.3425,01,SEBERANG PERAI TENGAH,,2025,,N.15,"LORONG AKASIA 22, TAMAN SERI AKASIA, 14400 BUKIT MERTAJAM, PULAU PINANG",P.045,PHSS,SPT,,,N.15 - PADANG LALANG,305,,100.46419999997212,5.342500000160873
,306,30013,,,NIBONG TEBAL,,,JAWI,,100.4785,1778716800000,07,1,,,AED @ BALAI POLIS NIBONG TEBAL,P.047 - NIBONG TEBAL,AED Plus,5.1685,03,SEBERANG PERAI SELATAN,,2022,,N.19,"BALAI POLIS NIBONG TEBAL 14300 NIBONG TEBAL, PENANG",P.047,PHSS,SPS,,,N.19 - JAWI,306,,100.47849999963023,5.168499999609947
,307,30014,,,BATU KAWAN,,,BUKIT TAMBUN,,100.3912,,07,1,,,AED @ MASJID AR-RAHMAN PULAU AMAN,P.046 - BATU KAWAN,AED Plus,5.2675,03,SEBERANG PERAI SELATAN,,2022,,N.18,"14110 SIMPANG EMPAT, NIBONG TEBAL",P.046,PHSS,SPS,,,N.18 - BUKIT TAMBUN,307,,100.39120000007217,5.2674999998288605
,308,30015,,,BATU KAWAN,,,BUKIT TAMBUN,,100.4395,,07,2,,,AED @ STADIUM BATU KAWAN ,P.046 - BATU KAWAN,AED Plus,5.2745,03,SEBERANG PERAI SELATAN,,2022,,N.18,"JALAN TUN ABDULLAH AHMAD BADAWI, BATU KAWAN, 14100 SIMPANG AMPAT, PULAU PINANG",P.046,MBSP,SPS,,,N.18 - BUKIT TAMBUN,308,,100.43949999999205,5.274500000076963
,309,10035,,,BATU KAWAN,,,BUKIT TENGAH,,100.4215,,07,1,,,AED @ SRJK PEI YU,P.046 - BATU KAWAN,Philips,5.3524,01,SEBERANG PERAI TENGAH,,2019,,N.17,"JALAN DATUK HAJI AHMAD BADAWI, 13100 KEPALA BATAS, PULAU PINANG",P.046,School Owned,SPT,,,N.17 - BUKIT TENGAH,309,,100.42150000008515,5.352399999661476
,310,20016,,,KEPALA BATAS,,,PINANG TUNGGAL,,100.4995,,07,1,,,AED @ BICYCLE TRAIL PINANG TUNGGAL,P.041 - KEPALA BATAS,AED Plus,5.5495,02,SEBERANG PERAI UTARA,,2022,,N.03,,P.041,PHSS,SPU,,,N.03 - PINANG TUNGGAL,310,,100.49950000035146,5.54949999986058
,311,20017,,,KEPALA BATAS,,,BERTAM,,100.4285,,07,1,,,AED @ DEWAN MILENIUM KEPALA BATAS,P.041 - KEPALA BATAS,AED Plus,5.5165,02,SEBERANG PERAI UTARA,,2022,,N.02,"PEJABAT TANAH PULAU PINANG, JALAN BERTAM 2, 13100 KEPALA BATAS, PENANG",P.041,PHSS,SPU,,,N.02 - BERTAM,311,,100.42849999990348,5.5164999997636475
,312,20018,,,KEPALA BATAS,,,BERTAM,,100.4245,,07,1,,,AED @ MASJID DAERAH SPU,P.041 - KEPALA BATAS,AED Plus,5.5162,02,SEBERANG PERAI UTARA,,2022,,N.02,"JALAN TELUK AIR TAWAR, TELOK AIR TAWAR, 13050 BUTTERWORTH, PULAU PINANG",P.041,Masjid,SPU,,,N.02 - BERTAM,312,,100.42450000031108,5.516200000285188
,313,20019,,,KEPALA BATAS,,,PINANG TUNGGAL,,100.4412,,07,1,,,AED @ MASJID ABDULLAH FAHIM,P.041 - KEPALA BATAS,AED Plus,5.5185,02,SEBERANG PERAI UTARA,,2022,,N.03,"JLN TUN HAMDAN SHEIKH TAHIR, 13200 KEPALA BATAS, PENANG",P.041,Masjid,SPU,,,N.03 - PINANG TUNGGAL,313,,100.4412000001213,5.518500000178777
,314,20020,,,KEPALA BATAS,,,PENAGA,,100.4195,,07,1,,,AED @ KAMPUNG AGONG,P.041 - KEPALA BATAS,AED Plus,5.5562,02,SEBERANG PERAI UTARA,,2023,,N.01,,P.041,PHSS,SPU,,,N.01 - PENAGA,314,,100.41949999998677,5.556199999611331
,315,20021,,,BAGAN,,,BAGAN DALAM,,100.3645,,07,1,,,AED @ PENANG PORT - MAINLAND PORT,P.043 - BAGAN,Mindray,5.3945,02,SEBERANG PERAI UTARA,,2024,,N.09,"4952, JALAN DATO HAJI AHMAD SAID, 12000 BUTTERWORTH, PULAU PINANG",P.043,Penang Port,SPU,,,N.09 - BAGAN DALAM,315,,100.36450000008482,5.3944999995671745
,316,20022,,,BAGAN,,,BAGAN JERMAL,,100.3842,,07,1,,,AED @ SJKC MAK MANDIN,P.043 - BAGAN,Philips,5.4195,02,SEBERANG PERAI UTARA,,2024,,N.08,"TINGKAT MAK MANDIN 2, KAWASAN PERINDUSTRIAN MAK MANDIN, 13400 BUTTERWORTH, PULAU PINANG",P.043,School Board of Director,SPU,,,N.08 - BAGAN JERMAL,316,,100.38420000029363,5.4195000002803155
,317,20023,,,BAGAN,,,BAGAN JERMAL,,100.3845,,07,1,,,AED @ PASAR AWAM SRI UDA,P.043 - BAGAN,AED Plus,5.4312,02,SEBERANG PERAI UTARA,,2024,,N.08,"18-20, JALAN BUNGA RAYA MERAH 2, RAJA UDA INDUSTRIAL ESTATE, 12300 BUTTERWORTH, PULAU PINANG",P.043,PHSS,SPU,,,N.08 - BAGAN JERMAL,317,,100.38450000042218,5.431199999800402
,318,20024,,,BAGAN,,,BAGAN DALAM,,100.3862,,07,1,,,AED @ TAPAK BOLA KERANJANG TAMAN BAGAN,P.043 - BAGAN,AED Plus,5.4112,02,SEBERANG PERAI UTARA,,2024,,N.09,"JALAN BAGAN 17, TAMAN BAGAN, 13400 BUTTERWORTH, PULAU PINANG",P.043,PHSS,SPU,,,N.09 - BAGAN DALAM,318,,100.38620000043557,5.411200000300863
,320,20025,,,BAGAN,,,SUNGAI PUYU,,100.3942,,07,1,,,AED @ PERTUBUHAN PERAYAAN YEE LAN SEN HOAY DAN CHEY KONG HUA HOAD IN BAGAN LALLANG,P.043 - BAGAN,Mindray,5.4295,02,SEBERANG PERAI UTARA,,2024,,N.07,"KAWASAN PERINDUSTRIAN MAK MANDIN, 13400 BUTTERWORTH, PENANG",P.043,YB Office,SPU,,,N.07 - SUNGAI PUYU,320,,100.39419999955604,5.429499999573024
,321,20026,,,BAGAN,,,BAGAN JERMAL,,100.3815,,07,1,,,AED @ PUSAT KHIDMAT ADUN BAGAN JERMAL,P.043 - BAGAN,Mindray,5.4342,02,SEBERANG PERAI UTARA,,2024,,N.08,"JALAN CERI, &, JALAN RAJA UDA, TAMAN AMAN JAYA, 12300 BUTTERWORTH, PENANG",P.043,YB Office,SPU,,,N.08 - BAGAN JERMAL,321,,100.38150000002928,5.434199999838399
,322,20027,,,BAGAN,,,BAGAN JERMAL,,100.3842,,07,1,,,AED @ SJKC MAK MANDIN,P.043 - BAGAN,Mindray,5.4195,02,SEBERANG PERAI UTARA,,2024,,N.08,"TAMAN TANJUNG, 12300 BUTTERWORTH, PENANG",P.043,YB Office,SPU,,,N.08 - BAGAN JERMAL,322,,100.38420000029363,5.4195000002803155
,323,20028,,,KEPALA BATAS,,,BERTAM,,100.4195,,07,1,,,"AED @ KOMPLEKS MAKANAN PERMATANG MANGGIS, KEPALA BATAS",P.041 - KEPALA BATAS,Mindray,5.5142,02,SEBERANG PERAI UTARA,,2024,,N.02,"PASAR AWAM KEPALA BATAS, KAMPUNG PERMATANG SINTOK, 13100 PENAGA, PULAU PINANG",P.041,MBSP,SPU,,,N.02 - BERTAM,323,,100.41949999984698,5.514199999798706
,324,20029,,,KEPALA BATAS,,,BERTAM,,100.4212,,07,1,,,"AED @ DEPO OPERASI PEMBERSIHAN MBSP, KEPALA BATAS",P.041 - KEPALA BATAS,Mindray,5.5185,02,SEBERANG PERAI UTARA,,2024,,N.02,"DEPO PEMBERSIHAN, PAYA KELADI, PERSIARAN BERTAM PERDANA 1, 13200 KEPALA BATAS, PENANG",P.041,MBSP,SPU,,,N.02 - BERTAM,324,,100.42120000031352,5.518500000313019
,325,20030,,,BAGAN,,,BAGAN JERMAL,,100.3785,,07,1,,,AED @ BUTTERWORTH BUDDHIST ASSOCIATION,P.043 - BAGAN,tiada maklumat ,5.4165,02,SEBERANG PERAI UTARA,,2025,,N.08,"7156, TINGKAT MAK MANDIN 3, MAK MANDIN, 13400 BUTTERWORTH, PULAU PINANG",P.043,MPKK,SPU,,,N.08 - BAGAN JERMAL,325,,100.37850000000591,5.416500000228566
,326,10036,,,BATU KAWAN,,,BUKIT TENGAH,,100.4212,,07,1,,,AED @ PERSATUAN KESEDARAN JENAYAH SEBERANG PERAI PULAU PINANG,P.046 - BATU KAWAN,tiada maklumat ,5.3642,01,SEBERANG PERAI TENGAH,,2025,,N.17,"LORONG TANJUNG AMAN 8, TAMAN TANJUNG AMAN, 12300 BUTTERWORTH, PULAU PINANG",P.046,MPKK,SPT,,,N.17 - BUKIT TENGAH,326,,100.42120000005124,5.364200000390791
,327,20031,,,BAGAN,,,BAGAN JERMAL,,100.3912,,07,2,,,AED @ DEWAN TAMAN SELAYANG PERMAI,P.043 - BAGAN,tiada maklumat ,5.4265,02,SEBERANG PERAI UTARA,,2025,,N.08,"LORONG SELAYANG PERMAI 3, TAMAN SELAYANG PERMAI, 13020 BUTTERWORTH, PULAU PINANG",P.043,MPKK,SPU,,,N.08 - BAGAN JERMAL,327,,100.39120000042594,5.426499999786201
,328,40191,,,BUKIT BENDERA,,,KEBUN BUNGA,,100.2906,,07,5,,,AED @ PENANG BOTANICAL GARDEN (GUARD HOUSE MAIN ENTRANCE ),P.048 - BUKIT BENDERA,AED Plus,5.4376,04,TIMOR LAUT,,2016,,N.24,"KOMPLEKS PENTADBIRAN,BANGUNAN PAVILION, JALAN KEBUN BUNGA, 10350 GEORGE TOWN, PULAU PINANG",P.048,PHSS,DTL,,,N.24 - KEBUN BUNGA,328,,100.29059999985375,5.437600000078474
,329,40192,,,BUKIT BENDERA,,,PULAU TIKUS,,100.3017,,07,1,,,AED @ PENANG YOUTH PARK CAFETERIA,P.048 - BUKIT BENDERA,AED Plus,5.4317,04,TIMOR LAUT,,2016,,N.25,"YOUTH PARK CAR PARK, 10470 GEORGE TOWN, PENANG",P.048,PHSS,DTL,,,N.25 - PULAU TIKUS,329,,100.30170000010294,5.431699999723535
,330,40193,,,BUKIT GELUGOR,,,AIR ITAM,,100.3003,,07,2,,,AED @ CHUNG LING HIGH SCHOOL (HALL),P.051 - BUKIT GELUGOR,AED Plus,5.4034,04,TIMOR LAUT,,2016,,N.33,"CHUNG LING PRIVATE HIGH SCHOOL, LRG KG BARU, 11400 AYER ITAM, PULAU PINANG",P.051,School Alumni,DTL,,,N.33 - AIR ITAM,330,,100.3002999999587,5.403400000276178
,331,40194,,,BUKIT BENDERA,,,PULAU TIKUS,,100.3015,,07,1,,,AED @ PENANG CHINESE GIRLS HIGH SCHOOL (HALL ENTRANCE),P.048 - BUKIT BENDERA,AED Plus,5.4331,04,TIMOR LAUT,,2017,,N.25,"2, JALAN GOTTLIEB, 10350 GEORGE TOWN, PULAU PINANG",P.048,School Alumni,DTL,,,N.25 - PULAU TIKUS,331,,100.30149999967584,5.433100000270976
,332,40195,,,JELUTONG,,,DATOK KERAMAT,,100.3094,,07,1,,,AED @ PENANG MEDICAL COLLEGE,P.050 - JELUTONG,AED Plus,5.4132,04,TIMOR LAUT,,2017,,N.29,"TINGKAT 11B, 8 DAN, RCSI & UCD MALAYSIA CAMPUS (RUMC TINGKAT 2B, TINGKAT, 54, JLN SULTAN AHMAD SHAH, 10050 GEORGE TOWN, PULAU PINANG",P.050,School Owned,DTL,,,N.29 - DATOK KERAMAT,332,,100.30939999969387,5.413200000297584
,333,40196,,,TANJONG,,,PENGKALAN KOTA,,100.3402,,07,1,,,"AED @ JING SI BOOKS & CAFE PENANG, LEBUH PANTAI",P.049 - TANJONG,AED Plus,5.4141,04,TIMOR LAUT,,2017,,N.27,"31, BEACH ST, GEORGETOWN, 10300 GEORGE TOWN, PENANG",P.049,NGO,DTL,,,N.27 - PENGKALAN KOTA,333,,100.34019999992849,5.414099999841069
,334,40197,,,BUKIT GELUGOR,,,SERI DELIMA,,100.3105,,07,1,,,AED @ MASJID JAMEK GELUGOR,P.051 - BUKIT GELUGOR,AED Plus,5.3742,04,TIMOR LAUT,,2018,,N.32,"JALAN SULTAN AZLAN SHAH, KAMPUNG GELUGOR, 11700 GELUGOR, PULAU PINANG",P.051,Masjid,DTL,,,N.32 - SERI DELIMA,334,,100.31049999968192,5.374199999655765
,335,40198,,,BUKIT BENDERA,,,KEBUN BUNGA,,100.2845,,07,1,,,AED @ TUNKU ABDUL RAHMAN UNIVERSITY COLLEGE,P.048 - BUKIT BENDERA,AED 3,5.451,04,TIMOR LAUT,,2018,,N.24,"77, LORONG LEMBAH PERMAI 3, 11200 TANJUNG BUNGAH, PULAU PINANG",P.048,School Owned,DTL,,,N.24 - KEBUN BUNGA,335,,100.28449999962092,5.451000000119434
,336,40199,,,TANJONG,,,KOMTAR,,100.3249,,07,1,,,AED @ PENANG TIMES SQUARE,P.049 - TANJONG,AED Plus,5.4124,04,TIMOR LAUT,,2018,,N.28,"144, JALAN DATO KERAMAT, GEORGE TOWN, 10150 GEORGE TOWN, PULAU PINANG",P.049,Building Management,DTL,,,N.28 - KOMTAR,336,,100.32490000034937,5.412399999635163
,337,40200,,,TANJONG,,,PADANG KOTA,,100.3375,,07,1,,,AED @ GEORGETOWN WORLD HERITAGE INCORPORATE,P.049 - TANJONG,AED Plus,5.4162,04,TIMOR LAUT,,2018,,N.26,"116&118, LBH ACHEH, GEORGE TOWN, 10200 GEORGE TOWN, PULAU PINANG",P.049,Company Owned,DTL,,,N.26 - PADANG KOTA,337,,100.33750000017612,5.416199999754482
,338,40201,,,JELUTONG,,,BATU LANCANG,,100.3045,,07,1,,,AED @ CATHEDRAL CHURCH OF HOLY SPIRIT,P.050 - JELUTONG,AED Plus,5.4012,04,TIMOR LAUT,,2019,,N.31,"1, TINGKAT BESI 1, ISLAND PARK, 11700 GEORGE TOWN, PULAU PINANG",P.050,Church,DTL,,,N.31 - BATU LANCANG,338,,100.30449999955809,5.401199999792126
,339,40202,,,JELUTONG,,,BATU LANCANG,,100.3125,,07,1,,,AED @ HUI YIN SHE,P.050 - JELUTONG,AED Plus,5.4014,04,TIMOR LAUT,,2019,,N.31,,P.050,School Owned,DTL,,,N.31 - BATU LANCANG,339,,100.31250000033242,5.4014000001374995
,340,40203,,,BUKIT GELUGOR,,,PAYA TERUBONG,,100.2795,,07,1,,,AED @ MPKK DESA PERMATA TOKONG DATO,P.051 - BUKIT GELUGOR,AED Plus,5.3952,04,TIMOR LAUT,,2019,,N.34,"30, LINTANG PAYA TERUBONG 3, BANDAR BARU AIR ITAM, 11060 AYER ITAM, PULAU PINANG",P.051,MPKK,DTL,,,N.34 - PAYA TERUBONG,340,,100.27949999985888,5.395200000356581
,341,40204,,,BUKIT BENDERA,,,KEBUN BUNGA,,100.2815,,07,1,,,AED @ PENANG HILL MOON GATE TRAIL POINT 5,P.048 - BUKIT BENDERA,AED Plus,5.4385,04,TIMOR LAUT,,2019,,N.24,,P.048,NGO,DTL,,,N.24 - KEBUN BUNGA,341,,100.28150000017958,5.438499999774765
,342,40205,,,TANJONG,,,PENGKALAN KOTA,,100.3285,,07,1,,,AED @ IBUPEJABAT POLIS KONTIGEN PULAU PINANG,P.049 - TANJONG,AED Plus,5.4112,04,TIMOR LAUT,,2018,,N.27,"JLN PENANG, GEORGE TOWN, 10760 GEORGE TOWN, PULAU PINANG",P.049,PDRM,DTL,,,N.27 - PENGKALAN KOTA,342,,100.32850000030899,5.411200000380344
,343,40206,,,TANJONG,,,PENGKALAN KOTA,,100.3341,,07,1,,,AED @ HARBOUR TRADE CENTRE (PENANG),P.049 - TANJONG,Mindray,5.4072,04,TIMOR LAUT,,2019,,N.27,"10300 GEORGE TOWN, PENANG",P.049,Building Management,DTL,,,N.27 - PENGKALAN KOTA,343,,100.33409999996833,5.407199999696268
,344,50054,,,BAYAN BARU,,,PANTAI JEREJAK,,100.3015,,07,1,,,AED @ B BRAUN GUARD POST,P.052 - BAYAN BARU,AED Plus,5.3281,05,BARAT DAYA,,2019,,N.36,"B11, B. BRAUN MEDICAL INDUSTRIES SDN BHD, LORONG SUNGAI TIRAM, BAYAN LEPAS INDUSTRIAL PARK, 11900 BAYAN LEPAS, PENANG",P.052,Company Owned,DBD,,,N.36 - PANTAI JEREJAK,344,,100.30149999965958,5.328099999986674
,345,40207,,,BUKIT GELUGOR,,,AIR ITAM,,100.3014,,07,2,,,AED @ MASJID NEGERI PULAU PINANG ,P.051 - BUKIT GELUGOR,AED Plus,5.4065,04,TIMOR LAUT,,2019,,N.33,"JLN MASJID NEGERI, 10400 AYER ITAM, PULAU PINANG",P.051,Masjid,DTL,,,N.33 - AIR ITAM,345,,100.30139999988423,5.406500000125293
,346,40208,,,TANJONG,,,PENGKALAN KOTA,,100.3298,,07,1,,,AED @ THE WEMBLEY A ST GILES HOTEL (SECURITY ROOM),P.049 - TANJONG,Philips,5.4128,04,TIMOR LAUT,,2019,,N.27,"183, JALAN MAGAZINE, GEORGE TOWN, 10300 GEORGE TOWN, PULAU PINANG",P.049,Company Owned,DTL,,,N.27 - PENGKALAN KOTA,346,,100.32979999997718,5.412799999701903
,347,40209,,,BAYAN BARU,,,BATU UBAN,,100.3012,,07,1,,,AED @ KOMPLEKS PUSAT SEJAHTERA H29 USM,P.052 - BAYAN BARU,Philips,5.3575,04,TIMOR LAUT,,2019,,N.35,"PUSAT SEJAHTERA (KESIHATAN & PERGIGIAN, UNIVERSITI SAINS MALAYSIA, 11800 GELUGOR, PULAU PINANG",P.052,School Owned,DTL,,,N.35 - BATU UBAN,347,,100.30119999973937,5.357499999788638
,348,10037,,,BATU KAWAN,,,PERAI,,100.3785,,07,1,,,AED @ SRJK CHUNG HWA PUSAT,P.046 - BATU KAWAN,Philips,5.3912,01,SEBERANG PERAI TENGAH,,2019,,N.16,"KAMPUNG GAJAH, 12300 BUTTERWORTH, PENANG",P.046,School Owned,SPT,,,N.16 - PERAI,348,,100.37849999966792,5.391200000439586
,349,40210,,,BUKIT GELUGOR,,,AIR ITAM,,100.2895,,07,1,,,AED @ FOURTUNE COURT GUARD HOUSE,P.051 - BUKIT GELUGOR,AED Plus,5.4015,04,TIMOR LAUT,,2020,,N.33,,P.051,MPKK,DTL,,,N.33 - AIR ITAM,349,,100.28950000014423,5.401499999755809
,350,40211,,,BUKIT GELUGOR,,,AIR ITAM,,100.2812,,07,1,,,AED @ DESA BAIDURI,P.051 - BUKIT GELUGOR,AED Plus,5.3955,04,TIMOR LAUT,,2020,,N.33,,P.051,MPKK,DTL,,,N.33 - AIR ITAM,350,,100.28119999997564,5.395499999764771
,351,40212,,,BUKIT GELUGOR,,,PAYA TERUBONG,,100.2842,,07,1,,,AED @ DESA DELIMA APARTMENT (FARLIM TOWER),P.051 - BUKIT GELUGOR,AED Plus,5.3915,04,TIMOR LAUT,,2020,,N.34,,P.051,MPKK,DTL,,,N.34 - PAYA TERUBONG,351,,100.28420000008407,5.391499999731556
,352,40213,,,BUKIT GELUGOR,,,PAYA TERUBONG,,100.2831,,07,1,,,AED @ SRI IVORY APARTMENT,P.051 - BUKIT GELUGOR,AED Plus,5.3942,04,TIMOR LAUT,,2020,,N.34,,P.051,MPKK,DTL,,,N.34 - PAYA TERUBONG,352,,100.28309999971027,5.394199999781618
,353,40214,,,BUKIT GELUGOR,,,PAYA TERUBONG,,100.2754,,07,1,,,AED @ TAMAN TERUBONG BLOCK 18 GUARD HOUSE,P.051 - BUKIT GELUGOR,AED Plus,5.3721,04,TIMOR LAUT,,2020,,N.34,,P.051,MPKK,DTL,,,N.34 - PAYA TERUBONG,353,,100.27539999978433,5.372100000407038
,354,40215,,,BUKIT GELUGOR,,,SERI DELIMA,,100.3142,,07,1,,,AED @ TAMAN REKREAKSI BUKIT DUMBAR,P.051 - BUKIT GELUGOR,AED Plus,5.3765,04,TIMOR LAUT,,2020,,N.32,,P.051,YB Office,DTL,,,N.32 - SERI DELIMA,354,,100.31419999980073,5.376500000313924
,355,40216,,,TANJONG,,,KOMTAR,,100.3195,,07,1,,,AED @ ST PAUL CHURCH JALAN MACALISTER,P.049 - TANJONG,AED Plus,5.4158,04,TIMOR LAUT,,2020,,N.28,,P.049,Church,DTL,,,N.28 - KOMTAR,355,,100.31949999966855,5.415799999558669
,356,50055,,,BALIK PULAU,,,BAYAN LEPAS,,100.2745,,07,1,,,AED @ DEWAN MPKK RELAU,P.053 - BALIK PULAU,AED Plus,5.3342,05,BARAT DAYA,,2020,,N.38,"DESA CLARISSA, LEBUH RELAU, TAMAN DESA RELAU, BAYAN LEPAS, PULAU PINANG",P.053,MPKK,DBD,,,N.38 - BAYAN LEPAS,356,,100.27449999960506,5.334200000412646
,357,40217,,,BUKIT BENDERA,,,AIR PUTEH,,100.2681,,07,1,,,AED @ AIR ITAM DAM TUA PEK KONG TEMPLE,P.048 - BUKIT BENDERA,Heartsine,5.3985,04,TIMOR LAUT,,2021,,N.23,"LORONG JOG, 11500 AYER ITAM, PULAU PINANG",P.048,NGO,DTL,,,N.23 - AIR PUTEH,357,,100.26810000040774,5.398499999820429
,358,40218,,,BUKIT GELUGOR,,,PAYA TERUBONG,,100.2815,,07,1,,,AED @ BUKIT HIJAU PEAK,P.051 - BUKIT GELUGOR,Heartsine,5.3855,04,TIMOR LAUT,,2021,,N.34,"GEORGETOWN, PENANG",P.051,NGO,DTL,,,N.34 - PAYA TERUBONG,358,,100.28150000038379,5.385500000446114
,359,40219,,,BUKIT BENDERA,,,AIR PUTEH,,100.2711,,07,1,,,AED @ AIR ITAM DAM GUARD POST,P.048 - BUKIT BENDERA,Heartsine,5.4012,04,TIMOR LAUT,,2021,,N.23,,P.048,PBA,DTL,,,N.23 - AIR PUTEH,359,,100.27110000044775,5.401200000165084
,360,40220,,,BUKIT BENDERA,,,TANJONG BUNGA,,100.3045,,07,1,,,AED @ SJKC HUN BIN,P.048 - BUKIT BENDERA,Philips,5.4612,04,TIMOR LAUT,,2021,,N.22,"JALAN BUNGA KACA PIRING, TANJUNG TOKONG, 11200 TANJUNG BUNGAH, PULAU PINANG",P.048,School Owned,DTL,,,N.22 - TANJONG BUNGA,360,,100.30450000010224,5.461200000306193
,361,40221,,,BUKIT BENDERA,,,PULAU TIKUS,,100.3112,,07,1,,,AED @ GURNEY PARAGON,P.048 - BUKIT BENDERA,Philips,5.4352,04,TIMOR LAUT,,2021,,N.25,"163D, GURNEY DR, 10250 GEORGE TOWN, PENANG",P.048,Building Management,DTL,,,N.25 - PULAU TIKUS,361,,100.31119999979407,5.435200000417002
,362,40222,,,BUKIT GELUGOR,,,PAYA TERUBONG,,100.2762,,07,1,,,AED @ TAMAN SRI AMAN (OPPOSITE PASAR SRI AMAN),P.051 - BUKIT GELUGOR,AED Plus,5.3361,04,TIMOR LAUT,,2021,,N.34,,P.051,MPKK,DTL,,,N.34 - PAYA TERUBONG,362,,100.27619999972829,5.336100000198842
,363,40225,,,TANJONG,,,PENGKALAN KOTA,,100.3441,,07,1,,,AED @ CHEW JETTY DATO KONG TEMPLE,P.049 - TANJONG,AED Plus,5.4125,04,TIMOR LAUT,,2022,,N.27,"10300 GEORGE TOWN, PENANG",P.049,PHSS,DTL,,,N.27 - PENGKALAN KOTA,363,,100.3395862709514,5.412727576933931
,364,50056,,,BALIK PULAU,,,TELOK BAHANG,,100.2145,,07,1,,,AED @ BALAI BOMBA TELUK BAHANG,P.053 - BALIK PULAU,AED Plus,5.4552,05,BARAT DAYA,,2022,,N.40,"JALAN TELUK BAHANG, TELUK BAHANG, 11050, PULAU PINANG",P.053,PHSS,DBD,,,N.40 - TELOK BAHANG,364,,100.21449999957021,5.455200000100087
,365,40223,,,BUKIT GELUGOR,,,AIR ITAM,,100.2781,,07,1,,,AED @ PASAR AWAM AIR ITAM (LAKSA STALL),P.051 - BUKIT GELUGOR,AED Plus,5.4012,04,TIMOR LAUT,,2022,,N.33,"9, 1, JALAN PASAR, PEKAN AYER ITAM, 11500 AIR ITAM, PENANG",P.051,PHSS,DTL,,,N.33 - AIR ITAM,365,,100.27810000023305,5.401200000059231
,366,40224,,,BAYAN BARU,,,BATU UBAN,,100.2962,,07,1,,,AED @ PEKAKA SQUARE TAMAN PEKAKA,P.052 - BAYAN BARU,AED Plus,5.3415,04,TIMOR LAUT,,2022,,N.35,"267, LEBUH PEKAKA 1, TAMAN PEKAKA, 11700 GELUGOR, PULAU PINANG",P.052,PHSS,DTL,,,N.35 - BATU UBAN,366,,100.2962000000307,5.341500000373098
,367,50059,,,BAYAN BARU,,,PANTAI JEREJAK,,100.283963,,07,1,,,AED @ GIANT BAYAN BARU,P.052 - BAYAN BARU,AED Plus,5.3214,05,BARAT DAYA,,2022,,N.36,"78, JALAN TENGAH, 11900 BAYAN LEPAS, PULAU PINANG",P.052,Company Owned,DBD,,,N.36 - PANTAI JEREJAK,367,,100.28374900333574,5.320790544263184
,368,40226,,,BUKIT BENDERA,,,PULAU TIKUS,,100.3092,,07,1,,,AED @ MERCATO GURNEY PLAZA,P.048 - BUKIT BENDERA,AED Plus,5.4372,04,TIMOR LAUT,,2022,,N.25,"B1-15, GURNEY PLAZA, PERSIARAN GURNEY, 10250 GEORGE TOWN, PULAU PINANG",P.048,Company Owned,DTL,,,N.25 - PULAU TIKUS,368,,100.3091999995939,5.437199999955117
,369,40227,,,BUKIT BENDERA,,,PULAU TIKUS,,100.3061,,07,1,,,AED @ MERCATO ISLAND 88,P.048 - BUKIT BENDERA,AED Plus,5.4495,04,TIMOR LAUT,,2022,,N.25,"LG FLOOR, IP TOWER ISLAND PLAZA, NO. 118 JALAN TANJUNG TOKONG, 10470 PENANG",P.048,Company Owned,DTL,,,N.25 - PULAU TIKUS,369,,100.30609999993186,5.449499999700389
,370,40228,,,BUKIT GELUGOR,,,AIR ITAM,,100.2912,,07,1,,,AED @ SHINEVILLE CONDOMINIUM,P.051 - BUKIT GELUGOR,AED Plus,5.3985,04,TIMOR LAUT,,2022,,N.33,,P.051,YB Office,DTL,,,N.33 - AIR ITAM,370,,100.29119999960494,5.398499999604736
,371,40229,,,BAYAN BARU,,,BATU UBAN,,100.2912,,07,1,,,AED @ BUKIT JAMBUL COMPLEX,P.052 - BAYAN BARU,AED Plus,5.3335,04,TIMOR LAUT,,2022,,N.35,"3A-06-01, KOMPLEKS BUKIT JAMBUL, JALAN RUMBIA, KAMPUNG SEBERANG PAYA, 11900 BAYAN LEPAS, PENANG",P.052,Building Management,DTL,,,N.35 - BATU UBAN,371,,100.29120000002773,5.333500000139905
,372,40230,,,JELUTONG,,,SUNGAI PINANG,,100.3132,,07,1,,,AED @ BALAI POLIS JALAN JELUTONG,P.050 - JELUTONG,AED Plus,5.3892,04,TIMOR LAUT,,2022,,N.30,"22, JLN TAN SRI TEH EWE LIM, JELUTONG, 11600 GEORGE TOWN, PULAU PINANG",P.050,PHSS,DTL,,,N.30 - SUNGAI PINANG,372,,100.31320000038534,5.38920000005106
,373,40231,,,BUKIT BENDERA,,,TANJONG BUNGA,,100.2482,,07,1,,,AED @ BALAI POLIS BATU FERINGGHI,P.048 - BUKIT BENDERA,AED Plus,5.4745,04,TIMOR LAUT,,2022,,N.22,"JALAN BATU FERRINGHI, 11100 BATU FERRINGHI, PULAU PINANG",P.048,PHSS,DTL,,,N.22 - TANJONG BUNGA,373,,100.24820000026037,5.47450000029367
,374,40232,,,TANJONG,,,PENGKALAN KOTA,,100.3285,,07,1,,,AED @ TEMPLE GURDWARA,P.049 - TANJONG,AED Plus,5.4115,04,TIMOR LAUT,,2022,,N.27,,P.049,PHSS,DTL,,,N.27 - PENGKALAN KOTA,374,,100.32849999956758,5.411499999957817
,375,40233,,,BUKIT BENDERA,,,PULAU TIKUS,,100.3095,,07,1,,,AED @ ASTAKA ANJUNG GURNEY,P.048 - BUKIT BENDERA,AED Plus,5.4385,04,TIMOR LAUT,,2022,,N.25,"SOLOK GURNEY 1, 10250 GEORGE TOWN, PULAU PINANG",P.048,PHSS,DTL,,,N.25 - PULAU TIKUS,375,,100.30950000008129,5.438499999882311
,376,40234,,,JELUTONG,,,BATU LANCANG,,100.3142,,07,1,,,AED @ PASAR AWAM JALAN PERAK,P.050 - JELUTONG,AED Plus,5.3995,04,TIMOR LAUT,,2022,,N.31,"328, JALAN PASAR, TAMAN DESA GREEN, 11600 GEORGE TOWN, PULAU PINANG",P.050,YB Office,DTL,,,N.31 - BATU LANCANG,376,,100.31420000025996,5.399500000427517
,377,40235,,,JELUTONG,,,BATU LANCANG,,100.3061,,07,1,,,AED @ PASAR AWAM BATU LANCHANG (BALAI RAKYAT),P.050 - JELUTONG,AED Plus,5.3905,04,TIMOR LAUT,,2022,,N.31,"25, LINTANG BATU LANCANG, JELUTONG, 11600 JELUTONG, PULAU PINANG",P.050,YB Office,DTL,,,N.31 - BATU LANCANG,377,,100.3060999999716,5.390500000220077
,378,40236,,,BUKIT BENDERA,,,KEBUN BUNGA,,100.2915,,07,1,,,AED @ PONDOK PERHENTIAN BUS PADANG TEMBAK BLOCK D,P.048 - BUKIT BENDERA,AED Plus,5.4125,04,TIMOR LAUT,,2022,,N.24,,P.048,YB Office,DTL,,,N.24 - KEBUN BUNGA,378,,100.29150000043289,5.412499999873507
,379,40237,,,TANJONG,,,KOMTAR,,100.3245,,07,1,,,AED @ PASAR AWAM JALAN KUANTAN,P.049 - TANJONG,AED Plus,5.4112,04,TIMOR LAUT,,2022,,N.28,"JALAN KUANTAN, 10150 GEORGE TOWN, PULAU PINANG",P.049,MBPP,DTL,,,N.28 - KOMTAR,379,,100.32450000030707,5.411199999955325
,380,40238,,,TANJONG,,,KOMTAR,,100.3212,,07,1,,,AED @ PASAR AWAM JALAN ANSON,P.049 - TANJONG,AED Plus,5.4152,04,TIMOR LAUT,,2022,,N.28,"JALAN ANSON, GEORGE TOWN, 10450 GEORGE TOWN, PULAU PINANG",P.049,YB Office,DTL,,,N.28 - KOMTAR,380,,100.3211999996469,5.4151999999999205
,381,40239,,,BUKIT GELUGOR,,,SERI DELIMA,,100.3042,,07,1,,,AED @ DELIMA PALACE CONDO LOBBY,P.051 - BUKIT GELUGOR,AED Plus,5.3855,04,TIMOR LAUT,,2022,,N.32,"CANGKAT DELIMA 2, TAMAN ISLAND GLADES, 11600 JELUTONG, PULAU PINANG",P.051,YB Office,DTL,,,N.32 - SERI DELIMA,381,,100.30420000027462,5.38549999958075
,382,40240,,,TANJONG,,,PADANG KOTA,,100.3421,,07,1,,,AED @ PENANG CHINESE CHAMBER BUILDING,P.049 - TANJONG,AED Plus,5.4182,04,TIMOR LAUT,,2022,,N.26,"3, LEBUH LIGHT, GEORGE TOWN, 10200 GEORGE TOWN, PULAU PINANG",P.049,NGO,DTL,,,N.26 - PADANG KOTA,382,,100.34209999960656,5.4182000000470865
,383,40241,,,JELUTONG,,,DATOK KERAMAT,,100.3105,,07,1,,,AED @ SMK METHODIST LELAKI (MBS) OFFICE ENTRANCE,P.050 - JELUTONG,AED Plus,5.4142,04,TIMOR LAUT,,2023,,N.29,"250 JALAN AIR ITAM, 10460 GEORGE TOWN, MALAYSIA, 10450",P.050,School Owned,DTL,,,N.29 - DATOK KERAMAT,383,,100.31049999979467,5.414200000178707
,384,40242,,,TANJONG,,,PADANG KOTA,,100.3385,,07,1,,,AED @ RGB GROUP GREEN HALL GUARD POST,P.049 - TANJONG,AED Plus,5.4215,04,TIMOR LAUT,,2023,,N.26,"8, JALAN GREEN HALL, GEORGE TOWN, 10200 GEORGE TOWN, PULAU PINANG",P.049,Company Owned,DTL,,,N.26 - PADANG KOTA,384,,100.33849999985206,5.4215000003390506
,385,40243,,,BUKIT GELUGOR,,,PAYA TERUBONG,,100.2762,,07,1,,,AED @ DEWAN MPKK PAYA TERUBONG,P.051 - BUKIT GELUGOR,Mindray,5.3725,04,TIMOR LAUT,,2023,,N.34,"32, LEBUH RAMBAI 1, PAYA TERUBONG, 11500 AYER ITAM, PULAU PINANG",P.051,YB Office,DTL,,,N.34 - PAYA TERUBONG,385,,100.27619999996199,5.372499999873881
,386,40244,,,BUKIT BENDERA,,,TANJONG BUNGA,,100.2845,,07,1,,,AED @ PUSAT KEGIATAN SUKAN AIR TANJUNG BUNGAH,P.048 - BUKIT BENDERA,Philips,5.4665,04,TIMOR LAUT,,,,N.22,"JALAN BATU FERRINGHI, 11100 TANJUNG BUNGAH, PULAU PINANG",P.048,Building Management,DTL,,,N.22 - TANJONG BUNGA,386,,100.28449999966195,5.466500000426742
,387,40245,,,BUKIT BENDERA,,,TANJONG BUNGA,,100.3015,,07,1,,,AED @ HOTEL MERCURE PENANG BEACH,P.048 - BUKIT BENDERA,Heartsine,5.4625,04,TIMOR LAUT,,,,N.22,"505, JALAN TANJUNG BUNGAH, 11200 TANJUNG BUNGAH, PULAU PINANG",P.048,Building Management,DTL,,,N.22 - TANJONG BUNGA,387,,100.30149999979021,5.4624999995795
,388,40246,,,JELUTONG,,,DATOK KERAMAT,,100.3145,,07,1,,,AED @ TINGKAT ATAS JABATAN WARISAN (JALAN P. RAMLI),P.050 - JELUTONG,AED 3,5.4132,04,TIMOR LAUT,,2023,,N.29,"KOMPLEKS PUSTAKA WARISAN NEGERI, LOT. NO. 2180, JALAN LINTANG P.RAMLEE, OFF, JALAN P. RAMLEE, 10460 GEORGE TOWN, PENANG",P.050,MBPP,DTL,,,N.29 - DATOK KERAMAT,388,,100.3144999995828,5.413199999725401
,389,40247,,,BUKIT BENDERA,,,PULAU TIKUS,,100.3125,,07,1,,,AED @ PASAR PULAU TIKUS,P.048 - BUKIT BENDERA,AED 3,5.4305,04,TIMOR LAUT,,2023,,N.25,"3, JALAN PASAR, PULAU TIKUS, 10350 GEORGE TOWN, PULAU PINANG",P.048,MBPP,DTL,,,N.25 - PULAU TIKUS,389,,100.31249999978199,5.430500000184767
,390,40248,,,BUKIT BENDERA,,,KEBUN BUNGA,,100.2915,,07,1,,,AED @ PONDOK PERHENTIAN BUS PADANG TEMBAK BLOCK D,P.048 - BUKIT BENDERA,AED 3,5.4125,04,TIMOR LAUT,,2023,,N.24,"DNP HOLDING BHD, JLN PADANG TEMBAK, TAMAN AYER ITAM, 11400 GEORGE TOWN, PULAU PINANG",P.048,MBPP,DTL,,,N.24 - KEBUN BUNGA,390,,100.29150000043289,5.412499999873507
,391,40249,,,BUKIT GELUGOR,,,AIR ITAM,,100.2865,,07,1,,,AED @ PASAR KAMPUNG BAHRU,P.051 - BUKIT GELUGOR,AED 3,5.4012,04,TIMOR LAUT,,2023,,N.33,"356, JALAN AIR ITAM, KAMPUNG BAHARU, 11400 AYER ITAM, PULAU PINANG",P.051,MBPP,DTL,,,N.33 - AIR ITAM,391,,100.28649999978347,5.40119999978094
,392,40250,,,TANJONG,,,PENGKALAN KOTA,,100.3295,,07,1,,,AED @ PASAR LEBUH CECIL (BORONG),P.049 - TANJONG,AED 3,5.4072,04,TIMOR LAUT,,2023,,N.27,"24, LEBUH CECIL, GEORGE TOWN, 10300 GEORGE TOWN, PULAU PINANG",P.049,MBPP,DTL,,,N.27 - PENGKALAN KOTA,392,,100.32949999967613,5.407199999885873
,393,40251,,,TANJONG,,,PENGKALAN KOTA,,100.3342,,07,1,,,AED @ PASAR LINTANG MACCALLUM DUA,P.049 - TANJONG,AED 3,5.4055,04,TIMOR LAUT,,2023,,N.27,"LINTANG MACALLUM 2, GEORGE TOWN, 10300 GEORGE TOWN, PULAU PINANG",P.049,MBPP,DTL,,,N.27 - PENGKALAN KOTA,393,,100.33419999987336,5.405499999886516
,394,40252,,,JELUTONG,,,DATOK KERAMAT,,100.3241,,07,1,,,AED @ PASAR JALAN PATANI,P.050 - JELUTONG,AED 3,5.4112,04,TIMOR LAUT,,2023,,N.29,"JALAN PATANI, 10150 GEORGE TOWN, PULAU PINANG",P.050,MBPP,DTL,,,N.29 - DATOK KERAMAT,394,,100.32410000012636,5.411200000088981
,395,40253,,,TANJONG,,,KOMTAR,,100.3312,,07,1,,,AED @ PASAR JALAN TENGKU,P.049 - TANJONG,AED 3,5.4132,04,TIMOR LAUT,,2023,,N.28,,P.049,MBPP,DTL,,,N.28 - KOMTAR,395,,100.33120000040905,5.413200000170766
,396,50057,,,BALIK PULAU,,,BAYAN LEPAS,,100.2645,,07,1,,,AED @ PASAR RAJAWALI,P.053 - BALIK PULAU,AED 3,5.3045,05,BARAT DAYA,,2023,,N.38,"KAMPUNG SEPULUH, 11900 BAYAN LEPAS, PENANG",P.053,MBPP,DBD,,,N.38 - BAYAN LEPAS,396,,100.26449999967387,5.304499999993904
,397,40254,,,JELUTONG,,,SUNGAI PINANG,,100.3242,,07,1,,,AED @ TAPAK PELUPASAN SAMPAH JELUTONG,P.050 - JELUTONG,AED Plus,5.3895,04,TIMOR LAUT,,2023,,N.30,"T1. 1450, JELUTONG BARAT, PULAU PINANG, 11600 GEORGE TOWN",P.050,MBPP,DTL,,,N.30 - SUNGAI PINANG,397,,100.32419999976798,5.389499999573497
,398,40255,,,JELUTONG,,,SUNGAI PINANG,,100.3212,,07,1,,,AED @ PEJABAT BAHAGIAN MEKANIKAL & ELEKTRIK,P.050 - JELUTONG,AED Plus,5.4012,04,TIMOR LAUT,,2023,,N.30,,P.050,MBPP,DTL,,,N.30 - SUNGAI PINANG,398,,100.32119999996391,5.401199999886408
,399,40256,,,JELUTONG,,,DATOK KERAMAT,,100.3142,,07,1,,,"AED @ PEJABAT BAHAGIAN GEOTEKNIKAL NO 23, BANGUNAN IOC JALAN TIMAH TINGKAT 4",P.050 - JELUTONG,AED Plus,5.4034,04,TIMOR LAUT,,2023,,N.29,"23, JALAN TIMAH, GEORGE TOWN, 10150 GEORGE TOWN, PULAU PINANG",P.050,MBPP,DTL,,,N.29 - DATOK KERAMAT,399,,100.3142000004428,5.40340000033431
,400,40257,,,TANJONG,,,KOMTAR,,100.3294,,07,1,,,AED @ PEJABAT JPP,P.049 - TANJONG,AED Plus,5.4147,04,TIMOR LAUT,,2023,,N.28,,P.049,MBPP,DTL,,,N.28 - KOMTAR,400,,100.32939999984475,5.414699999607406
,401,40258,,,TANJONG,,,KOMTAR,,100.3245,,07,1,,,AED @ BEKAS KLINIK JALAN PASAR PULAU PINANG,P.049 - TANJONG,AED Plus,5.4115,04,TIMOR LAUT,,2023,,N.28,,P.049,MBPP,DTL,,,N.28 - KOMTAR,401,,100.32450000030175,5.411500000430539
,402,50058,,,BAYAN BARU,,,PANTAI JEREJAK,,100.3065,,07,1,,,"AED @ PUSAT PANGGILAN NAMA KOMPLEKS MAKANAN PERSIARAN BAYAN INDAH, QUEENSBAY",P.052 - BAYAN BARU,AED Plus,5.3342,05,BARAT DAYA,,2023,,N.36,,P.052,MBPP,DBD,,,N.36 - PANTAI JEREJAK,402,,100.30649999981667,5.334200000103109
,403,40259,,,TANJONG,,,KOMTAR,,100.3294,,07,1,,,AED @ PEJABAT JPP,P.049 - TANJONG,AED Plus,5.4147,04,TIMOR LAUT,,2023,,N.28,"JALAN PADANG KOTA LAMA, GEORGE TOWN, 10450 GEORGE TOWN, PULAU PINANG",P.049,MBPP,DTL,,,N.28 - KOMTAR,403,,100.32939999984475,5.414699999607406
,404,40260,,,TANJONG,,,PADANG KOTA,,100.3442,,07,1,,,AED @ PENANG PORT - ISLAND PORT,P.049 - TANJONG,Mindray,5.4185,04,TIMOR LAUT,,2024,,N.26,"1, KING EDWARD’S PL, GEORGETOWN, 10300 GEORGE TOWN, PENANG",P.049,Penang Port,DTL,,,N.26 - PADANG KOTA,404,,100.3442000003498,5.418500000267785
,405,40261,,,BUKIT BENDERA,,,AIR PUTEH,,100.2691,,07,1,,,AED @ PENANG HABITAT,P.048 - BUKIT BENDERA,Mindray,5.4243,04,TIMOR LAUT,,2024,,N.23," BUKIT BENDERA, 11300 BUKIT BENDERA, PULAU PINANG",P.048,Penang Habitat,DTL,,,N.23 - AIR PUTEH,405,,100.26910000022984,5.424299999611905
,406,40262,,,JELUTONG,,,BATU LANCANG,,100.3112,,07,1,,,AED @ TAPAK PENJAJA SEMENTARA (TPS) KAMPUNG SIREH,P.050 - JELUTONG,Mindray,5.3985,04,TIMOR LAUT,,2024,,N.31,,P.050,ADUN Pulau Tikus,DTL,,,N.31 - BATU LANCANG,406,,100.31119999986984,5.398500000206015
,407,40263,,,BUKIT BENDERA,,,PULAU TIKUS,,100.3145,,07,1,,,"AED @ MENARA YAYASAN FLAT KELAWEI, PULAU TIKUS",P.048 - BUKIT BENDERA,Mindray,5.4342,04,TIMOR LAUT,,2024,,N.25,"45, KELAWAI RD, PULAU TIKUS, 10250 GEORGE TOWN, PENANG",P.048,ADUN Pulau Tikus,DTL,,,N.25 - PULAU TIKUS,407,,100.31450000024512,5.43420000024524
,408,40264,,,JELUTONG,,,SUNGAI PINANG,,100.3285,,07,1,,,AED @ DEWAN MPKK KAMPUNG HERRIOT,P.050 - JELUTONG,Mindray,5.4035,04,TIMOR LAUT,,2024,,N.30,"MEDAN LIM CHENG TEIK, KAMPUNG SYED, 10250 GEORGE TOWN, PULAU PINANG",P.050,ADUN Pulau Tikus,DTL,,,N.30 - SUNGAI PINANG,408,,100.32849999963811,5.403500000264382
,409,40265,,,JELUTONG,,,DATOK KERAMAT,,100.3065,,07,1,,,AED @ ST NICHOLAS,P.050 - JELUTONG,Mindray,5.4162,04,TIMOR LAUT,,2024,,N.29,,P.050,ADUN Pulau Tikus,DTL,,,N.29 - DATOK KERAMAT,409,,100.30649999992845,5.416200000411601
,410,40266,,,BUKIT BENDERA,,,AIR PUTEH,,100.2774,,07,1,,,AED @ DEWAN MPKK BUKIT BENDERA,P.048 - BUKIT BENDERA,AED Plus,5.4084,04,TIMOR LAUT,,2024,,N.23,"JALAN BUKIT BENDERA, 11500 BUKIT BENDERA, PULAU PINANG",P.048,PHSS,DTL,,,N.23 - AIR PUTEH,410,,100.27739999959897,5.408400000164834
,411,40267,,,TANJONG,,,PADANG KOTA,,100.3385,,07,1,,,AED @ GOD OF MERCY KUAN YIN TEMPLE,P.049 - TANJONG,AED Plus,5.4182,04,TIMOR LAUT,,2024,,N.26,"30, JLN MASJID KAPITAN KELING, GEORGE TOWN, 10200 GEORGE TOWN, PULAU PINANG",P.049,GTWHI,DTL,,,N.26 - PADANG KOTA,411,,100.33849999988051,5.418200000373878
,412,40268,,,TANJONG,,,PADANG KOTA,,100.3375,,07,1,,,AED @ BOON SAN TONG KHOO KONGSI,P.049 - TANJONG,AED Plus,5.4155,04,TIMOR LAUT,,2024,,N.26,"117A, VICTORIA ST, GEORGETOWN, 10300 GEORGE TOWN, PENANG",P.049,GTWHI,DTL,,,N.26 - PADANG KOTA,412,,100.33750000028849,5.4154999999176505
,413,40269,,,TANJONG,,,KOMTAR,,100.3365,,07,1,,,AED @ LEONG SAN TONG KHOO KONGSI,P.049 - TANJONG,AED Plus,5.4142,04,TIMOR LAUT,,2024,,N.28,"18, CANNON SQUARE, GEORGE TOWN, 10450 GEORGE TOWN, PULAU PINANG",P.049,GTWHI,DTL,,,N.28 - KOMTAR,413,,100.33649999981978,5.414200000073798
,414,40270,,,TANJONG,,,PADANG KOTA,,100.3381,,07,1,,,AED @ YAP TEMPLE,P.049 - TANJONG,AED Plus,5.4152,04,TIMOR LAUT,,2024,,N.26,"GEORGETOWN, 10450 GEORGE TOWN, PENANG",P.049,GTWHI,DTL,,,N.26 - PADANG KOTA,414,,100.33810000036075,5.415199999925837
,415,40271,,,TANJONG,,,KOMTAR,,100.3355,,07,1,,,AED @ SUN WUI WUI KOON,P.049 - TANJONG,AED Plus,5.4148,04,TIMOR LAUT,,2024,,N.28,"NO. 38, LEBUH BISHOP, GEORGE TOWN, 10200 GEORGE TOWN, PULAU PINANG",P.049,GTWHI,DTL,,,N.28 - KOMTAR,415,,100.33550000030115,5.414800000270204
,416,40272,,,TANJONG,,,PADANG KOTA,,100.3365,,07,1,,,AED @ MASJID KAPITAN KELING,P.049 - TANJONG,AED Plus,5.4168,04,TIMOR LAUT,,2024,,N.26,"14, LBH BUCKINGHAM, GEORGE TOWN, 10200 GEORGE TOWN, PULAU PINANG",P.049,GTWHI,DTL,,,N.26 - PADANG KOTA,416,,100.33650000015814,5.41679999975014
,417,40273,,,TANJONG,,,PADANG KOTA,,100.3382,,07,1,,,AED @ SRI MAHA MARIAMMAN TEMPLE,P.049 - TANJONG,AED Plus,5.4165,04,TIMOR LAUT,,2024,,N.26,"QUEEN ST, GEORGETOWN, 10450 GEORGE TOWN, PENANG",P.049,GTWHI,DTL,,,N.26 - PADANG KOTA,417,,100.33820000012653,5.416499999923486
,418,40274,,,TANJONG,,,KOMTAR,,100.3312,,07,1,,,AED @ MASJID BENGGALI,P.049 - TANJONG,AED Plus,5.4135,04,TIMOR LAUT,,2024,,N.28,"39, LEBUH LEITH, GEORGE TOWN, 10200 GEORGE TOWN, PULAU PINANG",P.049,GTWHI,DTL,,,N.28 - KOMTAR,418,,100.33120000009319,5.41349999973212
,419,40275,,,TANJONG,,,PADANG KOTA,,100.3421,,07,1,,,AED @ BALAI BOMBA LEBUH PANTAI,P.049 - TANJONG,AED Plus,5.4172,04,TIMOR LAUT,,2024,,N.26,"200, BEACH ST, GEORGETOWN, 10300 GEORGE TOWN, PENANG",P.049,GTWHI,DTL,,,N.26 - PADANG KOTA,419,,100.3421000001994,5.417199999817663
,420,40276,,,TANJONG,,,PADANG KOTA,,100.3392,,07,1,,,AED @ THAI PAK KOONG (NG SUK) KING STREET,P.049 - TANJONG,AED Plus,5.4178,04,TIMOR LAUT,,2024,,N.26,"34, KING STREET, GEORGE TOWN, 10200 GEORGE TOWN, PULAU PINANG",P.049,GTWHI,DTL,,,N.26 - PADANG KOTA,420,,100.3391999998816,5.417799999584316
,421,40277,,,TANJONG,,,PENGKALAN KOTA,,100.3415,,07,1,,,AED @ KOMPLEKS MAKAN MEDANIKA LEBUH VICTORIA,P.049 - TANJONG,Mindray,5.4135,04,TIMOR LAUT,,2024,,N.27,"PENGKALAN WELD, GEORGE TOWN, 10300 GEORGE TOWN, PULAU PINANG",P.049,MBPP,DTL,,,N.27 - PENGKALAN KOTA,421,,100.34150000011928,5.4134999998338005
,422,40278,,,BUKIT BENDERA,,,PULAU TIKUS,,100.3062,,07,1,,,AED @ JAZZ HOTEL,P.048 - BUKIT BENDERA,Mindray,5.4525,04,TIMOR LAUT,,2024,,N.25,"1, JALAN SERI TG PINANG, SERI TANJUNG PINANG, 10470 TANJUNG TOKONG, PULAU PINANG",P.048,Building owner,DTL,,,N.25 - PULAU TIKUS,422,,100.30619999973021,5.45250000010517
,423,40279,,,BUKIT BENDERA,,,KEBUN BUNGA,,100.2995,,07,1,,,AED @ ARULMIGU BALATHANDAYUTHAPANI TEMPLE,P.048 - BUKIT BENDERA,Mindray,5.4295,04,TIMOR LAUT,,2025,,N.24,"17, JALAN KEBUN BUNGA, PULAU TIKUS, 10350 GEORGE TOWN, PULAU PINANG",P.048,Building owner,DTL,,,N.24 - KEBUN BUNGA,423,,100.29949999975221,5.429499999872291
,424,40280,,,BUKIT GELUGOR,,,SERI DELIMA,,100.3142,,07,1,,,AED @ TAMAN REKREAKSI BUKIT DUMBAR,P.051 - BUKIT GELUGOR,Mindray,5.3765,04,TIMOR LAUT,,2024,,N.32,"388-D, EAST JELUTONG, BUKIT DUMBAR, 11600 GEORGE TOWN, PULAU PINANG",P.051,MPKK Bukit Dumbar,DTL,,,N.32 - SERI DELIMA,424,,100.31419999980073,5.376500000313924
,425,40281,,,TANJONG,,,PADANG KOTA,,100.3432,,07,1,,,AED @ THE WHITEAWAYS ARCADE,P.049 - TANJONG,Mindray,5.4182,04,TIMOR LAUT,,2024,,N.26,"LOT 22, GROUND FLOOR, C89R+3W4 THE WHITEAWAYS ARCADE, BEACH ST, GEORGE TOWN, 10300 GEORGE TOWN, PULAU PINANG",P.049,PPB,DTL,,,N.26 - PADANG KOTA,425,,100.34319999989879,5.41820000007367
,426,40282,,,BUKIT BENDERA,,,PULAU TIKUS,,100.3115,,07,1,,,AED @ PUSAT PENANG 2030 KADUN PULAU TIKUS,P.048 - BUKIT BENDERA,Mindray,5.4312,04,TIMOR LAUT,,2025,,N.25,"31, PERSIARAN MIDLANDS, 10250 GEORGE TOWN, PULAU PINANG",P.048,MPKK,DTL,,,N.25 - PULAU TIKUS,426,,100.31150000015413,5.431199999766699
,427,40132,,,BUKIT BENDERA,,,KEBUN BUNGA,,100.3015,,07,1,,,AED @ DEWAN WISMA PANDU PUTERI,P.048 - BUKIT BENDERA,ZOLL,5.4125,04,TIMOR LAUT,,2025,,N.24,"260, JALAN AIR ITAM, GEORGETOWN, 10460 GEORGE TOWN, PULAU PINANG",P.048,Building Owner,DTL,,,N.24 - KEBUN BUNGA,427,,100.30150000016171,5.412500000426765
"Tingkat bawah, Pintu masuk Lobi Balai Rakyat Kompleks Pasar Awam Balik Pulau",,50011,,,BALIK PULAU,{2CA04A4B-C249-4466-9ECD-16F80A087A19},,PULAU BETONG,,100.240754,,07,1,,,AED @ DEWAN PRESTIGE BALIK PULAU,P.053 - BALIK PULAU,Other Known PAD,5.357744,05,BARAT DAYA,,,,N.39,,P.053,,DBD,https://vip.mbpp.gov.my/vipportal/sharing/rest/content/items/7484401b51534b539f1bb9d8a190ebd9/data,,N.39 - PULAU BETONG,429,,100.20336537195315,5.3573824404289105
,430,30016,,,NIBONG TEBAL,,,JAWI,,100.468397,1778716800000,07,1,,,AED @ SJKC PAI TEIK,P.047 - NIBONG TEBAL,Mindray,5.173502,03,SEBERANG PERAI SELATAN,,2024,,N.19,"SJK C PAI TEIK, JALAN OOI KAR SENG, 14300 NIBONG TEBAL, PULAU PINANG",P.047,YB Office,SPS,,,N.19 - JAWI,430,,100.46842384119797,5.173371814979617
,431,30017,Pejabat Yb H'ng Mooi Lye ,,NIBONG TEBAL,,,JAWI,,100.472468,1786665600000,07,1,,,AED @ GELANGGANG FUTSAL NIBONG TEBAL,P.047 - NIBONG TEBAL,,5.163481,03,SEBERANG PERAI SELATAN,,,,N.19,"GELANGGANG FUTSAL NIBONG TEBAL, TAMAN NURI, 14300 NIBONG TEBAL, PENANG",P.047,Pejabat Yb H'ng Mooi Lye ,SPS,,,N.19 - JAWI,431,,100.47244469098884,5.1634448136322515
,432,30018,Pejabat Yb H'ng Mooi Lye ,,NIBONG TEBAL,,,JAWI,,100.488241,1786665600000,07,1,,,AED @ GELANGGANG BOLA KERANJANG TAMAN BUKIT PANCHOR,P.047 - NIBONG TEBAL,,5.177342,03,SEBERANG PERAI SELATAN,,,,N.19,"104, LRG BUKIT PANCHOR 1, TAMAN BUKIT PANCHOR, 14300 NIBONG TEBAL, PULAU PINANG",P.047,Pejabat Yb H'ng Mooi Lye ,SPS,,,N.19 - JAWI,432,,100.48814032418767,5.1771532943084795
