date,globalid__,nama_p,route_number,nama_n,last_edited_date1,pole,tinggi_tiang,pemilikan,road_location,join_count,cam_fix,lat,section_number,arm_using,nam_daerah,created_user,camera_type,road_area,radio_wire,tujuan,tnb_box,connection_method,kod_par,pemaju,speaker,name,closed_circuit_television_type,daerah,cam_ptz,status,remark2,identification_number,hotspot,perunding,created_date1,remark,long,closed_circuit_television_suppo,kod_negeri,target_fid,nam_par,direction,kod_daerah,kontraktor,custodian,cam_anpr,closed_circuit_television_usage,kod_dun,last_edited_user,fasa_projek,nam_dun,id_cctv,jumlah_camera1,objectid,geometry_x,geometry_y
,{D29A9574-92B4-4469-8E3D-994E90B01AF6},NIBONG TEBAL,,SUNGAI ACHEH,,EXISTING (MBSP),,,JALAN PERSEKUTUAN / JALAN PERMATANG TOK MAHAT,1,2,5.148656,,,SEBERANG PERAI SELATAN,,,JKR,,,,WIRELESS,P.047,,,,,SPS,1,1,,S001,,,,REPLACE CAMERA,100.471144,,07,1,P.047 - NIBONG TEBAL,,03,,3,,,N.21,,,N.21 - SUNGAI ACHEH,30001,3,1,100.47114400038255,5.148656000287867
,{D4D21674-32DC-4FAA-B663-A53CBE3E1A93},NIBONG TEBAL,,SUNGAI ACHEH,,EXISTING (MBSP),,,JALAN TRANSKRIAN/TAMAN PEKAKA,1,2,5.141033,,,SEBERANG PERAI SELATAN,,,JKR,,,,WIRELESS,P.047,,,,,SPS,1,1,,S002,,,,REPLACE CAMERA,100.491575,,07,2,P.047 - NIBONG TEBAL,,03,,3,,,N.21,,,N.21 - SUNGAI ACHEH,30002,3,2,100.49157499965679,5.141033000227119
,{EAC3A067-C997-4843-AB9D-55AEAB4D7FFE},NIBONG TEBAL,,SUNGAI ACHEH,,NEW POLE,,,JALAN TRANSKRIAN / BUKIT PANCHOR,1,2,5.14905,,,SEBERANG PERAI SELATAN,,,JKR,,,,WIRELESS,P.047,,,,,SPS,1,1,,S003,,,,INSTALL NEW CAMERA,100.48615,,07,3,P.047 - NIBONG TEBAL,,03,,3,,,N.21,,,N.21 - SUNGAI ACHEH,30003,3,3,100.48614999957634,5.149050000394206
,{6A468748-413E-432C-8913-35CAC5CCA35F},NIBONG TEBAL,,JAWI,,EXISTING (KPKT),,,SIMPANG JALAN ATAS /JALAN SERINDIT PEKAN NIBONG TEBAL,1,3,5.16593,,,SEBERANG PERAI SELATAN,,,JKR,,,,WIRELESS,P.047,,,,,SPS,1,1,,S004,,,,REPLACE CAMERA,100.47652,,07,4,P.047 - NIBONG TEBAL,,03,,3,,,N.19,,,N.19 - JAWI,30004,4,4,100.47652000018353,5.165929999944838
,{9894CD27-3838-437F-B035-D9AE867E8694},NIBONG TEBAL,,JAWI,,EXISTING (MBSP),,,"JALAN SERINDIT, TMN SENTOSA  ( BELAKANG KOMPLEKS MAKANAN )",1,3,5.16682,,,SEBERANG PERAI SELATAN,,,JKR,,,,WIRELESS,P.047,,,,,SPS,1,1,,S005,,,,REPLACE CAMERA,100.47522,,07,5,P.047 - NIBONG TEBAL,,03,,3,,,N.19,,,N.19 - JAWI,30005,4,5,100.47522000040829,5.166820000382804
,{D02A0D9F-CEBD-4420-8698-1C1D2B629DA1},NIBONG TEBAL,,JAWI,,NEW POLE,,,JALAN TEKUKUR INDAH,1,2,5.17389,,,SEBERANG PERAI SELATAN,,,JKR,,,,WIRELESS,P.047,,,,,SPS,1,1,,S006,,,,INSTALL NEW CAMERA,100.46838,,07,6,P.047 - NIBONG TEBAL,,03,,3,,,N.19,,,N.19 - JAWI,30006,3,6,100.46837999990503,5.173890000019066
,{36F629BF-0FEE-4194-A5EA-C5CBDB7E9D0C},NIBONG TEBAL,,JAWI,,EXISTING (MBSP),,,"JALAN OOI KAR SENG/JALAN ATAS , NIBONG TEBAL",1,2,5.16714,,,SEBERANG PERAI SELATAN,,,JKR,,,,WIRELESS,P.047,,,,,SPS,1,1,,S007,,,,REPLACE CAMERA,100.47724,,07,7,P.047 - NIBONG TEBAL,,03,,3,,,N.19,,,N.19 - JAWI,30007,3,7,100.47723999968628,5.167139999842239
,{FEE8866D-B2C7-4C5F-BA3D-753CADDFCE84},NIBONG TEBAL,,JAWI,,EXISTING (KPKT),,,"SIMPANG JALAN ATAS/JALAN HOOI SOO, PEKAN NIBONG TEBAL ( HADAPAN MAYBANK)",1,2,5.16864,,,SEBERANG PERAI SELATAN,,,MBSP,,,,WIRELESS,P.047,,,,,SPS,1,1,,S008,,,,REPLACE CAMERA,100.47804,,07,8,P.047 - NIBONG TEBAL,,03,,3,,,N.19,,,N.19 - JAWI,30008,3,8,100.4780399995689,5.168639999721521
,{0D6A7F0A-7B38-4D37-8948-C567265DD0E5},NIBONG TEBAL,,JAWI,,EXISTING (MBSP),,,JALAN SG DAUN (HADAPAN SMK METHODIST),1,3,5.17013,,,SEBERANG PERAI SELATAN,,,MBSP,,,,WIRELESS,P.047,,,,,SPS,1,1,,S009,,,,REPLACE CAMERA,100.47848,,07,9,P.047 - NIBONG TEBAL,,03,,3,,,N.19,,,N.19 - JAWI,30009,4,9,100.47847999990249,5.170129999762845
,{D38C6B91-86C5-4BD8-8DC1-B9C51468E116},NIBONG TEBAL,,JAWI,,NEW POLE,,,JALAN BUKIT PANCHOR 1 / JALAN INDUSTRI 2,1,2,5.17475,,,SEBERANG PERAI SELATAN,,,JKR,,,,WIRELESS,P.047,,,,,SPS,1,1,NEARBY GAS PIPELINE GAS,S010,,,,INSTALL NEW CAMERA,100.48923,,07,10,P.047 - NIBONG TEBAL,,03,,3,,,N.19,,,N.19 - JAWI,30010,3,10,100.48923000011474,5.174749999827908
,{06CCAF8B-FDBB-4557-90BF-3CFCFD883D0B},NIBONG TEBAL,,JAWI,,NEW POLE,,,JALAN NIBONG TEBAL/JALAN BUKIT PANCHOR 1,1,3,5.17881,,,SEBERANG PERAI SELATAN,,,MBSP,,,,WIRELESS,P.047,,,,,SPS,1,1,,S011,,,,INSTALL NEW CAMERA,100.48327,,07,11,P.047 - NIBONG TEBAL,,03,,3,,,N.19,,,N.19 - JAWI,30011,4,11,100.48327000036551,5.178810000012556
,{A1997DA2-4B5D-4F26-AA28-6D08B4B91DDF},NIBONG TEBAL,,JAWI,,NEW POLE,,,LALUAN KELUAR MASUK LEBUHRAYA JAWI,1,3,5.18733,,,SEBERANG PERAI SELATAN,,,JKR,,,,WIRELESS,P.047,,,,,SPS,1,1,,S012,,,,INSTALL NEW CAMERA,100.48757,,07,12,P.047 - NIBONG TEBAL,,03,,3,,,N.19,,,N.19 - JAWI,30012,4,12,100.4875699996529,5.187330000345474
,{F260BB9D-C362-4A80-945B-4F8742F7F51A},NIBONG TEBAL,,JAWI,,NEW POLE,,,JALAN SUNGAI BAKAP/JALAN SERINDIT ,1,3,5.19816,,,SEBERANG PERAI SELATAN,,,JKR,,,,WIRELESS,P.047,,,,,SPS,1,1,,S013,,,,INSTALL NEW CAMERA,100.49374,,07,13,P.047 - NIBONG TEBAL,,03,,3,,,N.19,,,N.19 - JAWI,30013,4,13,100.49373999963352,5.198160000110214
,{B037AD9B-04E5-4616-883E-8CE83EEED16A},NIBONG TEBAL,,JAWI,,EXISTING (MBSP),,,JALAN PERSEKUTUAN/JALAN KERIAN KEDAH ( PASARAYA ECONSAVE),1,3,5.20233,,,SEBERANG PERAI SELATAN,,,JKR,,,,WIRELESS,P.047,,,,,SPS,1,1,,S014,,,,REPLACE CAMERA,100.49634,,07,14,P.047 - NIBONG TEBAL,,03,,3,,,N.19,,,N.19 - JAWI,30014,4,14,100.496339999642,5.202329999972574
,{BB8CCEF4-ACC8-4DC4-9492-E5026ABF4025},NIBONG TEBAL,,SUNGAI BAKAP,,NEW POLE,,,JALAN CHANGKAT/JALAN SUNGAI BAKAP,1,3,5.20586,,,SEBERANG PERAI SELATAN,,,JKR,,,,WIRELESS,P.047,,,,,SPS,1,1,,S015,,,,INSTALL NEW CAMERA,100.49781,,07,15,P.047 - NIBONG TEBAL,,03,,3,,,N.20,,,N.20 - SUNGAI BAKAP,30015,4,15,100.49780999957218,5.205859999670116
,{8ACD5363-FC6D-40B3-AF70-09BF9518805E},NIBONG TEBAL,,JAWI,,NEW POLE,,,SIMPANG TIGA SG BAJAP BERHAMPIRAN SK SG BAKAP,1,3,5.21434,,,SEBERANG PERAI SELATAN,,,JKR,,,,WIRELESS,P.047,,,,,SPS,1,1,,S016,,,,INSTALL NEW CAMERA,100.49682,,07,16,P.047 - NIBONG TEBAL,,03,,3,,,N.19,,,N.19 - JAWI,30016,4,16,100.49682000031848,5.214340000142297
,{53469C7E-6094-41CC-83B9-80072AAF3747},NIBONG TEBAL,,JAWI,,NEW POLE,,,JALAN SUNGAI BAKAP,1,2,5.22177,,,SEBERANG PERAI SELATAN,,,JKR,,,,WIRELESS,P.047,,,,,SPS,1,1,,S017,,,,INSTALL NEW CAMERA,100.49467,,07,17,P.047 - NIBONG TEBAL,,03,,3,,,N.19,,,N.19 - JAWI,30017,3,17,100.49467000017773,5.221770000362561
,{DA74D230-BC35-4EA5-B1F9-77CBD7E913D2},BATU KAWAN,,BUKIT TAMBUN,,EXISTING (MBSP),,,"JALAN PERSEKUTUAN/JALAN GAMELAN INDAH, SUNGAI BAKAP",1,2,5.22876,,,SEBERANG PERAI SELATAN,,,JKR,,,,WIRELESS,P.046,,,,,SPS,1,1,,S018,,,,REPLACE CAMERA,100.49287,,07,18,P.046 - BATU KAWAN,,03,,3,,,N.18,,,N.18 - BUKIT TAMBUN,30018,3,18,100.49286999959882,5.228759999819434
,{5650CEC3-68B0-420C-9097-D88E767D8A85},BATU KAWAN,,BUKIT TAMBUN,,EXISTING (KPKT),,,"JALAN SUSUR, SUNGAI BAKAP",1,1,5.23318,,,SEBERANG PERAI SELATAN,,,MBSP,,,,WIRELESS,P.046,,,,,SPS,1,1,,S019,,,,REPLACE CAMERA,100.49106,,07,19,P.046 - BATU KAWAN,,03,,3,,,N.18,,,N.18 - BUKIT TAMBUN,30019,2,19,100.49106000033501,5.2331800001775965
,{3D0375E8-6960-40B7-A9C3-125ACD4040F1},BATU KAWAN,,BUKIT TAMBUN,,NEW POLE,,,JALAN VALDOR / JALAN SUNGAI BAKAP,1,3,5.23634,,,SEBERANG PERAI SELATAN,,,JKR,,,,WIRELESS,P.046,,,,,SPS,1,1,,S020,,,,INSTALL NEW CAMERA,100.48954,,07,20,P.046 - BATU KAWAN,,03,,3,,,N.18,,,N.18 - BUKIT TAMBUN,30020,4,20,100.48953999981636,5.236339999653324
,{09BAD6CE-DE34-4EEF-ACE2-23DBC1903006},NIBONG TEBAL,,SUNGAI BAKAP,,NEW POLE,,,JALAN PEKAN TASEK/JALAN JUNJUNG,1,2,5.28454,,2,SEBERANG PERAI SELATAN,,,JKR,,,,WIRELESS,P.047,,,,,SPS,1,1,MUST USING 2 ARM BARRIER ,S021,,,,INSTALL NEW CAMERA,100.52117,,07,21,P.047 - NIBONG TEBAL,,03,,3,,,N.20,,,N.20 - SUNGAI BAKAP,30021,3,21,100.52117000042496,5.284539999786479
,{81D1F002-52A3-47F7-A0ED-422707434221},NIBONG TEBAL,,SUNGAI BAKAP,,NEW POLE,,,SIMPANG TIGA JALAN TASEK/JALAN CHE HUSSEIN,1,2,5.28477,,,SEBERANG PERAI SELATAN,,,JKR,,,,WIRELESS,P.047,,,,,SPS,1,1,,S022,,,,INSTALL NEW CAMERA,100.50622,,07,22,P.047 - NIBONG TEBAL,,03,,3,,,N.20,,,N.20 - SUNGAI BAKAP,30022,3,22,100.5062199998399,5.284770000332057
,{FFF19102-C995-4804-8FF9-7D0D6672FDB4},NIBONG TEBAL,,SUNGAI BAKAP,,NEW POLE,,,SIMPANG TIGA HADAPAN PETRONAS JALAN TASEK MUTIARA,1,2,5.28471,,,SEBERANG PERAI SELATAN,,,JKR,,,,WIRELESS,P.047,,,,,SPS,1,1,,S023,,,,INSTALL NEW CAMERA,100.49265,,07,23,P.047 - NIBONG TEBAL,,03,,3,,,N.20,,,N.20 - SUNGAI BAKAP,30023,3,23,100.49265000004102,5.284709999621387
,{C8A365FC-3362-4AD4-888A-5F99F7BF2B46},NIBONG TEBAL,,SUNGAI BAKAP,,NEW POLE,,,BANDAR TASEK MUTIARA BERHADAPAN PASARAYA 800,1,2,5.28466,,,SEBERANG PERAI SELATAN,,,MBSP,,,,WIRELESS,P.047,,,,,SPS,1,1,,S024,,,,INSTALL NEW CAMERA,100.49129,,07,24,P.047 - NIBONG TEBAL,,03,,3,,,N.20,,,N.20 - SUNGAI BAKAP,30024,3,24,100.49128999959012,5.284659999654732
,{045525FA-41B8-4C79-87F0-75370DBF647B},BATU KAWAN,,BUKIT TAMBUN,,EXISTING (MBSP),,,PASAR AWAM TAMAN TASEK MUTIARA,1,1,5.281908,,,SEBERANG PERAI SELATAN,,,MBSP,,,,WIRELESS,P.046,,,,,SPS,1,1,,S025,,,,REPLACE CAMERA,100.476381,,07,25,P.046 - BATU KAWAN,,03,,3,,,N.18,,,N.18 - BUKIT TAMBUN,30025,2,25,100.47638100028992,5.281908000288757
,{D2EF44F5-3581-4326-9321-1519933A6B98},BATU KAWAN,,BUKIT TAMBUN,,NEW POLE,,,JALAN SIMPANG AMPAT ( BERHADAPAN BALAI POLIS SIMPANG AMPAT ),1,3,5.28517,,,SEBERANG PERAI SELATAN,,,JKR,,,,WIRELESS,P.046,,,,,SPS,1,1,,S026,,,,INSTALL NEW CAMERA,100.47677,,07,26,P.046 - BATU KAWAN,,03,,3,,,N.18,,,N.18 - BUKIT TAMBUN,30026,4,26,100.476769999954,5.285170000371047
,{2B019790-1F74-4BE7-95CD-04A16384951D},BATU KAWAN,,BUKIT TAMBUN,,EXISTING (MBSP),,,JALAN BESAR SIMPANG AMPAT / BUKIT TAMBUN,1,4,5.28193,,,SEBERANG PERAI SELATAN,,,JKR,,,,WIRELESS,P.046,,,,,SPS,1,1,,S027,,,,REPLACE CAMERA,100.47639,,07,27,P.046 - BATU KAWAN,,03,,3,,,N.18,,,N.18 - BUKIT TAMBUN,30027,5,27,100.47638999997748,5.28192999975886
,{94060C9B-A93B-4BA0-8865-3E4148B49194},BATU KAWAN,,BUKIT TAMBUN,,EXISTING (KPKT),,,JALAN SIMPANG AMPAT ( JALAN KERUING ),1,2,5.27852,,,SEBERANG PERAI SELATAN,,,MBSP,,,,WIRELESS,P.046,,,,,SPS,1,1,,S028,,,,REPLACE CAMERA,100.47708,,07,28,P.046 - BATU KAWAN,,03,,3,,,N.18,,,N.18 - BUKIT TAMBUN,30028,3,28,100.47708000026228,5.278519999884866
,{9AA2E250-6F4E-42E9-B6D2-4646A1784C3E},BATU KAWAN,,BUKIT TAMBUN,,EXISTING (MBSP),,,JALAN BESAR SIMPANG AMPAT/ JALAN MASUK IKS SIMPANG AMPAT,1,3,5.26349,,,SEBERANG PERAI SELATAN,,,JKR,,,,WIRELESS,P.046,,,,,SPS,1,1,,S029,,,,REPLACE CAMERA,100.47345,,07,29,P.046 - BATU KAWAN,,03,,3,,,N.18,,,N.18 - BUKIT TAMBUN,30029,4,29,100.47345000002203,5.263490000426539
,{1083FC4D-A863-4CFC-B3E4-058CC5A397DB},BATU KAWAN,,BUKIT TAMBUN,,EXISTING (MBSP),,,JALAN BUKIT TAMBUN INDAH,1,3,5.27609,,,SEBERANG PERAI SELATAN,,,JKR,,,,WIRELESS,P.046,,,,,SPS,1,1,,S030,,,,REPLACE CAMERA,100.4658,,07,30,P.046 - BATU KAWAN,,03,,3,,,N.18,,,N.18 - BUKIT TAMBUN,30030,4,30,100.46579999993052,5.276090000407906
,{1034BCB5-06AB-4C6B-B192-A837A8BCA7FC},BATU KAWAN,,BUKIT TAMBUN,,NEW POLE,,,JALAN PERINDUSTRIAN BUKIT MINYAK,1,3,5.27535,,,SEBERANG PERAI SELATAN,,,JKR,,,,WIRELESS,P.046,,,,,SPS,1,1,,S031,,,,INSTALL NEW CAMERA,100.46213,,07,31,P.046 - BATU KAWAN,,03,,3,,,N.18,,,N.18 - BUKIT TAMBUN,30031,4,31,100.46212999975891,5.275350000236594
,{37F999C0-A461-44FF-B1C9-FAFEDBBA36A0},BATU KAWAN,,BUKIT TAMBUN,,EXISTING (MBSP),,,PERSIMPANGAN LAMPU ISYARAT LALUAN KELUAR LEBUHRAYA BUKIT TAMBUN,1,4,5.274789,,,SEBERANG PERAI SELATAN,,,JKR,,,,WIRELESS,P.046,,,,,SPS,1,1,,S032,,,,REPLACE CAMERA,100.458389,,07,32,P.046 - BATU KAWAN,,03,,3,,,N.18,,,N.18 - BUKIT TAMBUN,30032,5,32,100.45838899974183,5.2747890000992275
,{3EEDA01C-F2CF-4990-82A0-4570BB0349DF},BATU KAWAN,,BUKIT TAMBUN,,NEW POLE,,,JALAN BATU KAWAN/ SIMPANG TIGA TOL PLAZA JAWI,1,2,5.27442,,,SEBERANG PERAI SELATAN,,,JKR,,,,WIRELESS,P.046,,,,,SPS,1,1,,S033,,,,INSTALL NEW CAMERA,100.45407,,07,33,P.046 - BATU KAWAN,,03,,3,,,N.18,,,N.18 - BUKIT TAMBUN,30033,3,33,100.45407000002226,5.2744199996888135
,{E34076F8-793F-49FE-A755-39329CA7688A},BATU KAWAN,,BUKIT TAMBUN,,EXISTING (MBSP),,,SIMPANG EMPAT JLN BESAR BKT TAMBUN/JLN BATU KAWAN/TMN SAINS PARK,1,3,5.272508,,,SEBERANG PERAI SELATAN,,,JKR,,,,WIRELESS,P.046,,,,,SPS,1,1,,S034,,,,REPLACE CAMERA,100.452011,,07,34,P.046 - BATU KAWAN,,03,,3,,,N.18,,,N.18 - BUKIT TAMBUN,30034,4,34,100.45201099978398,5.2725079997575275
,{B6044132-15DF-405F-9DA3-7FB66B3C042B},BATU KAWAN,,BUKIT TAMBUN,,EXISTING (MBSP),,,SIMPANG MASUK KE JLN IKS VALDOR SG BAKAP,1,3,5.24553,,,SEBERANG PERAI SELATAN,,,JKR,,,,WIRELESS,P.046,,,,,SPS,1,1,,S035,,,,REPLACE CAMERA,100.48081,,07,35,P.046 - BATU KAWAN,,03,,3,,,N.18,,,N.18 - BUKIT TAMBUN,30035,4,35,100.48081000007251,5.245530000001914
,{6B247896-0924-42BA-8ACB-614A9C81CE9D},BATU KAWAN,,BUKIT TAMBUN,,NEW POLE,,,JALAN SG BAKAP/ JALAN PERUSAHAAN VALDOR,1,3,5.23847,,,SEBERANG PERAI SELATAN,,,JKR,,,,WIRELESS,P.046,,,,,SPS,1,1,,S036,,,,INSTALL NEW CAMERA,100.47301,,07,36,P.046 - BATU KAWAN,,03,,3,,,N.18,,,N.18 - BUKIT TAMBUN,30036,4,36,100.47300999968603,5.238470000361664
,{A2CECA1A-21EC-4A9E-8F8D-965CF37D9F66},BATU KAWAN,,BUKIT TAMBUN,,NEW POLE,,,JALAN PINTASAN KE BKIP,1,2,5.23321,,,SEBERANG PERAI SELATAN,,,PDC,,,,WIRELESS,P.046,,,,,SPS,1,1,ROUNDABOARD HAVE WILL BE BUILD FOR FUTURE,S037,,,,INSTALL NEW CAMERA,100.46117,,07,37,P.046 - BATU KAWAN,,03,,3,,,N.18,,,N.18 - BUKIT TAMBUN,30037,3,37,100.46117000030357,5.2332100003752
,{21F12546-98BE-4E6F-966D-88071F7CFE9E},BATU KAWAN,,BUKIT TAMBUN,,NEW POLE,,,SIMPANG TRAFFIC LIGHT JALAN PINTAS KE BKIP (JALAN BELAKANG),1,2,5.21676,,,SEBERANG PERAI SELATAN,,,PDC,,,,WIRELESS,P.046,,,,,SPS,1,1,,S038,,,,INSTALL NEW CAMERA,100.44727,,07,38,P.046 - BATU KAWAN,,03,,3,,,N.18,,,N.18 - BUKIT TAMBUN,30038,3,38,100.44726999971552,5.21676000017034
,{6031E493-07F0-4BC0-B606-4B2BD13ABCC2},BATU KAWAN,,BUKIT TAMBUN,,NEW POLE,,,"JALAN CASSIA SELATAN 5/1, JALAN CASSIA SELATAN",1,2,5.21599,,,SEBERANG PERAI SELATAN,,,PDC,,,,WIRELESS,P.046,,,,,SPS,1,1,,S039,,,,INSTALL NEW CAMERA,100.44274,,07,39,P.046 - BATU KAWAN,,03,,3,,,N.18,,,N.18 - BUKIT TAMBUN,30039,3,39,100.44274000004215,5.2159899997876495
,{2084429B-4290-4FCC-85A6-CC5F23C41E80},BATU KAWAN,,BUKIT TAMBUN,,NEW POLE,,,PERSIARAN CASSIA SELATAN 7/ PERSIARAN CASSIA SELATAN 5,1,2,5.21825,,,SEBERANG PERAI SELATAN,,,PDC,,,,WIRELESS,P.046,,,,,SPS,1,1,,S040,,,,INSTALL NEW CAMERA,100.43625,,07,40,P.046 - BATU KAWAN,,03,,3,,,N.18,,,N.18 - BUKIT TAMBUN,30040,3,40,100.43624999956062,5.218250000154633
,{3B625B5D-379F-4007-903C-A4243BF9E292},BATU KAWAN,,BUKIT TAMBUN,,NEW POLE,,,PERSIARAN CASSIA SELATAN 6 (BERDEKATAN THE SHIP CAMPUS ),1,2,5.22444,,,SEBERANG PERAI SELATAN,,,PDC,,,,WIRELESS,P.046,,,,,SPS,1,1,,S041,,,,INSTALL NEW CAMERA,100.42529,,07,41,P.046 - BATU KAWAN,,03,,3,,,N.18,,,N.18 - BUKIT TAMBUN,30041,3,41,100.42528999998025,5.224440000413655
,{0FCD9D22-B25E-457E-B548-426186F183B6},BATU KAWAN,,BUKIT TAMBUN,,NEW POLE,,,LINGKARAN CASSIA BARAT (SIMPANG KE THE SHIP KAMPUS ),1,2,5.22628,,,SEBERANG PERAI SELATAN,,,PDC,,,,WIRELESS,P.046,,,,,SPS,1,1,,S042,,,,INSTALL NEW CAMERA,100.43326,,07,42,P.046 - BATU KAWAN,,03,,3,,,N.18,,,N.18 - BUKIT TAMBUN,30042,3,42,100.43326000007812,5.226279999716112
,{953F8D8D-C608-4F7F-B7C9-AEF0CBE52567},BATU KAWAN,,BUKIT TAMBUN,,EXISTING (MBSP),,,JLN TUN ABDULLAH AHMAD BADAWI/PERSIARAN CASSIA SELATAN 1( BERDEKATAN HONDA),1,3,5.22668,,,SEBERANG PERAI SELATAN,,,PDC,,,,WIRELESS,P.046,,,,,SPS,1,1,,S043,,,,REPLACE CAMERA,100.44529,,07,43,P.046 - BATU KAWAN,,03,,3,,,N.18,,,N.18 - BUKIT TAMBUN,30043,4,43,100.44529000002117,5.226679999900138
,{75DED7B8-D3DC-4B06-9513-0D625873EAE9},BATU KAWAN,,BUKIT TAMBUN,,NEW POLE,,,JALAN TUN ABDULLAH AHMAD BADAWI ( BERHADAPAN ASPEN VISION CITY),1,2,5.23651,,,SEBERANG PERAI SELATAN,,,PDC,,,,WIRELESS,P.046,,,,,SPS,1,1,,S044,,,,INSTALL NEW CAMERA,100.44298,,07,44,P.046 - BATU KAWAN,,03,,3,,,N.18,,,N.18 - BUKIT TAMBUN,30044,3,44,100.44298000028768,5.2365100002280025
,{F552C2CF-47C5-4659-A8EF-3341CAD86DB2},BATU KAWAN,,BUKIT TAMBUN,,NEW POLE,,,BANDAR CASSIA TECHNOLOGY PARK (BCTP)/ LINGKARAN CASSIA BARAT,1,2,5.23891,,,SEBERANG PERAI SELATAN,,,PDC,,,,WIRELESS,P.046,,,,,SPS,1,1,,S045,,,,INSTALL NEW CAMERA,100.43039,,07,45,P.046 - BATU KAWAN,,03,,3,,,N.18,,,N.18 - BUKIT TAMBUN,30045,3,45,100.4303899998418,5.238909999668912
,{982A5DC0-23B8-4A76-AD3B-A5F0885D45B7},BATU KAWAN,,BUKIT TAMBUN,,NEW POLE,,,PERSIARAN CASSIA BARAT 3( BERDEKATAN KDU COLLEGE ),1,2,5.24016,,,SEBERANG PERAI SELATAN,,,PDC,,,,WIRELESS,P.046,,,,,SPS,1,1,,S046,,,,INSTALL NEW CAMERA,100.43555,,07,46,P.046 - BATU KAWAN,,03,,3,,,N.18,,,N.18 - BUKIT TAMBUN,30046,3,46,100.43555000000508,5.240159999670296
,{7FD91214-3F00-467C-BCF0-6F497A2AB0F6},BATU KAWAN,,BUKIT TAMBUN,,NEW POLE,,,PERSIARAN CASSIA BARAT 3 (BTCP SITES ),1,2,5.24048,,,SEBERANG PERAI SELATAN,,,PDC,,,,WIRELESS,P.046,,,,,SPS,1,1,,S047,,,,INSTALL NEW CAMERA,100.43833,,07,47,P.046 - BATU KAWAN,,03,,3,,,N.18,,,N.18 - BUKIT TAMBUN,30047,3,47,100.43832999983645,5.240480000447628
,{BFDA37E1-F72E-4B5D-A0B1-A1B2E8A45B63},BATU KAWAN,,BUKIT TAMBUN,,NEW POLE,,,PERSIARAN CASSIA BARAT 3 (SIMPANG TRAFFIC LIGHT KE UTROPOLIS ),1,2,5.24117,,,SEBERANG PERAI SELATAN,,,PDC,,,,WIRELESS,P.046,,,,,SPS,1,1,,S048,,,,INSTALL NEW CAMERA,100.44112,,07,48,P.046 - BATU KAWAN,,03,,3,,,N.18,,,N.18 - BUKIT TAMBUN,30048,3,48,100.44111999997786,5.241170000232494
,{F1476F02-CB58-4450-97FA-A2ECCB106FC7},BATU KAWAN,,BUKIT TAMBUN,,NEW POLE,,,JALAN CASSIA BARAT 1 (BERDEKATAN DESIGN VILLAGE ),1,2,5.24404,,,SEBERANG PERAI SELATAN,,,PDC,,,,WIRELESS,P.046,,,,,SPS,1,1,,S049,,,,INSTALL NEW CAMERA,100.43975,,07,49,P.046 - BATU KAWAN,,03,,3,,,N.18,,,N.18 - BUKIT TAMBUN,30049,3,49,100.43975000035114,5.244040000051028
,{E9C53AFE-AA05-4E31-AB93-9F31F5648EBE},BATU KAWAN,,BUKIT TAMBUN,,NEW POLE,,,JALAN CASSIA BARAT 1 ( SIMPANG MASUK PANGSAPURI SURIA 1),1,2,5.25171,,,SEBERANG PERAI SELATAN,,,PDC,,,,WIRELESS,P.046,,,,,SPS,1,1,,S050,,,,INSTALL NEW CAMERA,100.43585,,07,50,P.046 - BATU KAWAN,,03,,3,,,N.18,,,N.18 - BUKIT TAMBUN,30050,3,50,100.43584999972829,5.251710000316002
,{A5F586F7-A404-4CD2-8A7E-BB643CF6C0EE},BATU KAWAN,,BUKIT TAMBUN,,NEW POLE,,,JALAN TUN ABDULLAH AHMAD BADAWI/PERSIARAN CASSIA BARAT,1,2,5.25609,,,SEBERANG PERAI SELATAN,,,PDC,,,,WIRELESS,P.046,,,,,SPS,1,1,ROAD WIDENING WILL BE BUILD FOR FUTURE,S051,,,,INSTALL NEW CAMERA,100.43362,,07,51,P.046 - BATU KAWAN,,03,,3,,,N.18,,,N.18 - BUKIT TAMBUN,30051,3,51,100.43361999961911,5.256090000196857
,{534FDBB7-59E6-4D7D-BF1B-10050ECA5C57},BATU KAWAN,,BUKIT TAMBUN,,NEW POLE,,,JALAN CASSIA BARAT 1,1,2,5.25209,,,SEBERANG PERAI SELATAN,,,PDC,,,,WIRELESS,P.046,,,,,SPS,1,1,RESERVE FOR FUTURE,S052,,,,INSTALL NEW CAMERA,100.42638,,07,52,P.046 - BATU KAWAN,,03,,3,,,N.18,,,N.18 - BUKIT TAMBUN,30052,3,52,100.42637999961738,5.252090000288988
,{C2D5A395-65FA-4E71-ACBB-5FA49EB5119F},BATU KAWAN,,BUKIT TAMBUN,,EXISTING (MBSP),,,BULATAN KE JAMBATAN KEDUA PULAU PINANG,1,2,5.262311,,,SEBERANG PERAI SELATAN,,,PDC,,,,WIRELESS,P.046,,,,,SPS,1,1,,S053,,,,REPLACE CAMERA,100.430606,,07,53,P.046 - BATU KAWAN,,03,,3,,,N.18,,,N.18 - BUKIT TAMBUN,30053,3,53,100.43060599996443,5.262310999697483
,{28A739C9-B289-4FB9-B634-DB0D7AEDC363},BATU KAWAN,,BUKIT TAMBUN,,NEW POLE,,,JALAN BATU KAWAN ( LALUAN MASUK STADIUM ),1,2,5.26425,,,SEBERANG PERAI SELATAN,,,PDC,,,,WIRELESS,P.046,,,,,SPS,1,1,,S054,,,,INSTALL NEW CAMERA,100.43577,,07,54,P.046 - BATU KAWAN,,03,,3,,,N.18,,,N.18 - BUKIT TAMBUN,30054,3,54,100.43576999983321,5.264250000303787
,{13B69AD9-E75F-455D-ABBF-F1D03AB10327},BATU KAWAN,,BUKIT TENGAH,,EXISTING (MBSP),,,"JLN PERINDUSTRIAN BKT MINYAK 8,PENANG SAINS PARK , SIMPANG AMPAT",1,2,5.28906,,,SEBERANG PERAI TENGAH,,,JKR,,,,WIRELESS,P.046,,,,,SPT,1,1,,T001,,,,REPLACE NEW CAMERA,100.44532,,07,55,P.046 - BATU KAWAN,,01,,3,,,N.17,,,N.17 - BUKIT TENGAH,10001,3,55,100.44532000032112,5.289060000023152
,{17F583B8-A060-40BF-8DF0-5E415CC842A7},BUKIT MERTAJAM,,MACHANG BUBUK,,NEW POLE,,,"SIMPANG TIGA TAMAN PERWIRA, BKT MERTAJAM",1,2,5.29801,,,SEBERANG PERAI TENGAH,,,JKR,,,,WIRELESS,P.045,,,,,SPT,1,1,,T002,,,,INSTALL NEW CAMERA,100.47857,,07,56,P.045 - BUKIT MERTAJAM,,01,,3,,,N.14,,,N.14 - MACHANG BUBUK,10002,3,56,100.4785699999099,5.2980099996925425
,{DCCDDE60-484A-46F5-A988-55DACFC50145},BUKIT MERTAJAM,,MACHANG BUBUK,,NEW POLE,,,"SIMPANG TIGA JALAN PERMATANG TINGGI, BUKIT MERTAJAM",1,3,5.30278,,,SEBERANG PERAI TENGAH,,,JKR,,,,WIRELESS,P.045,,,,,SPT,1,1,,T003,,,,INSTALL NEW CAMERA,100.47438,,07,57,P.045 - BUKIT MERTAJAM,,01,,3,,,N.14,,,N.14 - MACHANG BUBUK,10003,4,57,100.47437999998883,5.302779999988117
,{493B18C9-1D2E-4615-9DBD-9EFFCC60A231},BUKIT MERTAJAM,,MACHANG BUBUK,,EXISTING (MBSP),,,PERSIARAN SERI IMPIAN ( JALAN MASUK LOTUS BUKIT MERTJAM),1,3,5.31696,,,SEBERANG PERAI TENGAH,,,JKR,,,,WIRELESS,P.045,,,,,SPT,1,1,,T004,,,,REPLACE NEW CAMERA,100.4775,,07,58,P.045 - BUKIT MERTAJAM,,01,,3,,,N.14,,,N.14 - MACHANG BUBUK,10004,4,58,100.47750000004682,5.316960000117672
,{987B391C-2D68-4EE4-8A42-D7B357F3104E},BUKIT MERTAJAM,,MACHANG BUBUK,,NEW POLE,,,TAMAN SERI SEJAHTERA,1,2,5.32546,,,SEBERANG PERAI TENGAH,,,MBSP,,,,WIRELESS,P.045,,,,,SPT,1,1,,T005,LKB,,,INSTALL NEW CAMERA,100.49137,,07,59,P.045 - BUKIT MERTAJAM,,01,,3,,,N.14,,,N.14 - MACHANG BUBUK,10005,3,59,100.49136999991275,5.325459999859442
,{C849D931-F803-4533-9BFA-F88CD18429B4},BUKIT MERTAJAM,,MACHANG BUBUK,,NEW POLE,,,TAMAN SERI SEJAHTERA,1,2,5.33033,,,SEBERANG PERAI TENGAH,,,MBSP,,,,WIRELESS,P.045,,,,,SPT,1,1,,T006,LKB,,,INSTALL NEW CAMERA,100.49197,,07,60,P.045 - BUKIT MERTAJAM,,01,,3,,,N.14,,,N.14 - MACHANG BUBUK,10006,3,60,100.49196999960559,5.330330000322714
,{300F118C-CF2D-48A1-8B3F-BFD11D088ED6},BUKIT MERTAJAM,,MACHANG BUBUK,,EXISTING (KPKT),,,JALAN ROZHAN ( BERDEKATAN MAYBANK ALMA BKT MERTAJAM ),1,3,5.33086,,1,SEBERANG PERAI TENGAH,,,JKR,,,,WIRELESS,P.045,,,,,SPT,1,1,USING 1 ARM INS CMR FIX TO MONITOR MAIN ROAD & TRAFFIC LIGHT,T007,HOTSPOT JALAN ROZHAN,,,REPLACE NEW CAMERA,100.48005,,07,61,P.045 - BUKIT MERTAJAM,,01,,3,,,N.14,,,N.14 - MACHANG BUBUK,10007,4,61,100.48004999997517,5.330860000353906
,{304A7F2B-966C-4B15-8DEC-28B90A5592D2},BUKIT MERTAJAM,,MACHANG BUBUK,,NEW POLE,,,TEMPAT PARKING LORONG ROZHAN 1,1,2,5.33112,,,SEBERANG PERAI TENGAH,,,MBSP,,,,WIRELESS,P.045,,,,,SPT,1,1,,T008,HOTSPOT JALAN ROZHAN,,,INSTALL NEW CAMERA,100.47956,,07,62,P.045 - BUKIT MERTAJAM,,01,,3,,,N.14,,,N.14 - MACHANG BUBUK,10008,3,62,100.47955999982558,5.33111999962856
,{1506BB2A-5FA4-4B36-B5D9-99E2E8AA00CE},BUKIT MERTAJAM,,MACHANG BUBUK,,NEW POLE,,,LORONG ROZHAN 2,1,2,5.33156,,,SEBERANG PERAI TENGAH,,,MBSP,,,,WIRELESS,P.045,,,,,SPT,1,1,,T009,HOTSPOT JALAN ROZHAN,,,INSTALL NEW CAMERA,100.47886,,07,63,P.045 - BUKIT MERTAJAM,,01,,3,,,N.14,,,N.14 - MACHANG BUBUK,10009,3,63,100.47885999987193,5.33155999961105
,{76D98013-168C-486F-BEF0-D8D2D600ECFC},BUKIT MERTAJAM,,MACHANG BUBUK,,NEW POLE,,,LORONG ROZHAN 3,1,2,5.33211,,,SEBERANG PERAI TENGAH,,,MBSP,,,,WIRELESS,P.045,,,,,SPT,1,1,,T010,HOTSPOT JALAN ROZHAN,,,INSTALL NEW CAMERA,100.47911,,07,64,P.045 - BUKIT MERTAJAM,,01,,3,,,N.14,,,N.14 - MACHANG BUBUK,10010,3,64,100.47910999979281,5.332110000265799
,{155F032E-447E-4F34-B750-E09BCDB7FA24},BUKIT MERTAJAM,,MACHANG BUBUK,,NEW POLE,,,LORONG ROZHAN 3,1,2,5.33187,,,SEBERANG PERAI TENGAH,,,MBSP,,,,WIRELESS,P.045,,,,,SPT,1,1,,T011,HOTSPOT JALAN ROZHAN,,,INSTALL NEW CAMERA,100.47984,,07,65,P.045 - BUKIT MERTAJAM,,01,,3,,,N.14,,,N.14 - MACHANG BUBUK,10011,3,65,100.47984000033465,5.331870000333391
,{114738A4-04A1-4027-91A3-E5FCA608D531},BUKIT MERTAJAM,,MACHANG BUBUK,,NEW POLE,,,SUSUR KELUAR MASUK LORONG ROZHAN 1,1,2,5.33351,,,SEBERANG PERAI TENGAH,,,MBSP,,,,WIRELESS,P.045,,,,,SPT,1,1,,T012,HOTSPOT JALAN ROZHAN,,,INSTALL NEW CAMERA,100.48083,,07,66,P.045 - BUKIT MERTAJAM,,01,,3,,,N.14,,,N.14 - MACHANG BUBUK,10012,3,66,100.48082999978618,5.333510000372378
,{7E46B452-9645-40E3-896E-DB5343D427CB},BUKIT MERTAJAM,,MACHANG BUBUK,,NEW POLE,,,JALAN ROZHAN (BERHADAPAN BANGUNAN LONG MARCH TRADING ),1,3,5.3333,,2,SEBERANG PERAI TENGAH,,,MBSP,,,,WIRELESS,P.045,,,,,SPT,1,1,USING 2 ARM INS CMR FIX TO MONITOR MAIN ROAD & TRAFFIC LIGHT,T013,HOTSPOT JALAN ROZHAN,,,INSTALL NEW CAMERA,100.48131,,07,67,P.045 - BUKIT MERTAJAM,,01,,3,,,N.14,,,N.14 - MACHANG BUBUK,10013,4,67,100.48130999976976,5.33330000040376
,{8556692D-8021-463E-9DC6-6623515F2611},BUKIT MERTAJAM,,MACHANG BUBUK,,NEW POLE,,,SUSUR KELUAR MASUK JALAN ROZHAN ( BERHADAPAN KEDAI GAMBAR ),1,2,5.33191,,,SEBERANG PERAI TENGAH,,,MBSP,,,,WIRELESS,P.045,,,,,SPT,1,1,,T014,HOTSPOT JALAN ROZHAN,,,INSTALL NEW CAMERA,100.48062,,07,68,P.045 - BUKIT MERTAJAM,,01,,3,,,N.14,,,N.14 - MACHANG BUBUK,10014,3,68,100.48062000007755,5.331909999638074
,{E05D884E-2531-4C63-B840-46F7952954EE},BUKIT MERTAJAM,,MACHANG BUBUK,,EXISTING (MBSP),,,PERSIMPANGAN LAMPU ISYARAT JLN KULIM KE MACHANG BUBOK,1,3,5.34182,,,SEBERANG PERAI TENGAH,,,JKR,,,,WIRELESS,P.045,,,,,SPT,1,1,,T015,,,,REPLACE NEW CAMERA,100.50369,,07,69,P.045 - BUKIT MERTAJAM,,01,,3,,,N.14,,,N.14 - MACHANG BUBUK,10015,4,69,100.50369000030187,5.341819999938013
,{BB0867F4-8A98-4663-95EB-3111863F6CFA},BUKIT MERTAJAM,,MACHANG BUBUK,,EXISTING (MBSP),,,JALAN KULIM-CHEROK TOK KUN (BERHADAPAN SEK KEB JUARA ),1,3,5.34615,,,SEBERANG PERAI TENGAH,,,JKR,,,,WIRELESS,P.045,,,,,SPT,1,1,,T016,,,,REPLACE NEW CAMERA,100.48853,,07,70,P.045 - BUKIT MERTAJAM,,01,,3,,,N.14,,,N.14 - MACHANG BUBUK,10016,4,70,100.48852999957154,5.346149999952447
,{939E7837-CB88-4D7B-A784-5FA8496EE385},BUKIT MERTAJAM,,BERAPIT,,EXISTING (MBSP),,,PERSIMPANGAN TMN BANDARAYA/TMN BKT INDAH,1,2,5.34982,,,SEBERANG PERAI TENGAH,,,JKR,,,,WIRELESS,P.045,,,,,SPT,1,1,,T017,,,,REPLACE NEW CAMERA,100.48005,,07,71,P.045 - BUKIT MERTAJAM,,01,,3,,,N.13,,,N.13 - BERAPIT,10017,3,71,100.48005000027433,5.349820000046475
,{A90B58FE-4B7D-4DC4-8E88-BAECA0041B64},BUKIT MERTAJAM,,BERAPIT,,EXISTING (MBSP),,,PASAR AWAM KAMPUNG BARU,1,2,5.34821,,,SEBERANG PERAI TENGAH,,,MBSP,,,,WIRELESS,P.045,,,,,SPT,1,1,,T018,,,,REPLACE NEW CAMERA,100.47291,,07,72,P.045 - BUKIT MERTAJAM,,01,,3,,,N.13,,,N.13 - BERAPIT,10018,3,72,100.47291000011715,5.348210000283433
,{1DAC705A-224B-434E-86D0-3D52AF5C5F70},BUKIT MERTAJAM,,BERAPIT,,NEW POLE,,,JALAN BERJAYA ( HADAPAN GEREJA ST ANDREW ),1,3,5.35101,,,SEBERANG PERAI TENGAH,,,MBSP,,,,WIRELESS,P.045,,,,,SPT,1,1,,T019,HOTSPOT JALAN MAJU,,,INSTALL NEW CAMERA,100.47011,,07,73,P.045 - BUKIT MERTAJAM,,01,,3,,,N.13,,,N.13 - BERAPIT,10019,4,73,100.47010999991892,5.35101000039788
,{2EDC8260-1F21-426A-9A03-9C71A9757C28},BUKIT MERTAJAM,,BERAPIT,,NEW POLE,,,JALAN BERJAYA ( KEDAI LAMPU HIASAN ),1,3,5.35196,,,SEBERANG PERAI TENGAH,,,MBSP,,,,WIRELESS,P.045,,,,,SPT,1,1,,T020,HOTSPOT JALAN MAJU,,,INSTALL NEW CAMERA,100.46948,,07,74,P.045 - BUKIT MERTAJAM,,01,,3,,,N.13,,,N.13 - BERAPIT,10020,4,74,100.46948000017935,5.3519599998381535
,{468EAF6F-7572-43C4-8CA8-4C0B8AC43590},BUKIT MERTAJAM,,BERAPIT,,NEW POLE,,,JALAN MAJU ( HADAPAN KEDAI TAYAR ),1,2,5.35214,,,SEBERANG PERAI TENGAH,,,MBSP,,,,WIRELESS,P.045,,,,,SPT,1,1,,T021,HOTSPOT JALAN MAJU,,,INSTALL NEW CAMERA,100.47082,,07,75,P.045 - BUKIT MERTAJAM,,01,,3,,,N.13,,,N.13 - BERAPIT,10021,3,75,100.4708199996745,5.352139999847502
,{B031ABF5-A0BD-4BAA-8B21-B5193D05DD90},BUKIT MERTAJAM,,BERAPIT,,EXISTING (MBSP),,,SIMPANG LORONG MAJU UTAMA 1/ LORONG KG BARU SATU,1,3,5.35229,,,SEBERANG PERAI TENGAH,,,MBSP,,,,WIRELESS,P.045,,,,,SPT,1,1,,T022,HOTSPOT JALAN MAJU,,,REPLACE NEW CAMERA,100.47152,,07,76,P.045 - BUKIT MERTAJAM,,01,,3,,,N.13,,,N.13 - BERAPIT,10022,4,76,100.47152000016064,5.352289999749601
,{CDC7A7CD-0B15-42D7-9EB4-FC50DA35D31E},BUKIT MERTAJAM,,BERAPIT,,NEW POLE,,,LORONG MAJU UTAMA 1 ( BERHADAPAN SUMMER DESSERT BAKERY),1,2,5.35142,,,SEBERANG PERAI TENGAH,,,MBSP,,,,WIRELESS,P.045,,,,,SPT,1,1,,T023,HOTSPOT JALAN MAJU,,,INSTALL NEW CAMERA,100.4728,,07,77,P.045 - BUKIT MERTAJAM,,01,,3,,,N.13,,,N.13 - BERAPIT,10023,3,77,100.47280000022846,5.3514199998614185
,{A44DBF3F-E015-43B1-8090-4CC7AE979A26},BUKIT MERTAJAM,,BERAPIT,,NEW POLE,,,LORONG KAMPUNG BARU SATU ( BERHADAPAN RESTORAN JAPANESE FOOD),1,2,5.35209,,,SEBERANG PERAI TENGAH,,,MBSP,,,,WIRELESS,P.045,,,,,SPT,1,1,,T024,HOTSPOT JALAN MAJU,,,INSTALL NEW CAMERA,100.47299,,07,78,P.045 - BUKIT MERTAJAM,,01,,3,,,N.13,,,N.13 - BERAPIT,10024,3,78,100.47298999977804,5.352089999710081
,{7ADC1EF5-702A-4E86-9D40-E0EABD8C924F},BUKIT MERTAJAM,,BERAPIT,,NEW POLE,,,LORONG KG BARU SATU ( JALAN MAJU ),1,2,5.35267,,,SEBERANG PERAI TENGAH,,,MBSP,,,,WIRELESS,P.045,,,,,SPT,1,1,,T025,HOTSPOT JALAN MAJU,,,INSTALL NEW CAMERA,100.47327,,07,79,P.045 - BUKIT MERTAJAM,,01,,3,,,N.13,,,N.13 - BERAPIT,10025,3,79,100.47327000030869,5.35267000029938
,{02DE04D4-6079-400E-9B70-B0D381451F11},BUKIT MERTAJAM,,BERAPIT,,EXISTING (MBSP),,,LORONG MAJU JAYA 1 ( KWSN PERNIAGAAN MAJU JAYA ),1,1,5.35262,,,SEBERANG PERAI TENGAH,,,MBSP,,,,WIRELESS,P.045,,,,,SPT,1,1,,T026,,,,REPLACE NEW CAMERA,100.46926,,07,80,P.045 - BUKIT MERTAJAM,,01,,3,,,N.13,,,N.13 - BERAPIT,10026,2,80,100.4692599996242,5.3526199996673665
,{E6D1994B-9A0B-45CE-9B8A-6DA0717D0C1D},BUKIT MERTAJAM,,BERAPIT,,NEW POLE,,,LAMPU ISYARAT TAMAN SENTOSA,1,3,5.35348,,,SEBERANG PERAI TENGAH,,,MBSP,,,,WIRELESS,P.045,,,,,SPT,1,1,,T027,,,,INSTALL NEW CAMERA,100.47234,,07,81,P.045 - BUKIT MERTAJAM,,01,,3,,,N.13,,,N.13 - BERAPIT,10027,4,81,100.47234000035662,5.35348000025646
,{0DF5B780-0408-4109-B8C1-61A4B914036C},BUKIT MERTAJAM,,BERAPIT,,EXISTING (KPKT),,,"LORONG USAHANIAGA 4, BKT MERTAJAM",1,2,5.36188,,,SEBERANG PERAI TENGAH,,,JKR,,,,WIRELESS,P.045,,,,,SPT,1,1,,T028,,,,REPLACE NEW CAMERA,100.46674,,07,82,P.045 - BUKIT MERTAJAM,,01,,3,,,N.13,,,N.13 - BERAPIT,10028,3,82,100.46673999979654,5.361880000248312
,{AC3EE0BA-0447-4DD2-B286-BE49E7F23A88},BUKIT MERTAJAM,,BERAPIT,,EXISTING (MBSP),,,SIMPANG JALAN MURTHY/JALAN ASTON ( DEPAN NASI KANDAR CATHAY ),1,3,5.36223,,,SEBERANG PERAI TENGAH,,,JKR,,,,WIRELESS,P.045,,,,,SPT,1,1,,T029,,,,REPLACE NEW CAMERA,100.46398,,07,83,P.045 - BUKIT MERTAJAM,,01,,3,,,N.13,,,N.13 - BERAPIT,10029,4,83,100.4639799996323,5.3622299997772656
,{B68B167A-B16D-4248-9331-F7E78C7B6ECD},BUKIT MERTAJAM,,PADANG LALANG,,EXISTING (KPKT),,,"JALAN PASAR, PEKAN BKT MERTAJAM",1,2,5.36358,,,SEBERANG PERAI TENGAH,,,MBSP,,,,WIRELESS,P.045,,,,,SPT,1,1,,T030,,,,REPLACE NEW CAMERA,100.46074,,07,84,P.045 - BUKIT MERTAJAM,,01,,3,,,N.15,,,N.15 - PADANG LALANG,10030,3,84,100.46073999980358,5.363580000424532
,{E61D84AF-3CE3-469E-A221-E29B5A5F24E9},BUKIT MERTAJAM,,PADANG LALANG,,EXISTING (KPKT),,,SIMPANG JLN TEMBIKAI/JLN PDG LALANG ( BERHADAPAN MAYBANK BKT MERTAJAM ),1,2,5.36522,,,SEBERANG PERAI TENGAH,,,MBSP,,,,WIRELESS,P.045,,,,,SPT,1,1,,T031,,,,REPLACE NEW CAMERA,100.4447,,07,85,P.045 - BUKIT MERTAJAM,,01,,3,,,N.15,,,N.15 - PADANG LALANG,10031,3,85,100.44470000033938,5.365219999773002
,{E6EF654E-D1F0-4383-896D-C2388DB34612},BUKIT MERTAJAM,,PADANG LALANG,,EXISTING (MBSP),,,LORONG KOTA PERMAI 11 (PASAR AWAM TAMAN KOTA PERMAI),1,2,5.34102,,,SEBERANG PERAI TENGAH,,,MBSP,,,,WIRELESS,P.045,,,,,SPT,1,1,,T032,,,,REPLACE NEW CAMERA,100.45806,,07,86,P.045 - BUKIT MERTAJAM,,01,,3,,,N.15,,,N.15 - PADANG LALANG,10032,3,86,100.45805999958857,5.341020000186305
,{7CFC57B5-13D6-42F8-89E5-BC1D2DBB0FDD},BUKIT MERTAJAM,,MACHANG BUBUK,,NEW POLE,,,JALAN BUKIT MINYAK/JALAN KOTA PERMAI,1,3,5.33692,,,SEBERANG PERAI TENGAH,,,JKR,,,,WIRELESS,P.045,,,,,SPT,1,1,PURPOSE TO INSTALL POLE AT AREA ROUND BOUND,T033,,,,INSTALL NEW CAMERA,100.45495,,07,87,P.045 - BUKIT MERTAJAM,,01,,3,,,N.14,,,N.14 - MACHANG BUBUK,10033,4,87,100.45495000039318,5.336920000341123
,{64025EF7-271F-4CBE-8C01-2930136C87B7},BATU KAWAN,,BUKIT TENGAH,,NEW POLE,,,JLN PERMATANG TINGGI/JLN PERINDUSTRIAN BKT MINYAK,1,3,5.32061,,,SEBERANG PERAI TENGAH,,,JKR,,,,WIRELESS,P.046,,,,,SPT,1,1,,T034,,,,INSTALL NEW CAMERA,100.45456,,07,88,P.046 - BATU KAWAN,,01,,3,,,N.17,,,N.17 - BUKIT TENGAH,10034,4,88,100.45455999989483,5.3206099999197685
,{DC94763F-AD3B-4F0D-8F2A-7F92884F2242},BATU KAWAN,,BUKIT TENGAH,,NEW POLE,,,JALAN PINANG,1,2,5.31309,,,SEBERANG PERAI TENGAH,,,MBSP,,,,WIRELESS,P.046,,,,,SPT,1,1,,T035,LKB,,,INSTALL NEW CAMERA,100.44703,,07,89,P.046 - BATU KAWAN,,01,,3,,,N.17,,,N.17 - BUKIT TENGAH,10035,3,89,100.4470299996603,5.313090000307714
,{A1FC9F3D-53E9-49BD-91EC-1F388528085B},BATU KAWAN,,BUKIT TENGAH,,NEW POLE,,,JALAN PINANG,1,2,5.31172,,,SEBERANG PERAI TENGAH,,,MBSP,,,,WIRELESS,P.046,,,,,SPT,1,1,,T036,LKB,,,INSTALL NEW CAMERA,100.44083,,07,90,P.046 - BATU KAWAN,,01,,3,,,N.17,,,N.17 - BUKIT TENGAH,10036,3,90,100.4408299996498,5.311720000045639
,{4D1F6D08-051B-4B19-B1DF-BE7B862F3AFB},BATU KAWAN,,BUKIT TENGAH,,NEW POLE,,,JALAN PINANG,1,2,5.31576,,,SEBERANG PERAI TENGAH,,,MBSP,,,,WIRELESS,P.046,,,,,SPT,1,1,,T037,LKB,,,INSTALL NEW CAMERA,100.43987,,07,91,P.046 - BATU KAWAN,,01,,3,,,N.17,,,N.17 - BUKIT TENGAH,10037,3,91,100.43986999973195,5.315759999984006
,{8ED5429D-8AA6-4AE9-8555-4B14AB34B902},BATU KAWAN,,BUKIT TENGAH,,NEW POLE,,,TAMAN CENDANA,1,2,5.31192,,,SEBERANG PERAI TENGAH,,,MBSP,,,,WIRELESS,P.046,,,,,SPT,1,1,,T038,LKB,,,INSTALL NEW CAMERA,100.43018,,07,92,P.046 - BATU KAWAN,,01,,3,,,N.17,,,N.17 - BUKIT TENGAH,10038,3,92,100.43018000022312,5.3119200000429565
,{CFDB38EA-9E97-489E-BDB7-8B4D68B949DB},BATU KAWAN,,BUKIT TENGAH,,NEW POLE,,,TAMAN CENDANA,1,2,5.31516,,,SEBERANG PERAI TENGAH,,,MBSP,,,,WIRELESS,P.046,,,,,SPT,1,1,,T039,LKB,,,INSTALL NEW CAMERA,100.42812,,07,93,P.046 - BATU KAWAN,,01,,3,,,N.17,,,N.17 - BUKIT TENGAH,10039,3,93,100.42812000038178,5.315159999956856
,{36562FB7-B603-4BA8-9A19-F8D27E08B64C},BATU KAWAN,,BUKIT TENGAH,,NEW POLE,,,TAMAN CENDANA,1,2,5.31524,,,SEBERANG PERAI TENGAH,,,MBSP,,,,WIRELESS,P.046,,,,,SPT,1,1,,T040,LKB,,,INSTALL NEW CAMERA,100.43017,,07,94,P.046 - BATU KAWAN,,01,,3,,,N.17,,,N.17 - BUKIT TENGAH,10040,3,94,100.43017000013718,5.3152400003747955
,{3503EDB8-4CCF-430C-8952-7F264D8979C5},BATU KAWAN,,BUKIT TENGAH,,NEW POLE,,,TAMAN DELIMA,1,2,5.31584,,,SEBERANG PERAI TENGAH,,,MBSP,,,,WIRELESS,P.046,,,,,SPT,1,1,,T041,LKB,,,INSTALL NEW CAMERA,100.43492,,07,95,P.046 - BATU KAWAN,,01,,3,,,N.17,,,N.17 - BUKIT TENGAH,10041,3,95,100.43491999955566,5.315839999638062
,{F13F406D-3110-447C-94F7-1D0CAF433DDC},BATU KAWAN,,BUKIT TENGAH,,NEW POLE,,,TAMAN DELIMA,1,2,5.32207,,,SEBERANG PERAI TENGAH,,,MBSP,,,,WIRELESS,P.046,,,,,SPT,1,1,,T042,LKB,,,INSTALL NEW CAMERA,100.43427,,07,96,P.046 - BATU KAWAN,,01,,3,,,N.17,,,N.17 - BUKIT TENGAH,10042,3,96,100.43426999978281,5.3220700001648815
,{CEFAB246-46CB-48AA-B316-1EF4BC5F2FCE},BUKIT MERTAJAM,,MACHANG BUBUK,,NEW POLE,,,JLN BUKIT MINYAK 2/JLN BUKIT TINGGI,1,3,5.32799,,,SEBERANG PERAI TENGAH,,,JKR,,,,WIRELESS,P.045,,,,,SPT,1,1,,T043,,,,INSTALL NEW CAMERA,100.44787,,07,97,P.045 - BUKIT MERTAJAM,,01,,3,,,N.14,,,N.14 - MACHANG BUBUK,10043,4,97,100.4478700000635,5.327990000434319
,{6CD1B236-79E9-4088-B83B-BDB9CBCAAEF0},BUKIT MERTAJAM,,MACHANG BUBUK,,EXISTING (MBSP),,,JALAN BUKIT TENGAH  ( DESA TITI PANJANG),1,2,5.33103,,,SEBERANG PERAI TENGAH,,,JKR,,,,WIRELESS,P.045,,,,,SPT,1,1,,T044,,,,REPLACE NEW CAMERA,100.44745,,07,98,P.045 - BUKIT MERTAJAM,,01,,3,,,N.14,,,N.14 - MACHANG BUBUK,10044,3,98,100.44744999958064,5.331029999662036
,{C2A37EEF-F8E9-4B82-9816-8D01A74C10E2},BATU KAWAN,,BUKIT TENGAH,,NEW POLE,,,JALAN CHIAN HENG KAI,1,2,5.34641,,,SEBERANG PERAI TENGAH,,,JKR,,,,WIRELESS,P.046,,,,,SPT,1,1,,T045,,,,INSTALL NEW CAMERA,100.43975,,07,99,P.046 - BATU KAWAN,,01,,3,,,N.17,,,N.17 - BUKIT TENGAH,10045,3,99,100.43975000002263,5.34640999975331
,{FA9EC12D-1826-45A8-83F3-9D7C28A55927},BATU KAWAN,,BUKIT TENGAH,,NEW POLE,,,LINTANG BAYU MUTIARA,1,2,5.34484,,,SEBERANG PERAI TENGAH,,,MBSP,,,,WIRELESS,P.046,,,,,SPT,1,1,,T046,LKB,,,INSTALL NEW CAMERA,100.43893,,07,100,P.046 - BATU KAWAN,,01,,3,,,N.17,,,N.17 - BUKIT TENGAH,10046,3,100,100.43892999994216,5.344840000402748
,{DF7652E1-D1CC-4986-83CB-8679D584B3B8},BATU KAWAN,,BUKIT TENGAH,,EXISTING (MBSP),,,SIMPANG JLN TMN BAYU MUTIARA/AUTOCITY,1,2,5.34332,,,SEBERANG PERAI TENGAH,,,JKR,,,,WIRELESS,P.046,,,,,SPT,1,1,,T047,,,,REPLACE NEW CAMERA,100.43658,,07,101,P.046 - BATU KAWAN,,01,,3,,,N.17,,,N.17 - BUKIT TENGAH,10047,3,101,100.43658000026132,5.343320000211195
,{F60F0669-85D8-4175-8172-AAAF021232DF},BATU KAWAN,,BUKIT TENGAH,,NEW POLE,,,FLYOVER BAYU MUTIARA ( JALAN JURU SENTRAL),1,2,5.34294,,,SEBERANG PERAI TENGAH,,,MBSP,,,,WIRELESS,P.046,,,,,SPT,1,1,,T048,,,,INSTALL NEW CAMERA,100.43607,,07,102,P.046 - BATU KAWAN,,01,,3,,,N.17,,,N.17 - BUKIT TENGAH,10048,3,102,100.43606999967186,5.342939999839245
,{6C3FA2B6-1771-4B77-98BF-3F9BA6BF6B63},BATU KAWAN,,BUKIT TENGAH,,NEW POLE,,,JLN BUKIT TENGAH/JLN ICON CITY ( HADAPAN STARBUCK CAFÉ ),1,2,5.34536,,,SEBERANG PERAI TENGAH,,,MBSP,,,,WIRELESS,P.046,,,,,SPT,1,1,,T049,HOTSPOT ICON CITY,,,INSTALL NEW CAMERA,100.43461,,07,103,P.046 - BATU KAWAN,,01,,3,,,N.17,,,N.17 - BUKIT TENGAH,10049,3,103,100.43461000000872,5.345360000430088
,{1F8F45CA-EB89-4256-AACA-ABDA718356BB},BATU KAWAN,,BUKIT TENGAH,,NEW POLE,,,JALAN ICON CITY,1,2,5.34428,,,SEBERANG PERAI TENGAH,,,MBSP,,,,WIRELESS,P.046,,,,,SPT,1,1,,T050,HOTSPOT ICON CITY,,,INSTALL NEW CAMERA,100.43432,,07,104,P.046 - BATU KAWAN,,01,,3,,,N.17,,,N.17 - BUKIT TENGAH,10050,3,104,100.43431999989136,5.344280000086056
,{03381BF5-6C14-4EA0-B06E-EAFA8DE7D961},BATU KAWAN,,BUKIT TENGAH,,NEW POLE,,,JALAN ICON CITY,1,2,5.34285,,,SEBERANG PERAI TENGAH,,,MBSP,,,,WIRELESS,P.046,,,,,SPT,1,1,NEARLY WITH TNB CABINET AND FIREFIGHTER LINE PIPE WATER,T051,HOTSPOT ICON CITY,,,INSTALL NEW CAMERA,100.43366,,07,105,P.046 - BATU KAWAN,,01,,3,,,N.17,,,N.17 - BUKIT TENGAH,10051,3,105,100.43366000019539,5.342850000069761
,{48BDF8DC-8A0D-4BF4-85F1-EE2B3EB5A40F},BATU KAWAN,,BUKIT TENGAH,,NEW POLE,,,JALAN ICON CITY / JALAN NENAS ,1,2,5.34166,,,SEBERANG PERAI TENGAH,,,MBSP,,,,WIRELESS,P.046,,,,,SPT,1,1,NEARLY WITH TNB CABINET AND FIREFIGHTER LINE PIPE WATER,T052,HOTSPOT ICON CITY,,,INSTALL NEW CAMERA,100.43306,,07,106,P.046 - BATU KAWAN,,01,,3,,,N.17,,,N.17 - BUKIT TENGAH,10052,3,106,100.43305999958301,5.341659999933267
,{FBA2D2D5-6F1F-41A9-B3F6-C92D95651540},BATU KAWAN,,BUKIT TENGAH,,EXISTING (MBSP),,,JALAN KEBUN NENAS,1,3,5.34103,,,SEBERANG PERAI TENGAH,,,JKR,,,,WIRELESS,P.046,,,,,SPT,1,1,,T053,,,,REPLACE NEW CAMERA,100.43407,,07,107,P.046 - BATU KAWAN,,01,,3,,,N.17,,,N.17 - BUKIT TENGAH,10053,4,107,100.43406999968852,5.341029999641778
,{B3FBBF17-FE4D-495B-AAF3-EFD1CEE38FD3},BATU KAWAN,,BUKIT TENGAH,,TRAFFIC LIGHT,,,DARI ARAH SEBERANG JAYA(EXIT HIGHWAY),1,2,5.33944,,,SEBERANG PERAI TENGAH,,,JKR,,,,WIRELESS,P.046,,,,,SPT,1,1,KIV ( HIGHWAY PLUS AREA) NEARLY PIPE LINE GAS NEED TO INSTALL CCTV AT  STREET LIGHT POLE,T054,,,,TRAFFIC LIGHT POLE,100.43234,,07,108,P.046 - BATU KAWAN,,01,,3,,,N.17,,,N.17 - BUKIT TENGAH,10054,3,108,100.43233999966547,5.3394400003729015
,{4CA742F2-C50E-4F3A-BEBD-E528DF8B5212},BATU KAWAN,,BUKIT TENGAH,,TRAFFIC LIGHT,,,DARI ARAH TOL JURU,1,2,5.33845,,,SEBERANG PERAI TENGAH,,,JKR,,,,WIRELESS,P.046,,,,,SPT,1,1,KIV ( AREA BOUNDARY UNDER PLUS HIGHWAY ) NEED INSTALL AT STREET LAMP POLE / TRAFFIC LIGHT POLE,T055,,,,TRAFFIC LIGHT POLE,100.43179,,07,109,P.046 - BATU KAWAN,,01,,3,,,N.17,,,N.17 - BUKIT TENGAH,10055,3,109,100.43178999992499,5.338449999743588
,{CFC3C7A1-76A3-47AC-9FB5-D0B73293EFC9},PERMATANG PAUH,,SEBERANG JAYA,,TRAFFIC LIGHT,,,JALAN PERUSAHAAN/JALAN KEBUN NENAS,1,3,5.36536,,,SEBERANG PERAI TENGAH,,,JKR,,,,WIRELESS,P.044,,,,,SPT,1,1,KIV ( DON’T ANY SPACE TO INSTALL FOR NEW POLE ) HAVE SOME WAY MANHOLE,T056,,,,TRAFFIC LIGHT POLE,100.43553,,07,110,P.044 - PERMATANG PAUH,,01,,3,,,N.10,,,N.10 - SEBERANG JAYA,10056,4,110,100.43552999979451,5.365360000285451
,{8CEBB412-AF74-44C6-A2AA-50B549B7105C},BATU KAWAN,,BUKIT TENGAH,,NEW POLE,,,JLN PERUSAHAAN/LRG PERUSAHAAN MAJU 8 ( HADAPAN GOLDEN NASMIR HOTEL ),1,2,5.33977,,,SEBERANG PERAI TENGAH,,,MBSP,,,,WIRELESS,P.046,,,,,SPT,1,1,,T057,,,,INSTALL NEW CAMERA,100.42903,,07,111,P.046 - BATU KAWAN,,01,,3,,,N.17,,,N.17 - BUKIT TENGAH,10057,3,111,100.42902999985061,5.339769999813548
,{C29F3E2B-E423-40C8-8E87-86849035F79C},BATU KAWAN,,BUKIT TENGAH,,EXISTING (MBSP),,,PERSIMPANGAN JALAN NAGASARI,1,3,5.35748,,,SEBERANG PERAI TENGAH,,,JKR,,,,WIRELESS,P.046,,,,,SPT,1,1,,T058,,,,REPLACE NEW CAMERA,100.40969,,07,112,P.046 - BATU KAWAN,,01,,3,,,N.17,,,N.17 - BUKIT TENGAH,10058,4,112,100.40969000039526,5.3574800003023775
,{D3ECF8FF-CE5F-46FF-A2A4-88E42CA8DEE9},BATU KAWAN,,BUKIT TENGAH,,NEW POLE,,,JALAN PERUSAHAAN MAJU 8B,1,1,5.35402,,,SEBERANG PERAI TENGAH,,,MBSP,,,,WIRELESS,P.046,,,,,SPT,1,1,,T059,HOTSPOT FIZ PRAI,,,,100.40512,,07,113,P.046 - BATU KAWAN,,01,,3,,,N.17,,,N.17 - BUKIT TENGAH,10059,2,113,100.40512000030544,5.354020000061748
,{4A57AA62-6131-42D1-8119-1BCC8F40C8D4},BATU KAWAN,,BUKIT TENGAH,,NEW POLE,,,"TINGKAT PERUSAHAAN 6, PERAI",1,4,5.35539,,,SEBERANG PERAI TENGAH,,,MBSP,,,,WIRELESS,P.046,,,,,SPT,1,1,,T060,HOTSPOT FIZ PRAI,,,INSTALL NEW CAMERA,100.40041,,07,114,P.046 - BATU KAWAN,,01,,3,,,N.17,,,N.17 - BUKIT TENGAH,10060,5,114,100.40041000005958,5.355390000295129
,{90150EB9-156E-48B9-952C-496908188582},BATU KAWAN,,BUKIT TENGAH,,EXISTING (MBSP),,,"TINGKAT PERUSAHAAN 4A , PERAI (HADAPAN PINTU UTAMA KILANG FLEX)",1,3,5.35703,,,SEBERANG PERAI TENGAH,,,MBSP,,,,WIRELESS,P.046,,,,,SPT,1,1,,T061,HOTSPOT FIZ PRAI,,,REPLACE NEW CAMERA,100.39732,,07,115,P.046 - BATU KAWAN,,01,,3,,,N.17,,,N.17 - BUKIT TENGAH,10061,4,115,100.39731999996238,5.3570300001756115
,{26C75761-B76B-4C5B-97AB-33C64C9FE0CF},BATU KAWAN,,BUKIT TENGAH,,NEW POLE,,,"TINGKAT PERUSAHAAN 4A , PERAI (BERHAMPIRAN KILANG MATTEL )",1,3,5.36008,,,SEBERANG PERAI TENGAH,,,MBSP,,,,WIRELESS,P.046,,,,,SPT,1,1,,T062,HOTSPOT FIZ PRAI,,,INSTALL NEW CAMERA,100.39898,,07,116,P.046 - BATU KAWAN,,01,,3,,,N.17,,,N.17 - BUKIT TENGAH,10062,4,116,100.39897999958536,5.36007999957572
,{492A7D65-869C-426B-979B-74A325AC0A5D},BATU KAWAN,,BUKIT TENGAH,,NEW POLE,,,"JALAN PERUSAHAAN 6, PERAI",1,1,5.36172,,,SEBERANG PERAI TENGAH,,,MBSP,,,,WIRELESS,P.046,,,,,SPT,1,1,,T063,HOTSPOT FIZ PRAI,,,INSTALL NEW CAMERA,100.40115,,07,117,P.046 - BATU KAWAN,,01,,3,,,N.17,,,N.17 - BUKIT TENGAH,10063,2,117,100.40115000025048,5.36172000026647
,{D28B164B-8314-4930-9678-4AE00399C25B},BATU KAWAN,,BUKIT TENGAH,,STREET LIGHT,,,"TINGKAT PERUSAHAAN 4B, PERAI",1,2,5.35136,,,SEBERANG PERAI TENGAH,,,JKR,,,,WIRELESS,P.046,,,,,SPT,1,1,"KIV ( DON’T  HAVE ANY SUITABLE SPACE TO INSTALL NEW POLE ) HAVE SOME INTERRUPTED SUCH AS TREE, PIPE LINE GAS",T064,HOTSPOT FIZ PRAI,,,STREET LIGHT POLE,100.39441,,07,118,P.046 - BATU KAWAN,,01,,3,,,N.17,,,N.17 - BUKIT TENGAH,10064,3,118,100.3944100002942,5.351360000289704
,{E83B483B-0425-45E0-AE98-051BF61D8BC8},BATU KAWAN,,PERAI,,NEW POLE,,,"LORONG PERUSAHAAN 4, PERAI ( BERHAMPIRAN LOJI RAWATAN KUMBAHAN )",1,2,5.35636,,,SEBERANG PERAI TENGAH,,,MBSP,,,,WIRELESS,P.046,,,,,SPT,1,1,,T065,HOTSPOT FIZ PRAI,,,INSTALL NEW CAMERA,100.38692,,07,119,P.046 - BATU KAWAN,,01,,3,,,N.16,,,N.16 - PERAI,10065,3,119,100.3869199999722,5.356360000361963
,{9EC0351E-6EDA-4752-8B87-16495F66C354},BATU KAWAN,,PERAI,,STREET LIGHT,,,"TINGKAT PERUSAHAAN 4, PERAI (BERHAMPIRAN KILANG TORAY PLASTIC)",1,2,5.35933,,,SEBERANG PERAI TENGAH,,,MBSP,,,,WIRELESS,P.046,,,,,SPT,1,1,KIV ( DON’T  HAVE ANY SUITABLE SPACE TO INSTALL NEW POLE ) HAVE SOME INTERRUPTED PIPE LINE GAS,T066,HOTSPOT FIZ PRAI,,,STREET LIGHT POLE,100.38845,,07,120,P.046 - BATU KAWAN,,01,,3,,,N.16,,,N.16 - PERAI,10066,3,120,100.3884499999375,5.359330000021237
,{CDC49484-B8A4-4D24-BDDD-41BC4D41A336},BATU KAWAN,,PERAI,,NEW POLE,,,"TINGKAT PERUSAHAAN 4, PERAI (HADAPAN RUMAH PAM MBSP )",1,2,5.36122,,,SEBERANG PERAI TENGAH,,,MBSP,,,,WIRELESS,P.046,,,,,SPT,1,1,,T067,HOTSPOT FIZ PRAI,,,INSTALL NEW CAMERA,100.38483,,07,121,P.046 - BATU KAWAN,,01,,3,,,N.16,,,N.16 - PERAI,10067,3,121,100.38483000044162,5.361220000141418
,{9C081BDB-B11C-41CA-A8E0-91E72FE39C10},BATU KAWAN,,PERAI,,NEW POLE,,,SPG MASUK TINGKAT PERUSAHAAN 4 / LORONG PERUSAAAN 4,1,3,5.36631,,,SEBERANG PERAI TENGAH,,,MBSP,,,,WIRELESS,P.046,,,,,SPT,1,1,,T068,HOTSPOT FIZ PRAI,,,INSTALL NEW CAMERA,100.38752,,07,122,P.046 - BATU KAWAN,,01,,3,,,N.16,,,N.16 - PERAI,10068,4,122,100.38752000029373,5.366310000181397
,{27F630F5-2C02-4346-B45F-EFFC10A5B688},BATU KAWAN,,PERAI,,NEW POLE,,,SPG TRAFFIC LIGHT LORONG PERUSAAAN 4,1,3,5.36875,,,SEBERANG PERAI TENGAH,,,MBSP,,,,WIRELESS,P.046,,,,,SPT,1,1,,T069,HOTSPOT FIZ PRAI,,,INSTALL NEW CAMERA,100.38891,,07,123,P.046 - BATU KAWAN,,01,,3,,,N.16,,,N.16 - PERAI,10069,4,123,100.3889100000491,5.368750000404375
,{6A63F701-4376-4373-B5CE-4C9834E96CD1},PERMATANG PAUH,,SEBERANG JAYA,,NEW POLE,,,SUSUR KE JAMBATAN PENANG  ( JALAN BARU ),1,3,5.37737,,,SEBERANG PERAI TENGAH,,,MBSP,,,,WIRELESS,P.044,,,,,SPT,1,1,,T070,,,,INSTALL NEW CAMERA,100.40117,,07,124,P.044 - PERMATANG PAUH,,01,,3,,,N.10,,,N.10 - SEBERANG JAYA,10070,4,124,100.40116999961755,5.377369999954767
,{EF9B53A5-DAE2-4F8D-A6B8-F293D545DCF6},BATU KAWAN,,PERAI,,EXISTING (KPKT),,,JALAN PERAI JAYA 3 (HADAPAN MEGAMALL SHOPPING MALL ),1,2,5.37773,,,SEBERANG PERAI TENGAH,,,MBSP,,,,WIRELESS,P.046,,,,,SPT,1,1,,T071,HOTSPOT MEGAMALL,,,REPLACE NEW CAMERA,100.39998,,07,125,P.046 - BATU KAWAN,,01,,3,,,N.16,,,N.16 - PERAI,10071,3,125,100.39998000033472,5.37772999990553
,{3AFBD5BA-FE7F-4DB5-97CE-433715599E3C},BATU KAWAN,,PERAI,,NEW POLE,,,JALAN PERAI JAYA 3/ JLN PERAI JAYA 5 (SPG MASUK MEGAMALL SHOPPING MALL),1,2,5.37861,,,SEBERANG PERAI TENGAH,,,MBSP,,,,WIRELESS,P.046,,,,,SPT,1,1,,T072,HOTSPOT MEGAMALL,,,INSTALL NEW CAMERA,100.39822,,07,126,P.046 - BATU KAWAN,,01,,3,,,N.16,,,N.16 - PERAI,10072,3,126,100.39822000039773,5.3786099997488215
,{6ABBF03E-EDF5-44A5-9BAF-145D45D2D179},BATU KAWAN,,PERAI,,NEW POLE,,,JALAN PERAI JAYA 3,1,2,5.37689,,,SEBERANG PERAI TENGAH,,,MBSP,,,,WIRELESS,P.046,,,,,SPT,1,1,,T073,HOTSPOT MEGAMALL,,,INSTALL NEW CAMERA,100.40126,,07,127,P.046 - BATU KAWAN,,01,,3,,,N.16,,,N.16 - PERAI,10073,3,127,100.40125999989203,5.376890000279457
,{41C21626-1648-473A-A98B-03DCCB399891},BATU KAWAN,,PERAI,,NEW POLE,,,JALAN PERAI JAYA 3,1,2,5.37643,,,SEBERANG PERAI TENGAH,,,MBSP,,,,WIRELESS,P.046,,,,,SPT,1,1,"KIV ( NEARLY WITH NEW POLE T058 ), NO NEED REQUIREMENT FOR INSTALL NEW POLE",T074,HOTSPOT MEGAMALL,,,INSTALL NEW CAMERA,100.40072,,07,128,P.046 - BATU KAWAN,,01,,3,,,N.16,,,N.16 - PERAI,10074,3,128,100.40072000002885,5.376430000189607
,{10E6579A-0DA7-4C67-B4D1-21D0A04E3272},BATU KAWAN,,PERAI,,NEW POLE,,,JALAN PERAI JAYA 3/ JALAN PERAI JAYA 2 ,1,3,5.37513,,,SEBERANG PERAI TENGAH,,,MBSP,,,,WIRELESS,P.046,,,,,SPT,1,1,,T075,HOTSPOT MEGAMALL,,,INSTALL NEW CAMERA,100.40045,,07,129,P.046 - BATU KAWAN,,01,,3,,,N.16,,,N.16 - PERAI,10075,4,129,100.4004499999979,5.375129999588729
,{5430256A-02C2-4BDB-82DB-9F68F087CB77},BATU KAWAN,,PERAI,,EXISTING (KPKT),,,JALAN PERAI JAYA 2 (BELAKANG MEGAMALL SHOPPING MALL ),1,2,5.37574,,,SEBERANG PERAI TENGAH,,,MBSP,,,,WIRELESS,P.046,,,,,SPT,1,1,,T076,HOTSPOT MEGAMALL,,,REPLACE NEW CAMERA,100.39894,,07,130,P.046 - BATU KAWAN,,01,,3,,,N.16,,,N.16 - PERAI,10076,3,130,100.39893999985304,5.375740000287419
,{26202C6B-C0EA-42A9-BF35-FC841F13124B},BATU KAWAN,,PERAI,,NEW POLE,,,JALAN PERAI JAYA 4,1,2,5.37846,,,SEBERANG PERAI TENGAH,,,MBSP,,,,WIRELESS,P.046,,,,,SPT,1,1,,T077,HOTSPOT MEGAMALL,,,INSTALL NEW CAMERA,100.39626,,07,131,P.046 - BATU KAWAN,,01,,3,,,N.16,,,N.16 - PERAI,10077,3,131,100.39625999969418,5.3784599997462745
,{93D074AD-D6D4-4E03-8019-98B9D2FCAD04},BATU KAWAN,,PERAI,,NEW POLE,,,JALAN PERAI JAYA 5/ JLN PERAI JAYA 6,1,2,5.37542,,,SEBERANG PERAI TENGAH,,,MBSP,,,,WIRELESS,P.046,,,,,SPT,1,1,,T078,HOTSPOT MEGAMALL,,,INSTALL NEW CAMERA,100.39729,,07,132,P.046 - BATU KAWAN,,01,,3,,,N.16,,,N.16 - PERAI,10078,3,132,100.39729000006284,5.375420000174024
,{07B5AF95-67B0-4ABA-A708-2207B3738573},BATU KAWAN,,PERAI,,NEW POLE,,,JALAN PERAI JAYA 1/ JLN PERAI JAYA 6,1,3,5.37682,,,SEBERANG PERAI TENGAH,,,MBSP,,,,WIRELESS,P.046,,,,,SPT,1,1,,T079,HOTSPOT MEGAMALL,,,INSTALL NEW CAMERA,100.39725,,07,133,P.046 - BATU KAWAN,,01,,3,,,N.16,,,N.16 - PERAI,10079,4,133,100.39725000044875,5.376820000027886
,{7B1B007E-3CCE-4F49-9115-A81FEEA5E4B0},BATU KAWAN,,PERAI,,NEW POLE,,,JALAN PERAI JAYA 3/ JLN PERAI JAYA 1,1,3,5.37768,,,SEBERANG PERAI TENGAH,,,MBSP,,,,WIRELESS,P.046,,,,,SPT,1,1,,T080,HOTSPOT MEGAMALL,,,INSTALL NEW CAMERA,100.39774,,07,134,P.046 - BATU KAWAN,,01,,3,,,N.16,,,N.16 - PERAI,10080,4,134,100.39773999970876,5.377680000051994
,{3AC371E0-475E-4424-990A-FEBF139ABBD6},PERMATANG PAUH,,SEBERANG JAYA,,NEW POLE,,,SPG TRAFFIC LIGTHT JLN BARU (SPG MASUK MEGAMALL SHOPPING MALL),1,3,5.37966,,,SEBERANG PERAI TENGAH,,,MBSP,,,,WIRELESS,P.044,,,,,SPT,1,1,,T081,HOTSPOT MEGAMALL,,,INSTALL NEW CAMERA,100.39735,,07,135,P.044 - PERMATANG PAUH,,01,,3,,,N.10,,,N.10 - SEBERANG JAYA,10081,4,135,100.39735000025941,5.379659999716814
,{1115BBE4-77A5-4F5F-9287-355C930184C1},BATU KAWAN,,BUKIT TENGAH,,TRAFFIC LIGHT,,,FLYOVER CHAI LENG PARK,1,2,5.34641,,,SEBERANG PERAI TENGAH,,,JKR,,,,WIRELESS,P.046,,,,,SPT,1,1,KIV ( DON’T HAVE ANY SPACE TO INSTALL NEW POLE ),T082,,,,INSTALL NEW CAMERA,100.43975,,07,136,P.046 - BATU KAWAN,,01,,3,,,N.17,,,N.17 - BUKIT TENGAH,10082,3,136,100.43975000002263,5.34640999975331
,{8740AEB4-EF20-4665-9322-423D5668EBBA},BATU KAWAN,,PERAI,,EXISTING (MBSP),,,JALAN CHAIN FERRY ( SUSUR MASUK  FLYOVER ),1,2,5.38704,,,SEBERANG PERAI TENGAH,,,JKR,,,,WIRELESS,P.046,,,,,SPT,1,1,,T083,,,,REPLACE NEW CAMERA,100.38814,,07,137,P.046 - BATU KAWAN,,01,,3,,,N.16,,,N.16 - PERAI,10083,3,137,100.38813999963689,5.387039999759544
,{FAC20642-C288-4A33-B159-C542DA1426C9},BATU KAWAN,,PERAI,,EXISTING (MBSP),,,JALAN CHAIN FERRY ( SUSUR KELUAR  FLYOVER ),1,2,5.38801,,,SEBERANG PERAI TENGAH,,,JKR,,,,WIRELESS,P.046,,,,,SPT,1,1,,T084,,,,REPLACE NEW CAMERA,100.38843,,07,138,P.046 - BATU KAWAN,,01,,3,,,N.16,,,N.16 - PERAI,10084,3,138,100.38843000035266,5.388010000015878
,{6A1AADF2-0182-4294-B4F6-F737D739B084},BATU KAWAN,,PERAI,,EXISTING (KPKT),,,"TINGKAT KIKIK 7, TMN INDERWASIH",1,3,5.38739,,,SEBERANG PERAI TENGAH,,,MBSP,,,,WIRELESS,P.046,,,,,SPT,1,1,,T085,,,,REPLACE NEW CAMERA,100.38785,,07,139,P.046 - BATU KAWAN,,01,,3,,,N.16,,,N.16 - PERAI,10085,4,139,100.38785000013124,5.387390000205244
,{0B6E842C-96C3-4678-8595-EA23FCD9261E},BATU KAWAN,,PERAI,,NEW POLE,,,TINGKAT KIKIK 7 / MEDAN KIKIK 1,1,2,5.38817,,,SEBERANG PERAI TENGAH,,,MBSP,,,,WIRELESS,P.046,,,,,SPT,1,1,,T086,LKB,,,INSTALL NEW CAMERA,100.38648,,07,140,P.046 - BATU KAWAN,,01,,3,,,N.16,,,N.16 - PERAI,10086,3,140,100.38648000026484,5.388170000050516
,{A1B12AA0-9FAD-45A1-8940-854876DFDD0B},BATU KAWAN,,PERAI,,NEW POLE,,,JALAN KIKIK / MEDAN KIKIK 2,1,2,5.39173,,,SEBERANG PERAI TENGAH,,,MBSP,,,,WIRELESS,P.046,,,,,SPT,1,1,,T087,LKB,,,INSTALL NEW CAMERA,100.38342,,07,141,P.046 - BATU KAWAN,,01,,3,,,N.16,,,N.16 - PERAI,10087,3,141,100.38342000044409,5.391730000098231
,{94C1638C-294E-48B7-9B27-0B2836F1E69D},BATU KAWAN,,PERAI,,NEW POLE,,,JALAN KIKIK / MEDAN KIKIK 1,1,2,5.39267,,,SEBERANG PERAI TENGAH,,,MBSP,,,,WIRELESS,P.046,,,,,SPT,1,1,,T088,LKB,,,INSTALL NEW CAMERA,100.38647,,07,142,P.046 - BATU KAWAN,,01,,3,,,N.16,,,N.16 - PERAI,10088,3,142,100.38646999959326,5.392670000102455
,{383A8162-9549-487C-9A9B-61B934D2FFB0},BATU KAWAN,,PERAI,,NEW POLE,,,"JALAN KIKIR, TMN INDERWASIH",1,3,5.39291,,,SEBERANG PERAI TENGAH,,,MBSP,,,,WIRELESS,P.046,,,,,SPT,1,1,,T089,,,,INSTALL NEW CAMERA,100.38841,,07,143,P.046 - BATU KAWAN,,01,,3,,,N.16,,,N.16 - PERAI,10089,4,143,100.38841000027527,5.3929100003116295
,{8D39FF8A-8538-4E45-9830-8EE692066F43},BATU KAWAN,,PERAI,,EXISTING (MBSP),,,JALAN TODAK / JALAN CHAIN FERRY,1,3,5.39161,,,SEBERANG PERAI TENGAH,,,JKR,,,,WIRELESS,P.046,,,,,SPT,1,1,,T090,,,,REPLACE NEW CAMERA,100.38879,,07,144,P.046 - BATU KAWAN,,01,,3,,,N.16,,,N.16 - PERAI,10090,4,144,100.38879000013911,5.3916100004289715
,{4603F3AE-630A-4478-948A-1380868C4A99},BATU KAWAN,,PERAI,,EXISTING (KPKT),,,LEBUH KURAU 5/TINGKAT KURAU 4,1,3,5.38676,,,SEBERANG PERAI TENGAH,,,MBSP,,,,WIRELESS,P.046,,,,,SPT,1,1,,T091,HOTSPOT CHAI LENG PARK,,,REPLACE NEW CAMERA,100.39102,,07,145,P.046 - BATU KAWAN,,01,,3,,,N.16,,,N.16 - PERAI,10091,4,145,100.39101999978476,5.386760000222068
,{C364680E-F9B2-40DA-9486-A39F10AAF64F},BATU KAWAN,,PERAI,,EXISTING (KPKT),,,JALAN KURAU/LORONG KURAU 25,1,3,5.38555,,,SEBERANG PERAI TENGAH,,,MBSP,,,,WIRELESS,P.046,,,,,SPT,1,1,,T092,HOTSPOT CHAI LENG PARK,,,REPLACE NEW CAMERA,100.39345,,07,146,P.046 - BATU KAWAN,,01,,3,,,N.16,,,N.16 - PERAI,10092,4,146,100.39345000012973,5.385549999903899
,{C421C443-603E-4FFA-BB61-8FF975FCD6AE},BATU KAWAN,,PERAI,,NEW POLE,,,JALAN KURAU ( HADAPAN KEDAI ROTI ),1,2,5.38497,,,SEBERANG PERAI TENGAH,,,MBSP,,,,WIRELESS,P.046,,,,,SPT,1,1,,T093,HOTSPOT CHAI LENG PARK,,,INSTALL NEW CAMERA,100.39316,,07,147,P.046 - BATU KAWAN,,01,,3,,,N.16,,,N.16 - PERAI,10093,3,147,100.39316000010855,5.384970000238806
,{364402A7-2A64-44A0-B916-8184D8A87F60},BATU KAWAN,,PERAI,,NEW POLE,,,MEDAN KURAU 2/LEBUH KURAU 3 ( HDPN FARMASI PRAI/BERSEBELAH PASAR  AWAM CHAI LENG PARK),1,3,5.38569,,,SEBERANG PERAI TENGAH,,,MBSP,,,,WIRELESS,P.046,,,,,SPT,1,1,,T094,HOTSPOT CHAI LENG PARK,,,INSTALL NEW CAMERA,100.39167,,07,148,P.046 - BATU KAWAN,,01,,3,,,N.16,,,N.16 - PERAI,10094,4,148,100.39167000020306,5.385689999975194
,{C53B5912-BCC0-4596-A3BA-63FE058B0155},BATU KAWAN,,PERAI,,NEW POLE,,,TINGKAT KURAU 4 / LEBUH KURAU 3 ( BERDEKATAN RESTORAN ZHEHONG ),1,2,5.38608,,,SEBERANG PERAI TENGAH,,,MBSP,,,,WIRELESS,P.046,,,,,SPT,1,1,,T095,HOTSPOT CHAI LENG PARK,,,INSTALL NEW CAMERA,100.39089,,07,149,P.046 - BATU KAWAN,,01,,3,,,N.16,,,N.16 - PERAI,10095,3,149,100.39089000025196,5.38608000002865
,{929CBBA3-C9E4-4B11-828A-1F34E66C73B3},BATU KAWAN,,PERAI,,NEW POLE,,,TINGKAT KURAU 4 / LEBUH KURAU 1  ( HADAPAN RESTORAN WAH HONG  ),1,3,5.38488,,,SEBERANG PERAI TENGAH,,,MBSP,,,,WIRELESS,P.046,,,,,SPT,1,1,,T096,HOTSPOT CHAI LENG PARK,,,INSTALL NEW CAMERA,100.39018,,07,150,P.046 - BATU KAWAN,,01,,3,,,N.16,,,N.16 - PERAI,10096,4,150,100.39018000024743,5.384880000254726
,{21C54721-F663-4BA9-B53E-AD140E0DDEE2},BATU KAWAN,,PERAI,,NEW POLE,,,LEBUH KURAU 1,1,2,5.38465,,,SEBERANG PERAI TENGAH,,,MBSP,,,,WIRELESS,P.046,,,,,SPT,1,1,,T097,HOTSPOT CHAI LENG PARK,,,INSTALL NEW CAMERA,100.39097,,07,151,P.046 - BATU KAWAN,,01,,3,,,N.16,,,N.16 - PERAI,10097,3,151,100.39097000027037,5.384649999852364
,{9113EC14-0948-4731-A6F0-F144562C018B},BATU KAWAN,,PERAI,,NEW POLE,,,LEBUH KURAU 1 / JALAN KURAU ( HADAPAN HONG LEONG BANK),1,3,5.38394,,,SEBERANG PERAI TENGAH,,,MBSP,,,,WIRELESS,P.046,,,,,SPT,1,1,,T098,HOTSPOT CHAI LENG PARK,,,INSTALL NEW CAMERA,100.39241,,07,152,P.046 - BATU KAWAN,,01,,3,,,N.16,,,N.16 - PERAI,10098,4,152,100.39241000000264,5.383939999943972
,{169CE65B-227B-467D-A5C1-7590E63EC2B5},PERMATANG PAUH,,SEBERANG JAYA,,NEW POLE,,,JALAN PERPUSTAKAAN,1,2,5.39469,,,SEBERANG PERAI TENGAH,,,MBSP,,,,WIRELESS,P.044,,,,,SPT,1,1,,T099,HOTSPOT SUNWAY CITY,,,INSTALL NEW CAMERA,100.39898,,07,153,P.044 - PERMATANG PAUH,,01,,3,,,N.10,,,N.10 - SEBERANG JAYA,10099,3,153,100.39898000027955,5.3946900003213925
,{F92F7CE9-E93E-4076-B2DF-DD31C6C580BB},PERMATANG PAUH,,SEBERANG JAYA,,NEW POLE,,,JALAN PERPUSTAKAAN (HADAPAN KLINIK KESIHATAN SBRG JAYA),1,2,5.39352,,,SEBERANG PERAI TENGAH,,,MBSP,,,,WIRELESS,P.044,,,,,SPT,1,1,,T100,HOTSPOT SUNWAY CITY,,,INSTALL NEW CAMERA,100.39902,,07,154,P.044 - PERMATANG PAUH,,01,,3,,,N.10,,,N.10 - SEBERANG JAYA,10100,3,154,100.39902000002213,5.393519999833941
,{3751291D-34D2-4404-B129-E2BB4333BA91},PERMATANG PAUH,,SEBERANG JAYA,,NEW POLE,,,JALAN TENAGA,1,2,5.39281,,,SEBERANG PERAI TENGAH,,,MBSP,,,,WIRELESS,P.044,,,,,SPT,1,1,,T101,HOTSPOT SUNWAY CITY,,,INSTALL NEW CAMERA,100.39797,,07,155,P.044 - PERMATANG PAUH,,01,,3,,,N.10,,,N.10 - SEBERANG JAYA,10101,3,155,100.39797000039297,5.392809999949259
,{DC8EB32C-3FA0-4C8B-A77E-9E9710EE6483},PERMATANG PAUH,,SEBERANG JAYA,,NEW POLE,,, JALAN TENAGA ( HADAPAN PINTU KELUAR PEJABAT PERKESO),1,2,5.39369,,,SEBERANG PERAI TENGAH,,,MBSP,,,,WIRELESS,P.044,,,,,SPT,1,1,,T102,HOTSPOT SUNWAY CITY,,,INSTALL NEW CAMERA,100.39731,,07,156,P.044 - PERMATANG PAUH,,01,,3,,,N.10,,,N.10 - SEBERANG JAYA,10102,3,156,100.39730999978673,5.393690000142687
,{E20C13A8-7C75-4344-AA89-D8AF0303CEB5},PERMATANG PAUH,,SEBERANG JAYA,,NEW POLE,,,JALAN TENAGA / LEBUH TENGGIRI 2,1,2,5.39495,,,SEBERANG PERAI TENGAH,,,MBSP,,,,WIRELESS,P.044,,,,,SPT,1,1,,T103,HOTSPOT SUNWAY CITY,,,INSTALL NEW CAMERA,100.39737,,07,157,P.044 - PERMATANG PAUH,,01,,3,,,N.10,,,N.10 - SEBERANG JAYA,10103,3,157,100.39737000031587,5.3949500002704065
,{DFA29CCA-C3F8-4EFE-B403-8E75822CCE21},PERMATANG PAUH,,SEBERANG JAYA,,NEW POLE,,,JALAN TODAK 3/JALAN TODAK (SPG PEMBAHAGI JALAN),1,3,5.39721,,,SEBERANG PERAI TENGAH,,,MBSP,,,,WIRELESS,P.044,,,,,SPT,1,1,,T104,HOTSPOT SUNWAY CITY,,,INSTALL NEW CAMERA,100.39678,,07,158,P.044 - PERMATANG PAUH,,01,,3,,,N.10,,,N.10 - SEBERANG JAYA,10104,4,158,100.39678000010309,5.397209999960301
,{6BA1DC97-080E-4880-A25C-7FCDBACE5BE5},PERMATANG PAUH,,SEBERANG JAYA,,NEW POLE,,,JALAN TODAK 3 (HADAPAN CIMB BANK ),1,3,5.39657,,,SEBERANG PERAI TENGAH,,,MBSP,,,,WIRELESS,P.044,,,,,SPT,1,1,,T105,HOTSPOT SUNWAY CITY,,,INSTALL NEW CAMERA,100.39837,,07,159,P.044 - PERMATANG PAUH,,01,,3,,,N.10,,,N.10 - SEBERANG JAYA,10105,4,159,100.39836999977595,5.396570000366932
,{A7C24F3C-099F-4C2F-9A65-A974C15F7916},PERMATANG PAUH,,SEBERANG JAYA,,NEW POLE,,,JALAN TODAK 2 ( HADAPAN AMBANK  ),1,2,5.39561,,,SEBERANG PERAI TENGAH,,,MBSP,,,,WIRELESS,P.044,,,,,SPT,1,1,,T106,HOTSPOT SUNWAY CITY,,,INSTALL NEW CAMERA,100.39847,,07,160,P.044 - PERMATANG PAUH,,01,,3,,,N.10,,,N.10 - SEBERANG JAYA,10106,3,160,100.39846999966166,5.395610000369769
,{B33D0A81-F11A-45C1-8C6F-271167BDD26B},PERMATANG PAUH,,SEBERANG JAYA,,NEW POLE,,,JALAN TODAK ,1,2,5.39685,,,SEBERANG PERAI TENGAH,,,MBSP,,,,WIRELESS,P.044,,,,,SPT,1,1,,T107,HOTSPOT SUNWAY CITY,,,INSTALL NEW CAMERA,100.39865,,07,161,P.044 - PERMATANG PAUH,,01,,3,,,N.10,,,N.10 - SEBERANG JAYA,10107,3,161,100.3986499999916,5.396850000327719
,{696EA253-128C-452C-ABBA-B36B8D7B1B63},PERMATANG PAUH,,SEBERANG JAYA,,EXISTING (KPKT),,,JALAN TODAK 2 (SUSUR MASUK BERHADAPAN SECRET RECIPE),1,2,5.39762,,,SEBERANG PERAI TENGAH,,,MBSP,,,,WIRELESS,P.044,,,,,SPT,1,1,,T108,HOTSPOT SUNWAY CITY,,,REPLACE NEW CAMERA,100.39881,,07,162,P.044 - PERMATANG PAUH,,01,,3,,,N.10,,,N.10 - SEBERANG JAYA,10108,3,162,100.39880999981845,5.397619999706158
,{8937DE0D-D8B3-47D8-B644-A06882AA2850},PERMATANG PAUH,,SEBERANG JAYA,,EXISTING (MBSP),,,JALAN TODAK 2 (SUSUR KELUAR BERHADAPAN PUBLIC BANK),1,2,5.39846,,,SEBERANG PERAI TENGAH,,,MBSP,,,,WIRELESS,P.044,,,,,SPT,1,1,,T109,HOTSPOT SUNWAY CITY,,,REPLACE NEW CAMERA,100.39892,,07,163,P.044 - PERMATANG PAUH,,01,,3,,,N.10,,,N.10 - SEBERANG JAYA,10109,3,163,100.3989200004301,5.398459999952535
,{73CFB2BC-9F09-4C18-8026-5DBEA4B1763A},PERMATANG PAUH,,SEBERANG JAYA,,NEW POLE,,,JALAN TODAK 2 ( HADAPAN FARMASI MEGAKULIM  ),1,2,5.39924,,,SEBERANG PERAI TENGAH,,,MBSP,,,,WIRELESS,P.044,,,,,SPT,1,1,,T110,HOTSPOT SUNWAY CITY,,,INSTALL NEW CAMERA,100.39901,,07,164,P.044 - PERMATANG PAUH,,01,,3,,,N.10,,,N.10 - SEBERANG JAYA,10110,3,164,100.39901000031826,5.399239999676344
,{E7783BA9-EF69-49B0-BC13-8F4A289182BE},PERMATANG PAUH,,SEBERANG JAYA,,NEW POLE,,,JALAN TODAK 2 ( HADAPAN AFFIN BANK),1,2,5.39962,,,SEBERANG PERAI TENGAH,,,MBSP,,,,WIRELESS,P.044,,,,,SPT,1,1,,T111,HOTSPOT SUNWAY CITY,,,INSTALL NEW CAMERA,100.39897,,07,165,P.044 - PERMATANG PAUH,,01,,3,,,N.10,,,N.10 - SEBERANG JAYA,10111,3,165,100.398970000349,5.399619999819617
,{605DB92F-D750-45DD-9C07-A5055C43CE4C},PERMATANG PAUH,,SEBERANG JAYA,,NEW POLE,,,JALA TODAK 2 (HADAPAN BANK RAYKAT),1,2,5.39964,,,SEBERANG PERAI TENGAH,,,MBSP,,,,WIRELESS,P.044,,,,,SPT,1,1,,T112,HOTSPOT SUNWAY CITY,,,INSTALL NEW CAMERA,100.39976,,07,166,P.044 - PERMATANG PAUH,,01,,3,,,N.10,,,N.10 - SEBERANG JAYA,10112,3,166,100.39975999984586,5.399640000268837
,{D46158F9-1B99-4AB1-BD20-F4ACE2B0F734},PERMATANG PAUH,,SEBERANG JAYA,,NEW POLE,,,JALAN TODAK 4 ( HADAPAN MAXIS BANDAR SUNWAY ),1,2,5.39915,,,SEBERANG PERAI TENGAH,,,MBSP,,,,WIRELESS,P.044,,,,,SPT,1,1,,T113,HOTSPOT SUNWAY CITY,,,INSTALL NEW CAMERA,100.39971,,07,167,P.044 - PERMATANG PAUH,,01,,3,,,N.10,,,N.10 - SEBERANG JAYA,10113,3,167,100.39971000021325,5.399149999716421
,{524A6677-6DD7-4C49-8136-CFD6D1DA8144},PERMATANG PAUH,,SEBERANG JAYA,,EXISTING (KPKT),,,JALAN TODAK 4 (SUSUR MASUK BERHADAPAN MBSB BANK),1,2,5.39843,,,SEBERANG PERAI TENGAH,,,MBSP,,,,WIRELESS,P.044,,,,,SPT,1,1,,T114,HOTSPOT SUNWAY CITY,,,REPLACE NEW CAMERA,100.39962,,07,168,P.044 - PERMATANG PAUH,,01,,3,,,N.10,,,N.10 - SEBERANG JAYA,10114,3,168,100.39962000033657,5.398429999657225
,{474B8BAF-1951-49B2-894A-5217CE47C2D4},PERMATANG PAUH,,SEBERANG JAYA,,NEW POLE,,,JALAN TODAK 4 ( SUSUR KELUAR HADAPAN RESTORAN UNCLEDON'S),1,2,5.39747,,,SEBERANG PERAI TENGAH,,,MBSP,,,,WIRELESS,P.044,,,,,SPT,1,1,,T115,HOTSPOT SUNWAY CITY,,,INSTALL NEW CAMERA,100.39951,,07,169,P.044 - PERMATANG PAUH,,01,,3,,,N.10,,,N.10 - SEBERANG JAYA,10115,3,169,100.39950999971431,5.397470000433919
,{9A880F7A-47D7-4D4C-9771-FEE63E5EF904},PERMATANG PAUH,,SEBERANG JAYA,,NEW POLE,,,JALAN TODAK 4 ( HADAPAN PRUDENTIAL ASSURANCE ) ,1,2,5.39545,,,SEBERANG PERAI TENGAH,,,MBSP,,,,WIRELESS,P.044,,,,,SPT,1,1,,T116,HOTSPOT SUNWAY CITY,,,INSTALL NEW CAMERA,100.39925,,07,170,P.044 - PERMATANG PAUH,,01,,3,,,N.10,,,N.10 - SEBERANG JAYA,10116,3,170,100.39925000037405,5.39545000012336
,{3A332A08-A019-4C08-8DF2-91194D2BB8E5},PERMATANG PAUH,,SEBERANG JAYA,,NEW POLE,,,JALAN TODAK 6 ,1,2,5.39844,,,SEBERANG PERAI TENGAH,,,MBSP,,,,WIRELESS,P.044,,,,,SPT,1,1,,T117,HOTSPOT SUNWAY CITY,,,INSTALL NEW CAMERA,100.39993,,07,171,P.044 - PERMATANG PAUH,,01,,3,,,N.10,,,N.10 - SEBERANG JAYA,10117,3,171,100.39993000037121,5.398440000099261
,{BCA49C84-C537-4210-86FA-F5508EF29963},PERMATANG PAUH,,SEBERANG JAYA,,NEW POLE,,,JALAN TODAK 6 (HADAPAN OLTOWN WHITE COFFEE),1,2,5.39773,,,SEBERANG PERAI TENGAH,,,MBSP,,,,WIRELESS,P.044,,,,,SPT,1,1,,T118,HOTSPOT SUNWAY CITY,,,INSTALL NEW CAMERA,100.39976,,07,172,P.044 - PERMATANG PAUH,,01,,3,,,N.10,,,N.10 - SEBERANG JAYA,10118,3,172,100.39975999973505,5.397729999706671
,{275DBE76-A993-438B-9AE0-0318ED036C1E},PERMATANG PAUH,,SEBERANG JAYA,,NEW POLE,,,PARKING BELAKANG JALAN TODAK 7,1,2,5.39676,,,SEBERANG PERAI TENGAH,,,MBSP,,,,WIRELESS,P.044,,,,,SPT,1,1,,T119,HOTSPOT SUNWAY CITY,,,INSTALL NEW CAMERA,100.40018,,07,173,P.044 - PERMATANG PAUH,,01,,3,,,N.10,,,N.10 - SEBERANG JAYA,10119,3,173,100.40017999955599,5.3967599997032
,{8FCE8F0C-74FC-4923-946F-95062E5CDD31},PERMATANG PAUH,,SEBERANG JAYA,,NEW POLE,,,JALAN TODAK 6 (HADAPAN BREAD HISTORY ),1,2,5.39592,,,SEBERANG PERAI TENGAH,,,MBSP,,,,WIRELESS,P.044,,,,,SPT,1,1,,T120,HOTSPOT SUNWAY CITY,,,INSTALL NEW CAMERA,100.39956,,07,174,P.044 - PERMATANG PAUH,,01,,3,,,N.10,,,N.10 - SEBERANG JAYA,10120,3,174,100.39955999964428,5.395919999806895
,{67A0E1D7-64CB-46FA-AFAF-C1C9DCB2BAC7},PERMATANG PAUH,,SEBERANG JAYA,,NEW POLE,,,LEBUH TENGGIRI 2/JALAN TODAK 4 (SPG TRAFFIC LIGHT HADAPAN OUM ),1,3,5.39503,,,SEBERANG PERAI TENGAH,,,MBSP,,,,WIRELESS,P.044,,,,,SPT,1,1,,T121,HOTSPOT SUNWAY CITY,,,INSTALL NEW CAMERA,100.39931,,07,175,P.044 - PERMATANG PAUH,,01,,3,,,N.10,,,N.10 - SEBERANG JAYA,10121,4,175,100.39931000001808,5.395029999614955
,{196FA53C-393C-4099-9683-9E29D0A2BFE0},PERMATANG PAUH,,SEBERANG JAYA,,NEW POLE,,,JALAN TODAK 6 (HADAPAN THE BLANKET HOTEL),1,1,5.39493,,,SEBERANG PERAI TENGAH,,,MBSP,,,,WIRELESS,P.044,,,,,SPT,1,1,,T122,HOTSPOT SUNWAY CITY,,,INSTALL NEW CAMERA,100.40002,,07,176,P.044 - PERMATANG PAUH,,01,,3,,,N.10,,,N.10 - SEBERANG JAYA,10122,2,176,100.40001999958643,5.394929999714729
,{768B7AA5-8321-4993-A4E6-9C81DCAB4041},PERMATANG PAUH,,SEBERANG JAYA,,TRAFFIC LIGHT,,,TRAFFIC LIGHT SIMPANG TIGA JALAN TENGGIRI / LEBUH TENGGIRI 2,1,4,5.39466,,,SEBERANG PERAI TENGAH,,,JKR ,,,,WIRELESS,P.044,,,,,SPT,1,1,KIV (DON’T HAVE SPACE TO INSTALL NEW POLE ) NEED INSTALL NEW CAMERA AT TRAFFIC LIGHT POLE / STREET LIGHT POLE,T123,HOTSPOT SUNWAY CITY,,,INSTALL NEW CAMERA,100.40168,,07,177,P.044 - PERMATANG PAUH,,01,,3,,,N.10,,,N.10 - SEBERANG JAYA,10123,5,177,100.40168000027698,5.394660000204524
,{F40D8A8E-B043-4916-9059-40B8B991CFC4},PERMATANG PAUH,,SEBERANG JAYA,,STREET LIGHT,,,HADAPAN TMN TUNKU BERDEKATAN MASJID SEBERANG JAYA,1,1,5.38757,,,SEBERANG PERAI TENGAH,,,MBSP,,,,WIRELESS,P.044,,,,,SPT,1,1,KIV (NO NEED INSTALL NEW POLE / DISCUSS AGAIN WITH MBSP FOR RELOCATION ),T124,,,,INSTALL NEW CAMERA,100.40313,,07,178,P.044 - PERMATANG PAUH,,01,,3,,,N.10,,,N.10 - SEBERANG JAYA,10124,2,178,100.40312999980908,5.387570000094601
,{F0CB8306-B94A-4264-85F7-C51E17C855C1},PERMATANG PAUH,,SEBERANG JAYA,,EXISTING (MBSP),,,JALAN SUSUR BERHADAPAN MASJID SEBERANG JAYA,1,2,5.38615,,,SEBERANG PERAI TENGAH,,,JKR,,,,WIRELESS,P.044,,,,,SPT,1,1,,T125,,,,REPLACE NEW CAMERA,100.40383,,07,179,P.044 - PERMATANG PAUH,,01,,3,,,N.10,,,N.10 - SEBERANG JAYA,10125,3,179,100.40382999963772,5.3861499998491436
,{A8FD4D73-5469-4F9C-B665-B285FF2121B6},PERMATANG PAUH,,PENANTI,,EXISTING (MBSP),,,JLN KUBANG SEMANG (HADAPAN SEK KEB BKT INDERA MUDA),1,1,5.40314,,,SEBERANG PERAI TENGAH,,,JKR,,,,WIRELESS,P.044,,,,,SPT,1,1,,T126,,,,REPLACE NEW CAMERA,100.46443,,07,180,P.044 - PERMATANG PAUH,,01,,3,,,N.12,,,N.12 - PENANTI,10126,2,180,100.46443000009953,5.403139999952025
,{52E03ED0-733A-405E-9EBB-210643CE2050},PERMATANG PAUH,,PENANTI,,EXISTING (MBSP),,,JLN ARUMUGAM PILLAI (DLM KWSN BALAI POLIS KUBANG SEMANG),1,3,5.40314,,,SEBERANG PERAI TENGAH,,,JKR,,,,WIRELESS,P.044,,,,,SPT,1,1,,T127,,,,REPLACE NEW CAMERA,100.46443,,07,181,P.044 - PERMATANG PAUH,,01,,3,,,N.12,,,N.12 - PENANTI,10127,4,181,100.46443000009953,5.403139999952025
,{0A268519-51C9-4405-8D21-B784C1588E8D},PERMATANG PAUH,,PERMATANG PASIR,,NEW POLE,,,JLN PERMATANG NIBONG/JLN TANAH LIAT (HADAPAN STESYEN MINYAK PETRON  ),1,3,5.39942,,,SEBERANG PERAI TENGAH,,,JKR,,,,WIRELESS,P.044,,,,,SPT,1,1,,T128,,,,INSTALL NEW CAMERA,100.46471,,07,182,P.044 - PERMATANG PAUH,,01,,3,,,N.11,,,N.11 - PERMATANG PASIR,10128,4,182,100.46470999988753,5.399419999811327
,{93F4F0B4-7222-4F74-9B39-20D3CBA1EC45},PERMATANG PAUH,,PERMATANG PASIR,,EXISTING (MBSP),,,JLN PERMATANG PAUH (HDPN KEDAI MOTOR PEKAN PERMATANG PAUH),1,2,5.41026,,,SEBERANG PERAI TENGAH,,,JKR,,,,WIRELESS,P.044,,,,,SPT,1,1,,T129,,,,REPLACE NEW CAMERA,100.41331,,07,183,P.044 - PERMATANG PAUH,,01,,3,,,N.11,,,N.11 - PERMATANG PASIR,10129,3,183,100.41330999981011,5.410260000308771
,{EF3FE36B-D3AF-4BBD-9C2B-464EAD490413},PERMATANG PAUH,,SEBERANG JAYA,,TRAFFIC LIGHT,,,JALAN PERMATANG PAUH (BERHADAPAN SEK KEB TOK KANDU),1,2,5.39413,,,SEBERANG PERAI TENGAH,,,JKR,,,,WIRELESS,P.044,,,,,SPT,1,1,KIV ( NO HAVE ANY SPACE TO INSTALL POLE ),T130,,,,TRAFFIC LIGHT POLE,100.41796,,07,184,P.044 - PERMATANG PAUH,,01,,3,,,N.10,,,N.10 - SEBERANG JAYA,10130,3,184,100.41795999982241,5.394130000074621
,{1EFCE5C7-1314-4EB1-B6D3-111BA89EE347},PERMATANG PAUH,,SEBERANG JAYA,,TRAFFIC LIGHT,,,JALAN PERMATANG PAUH ( SIMPANG MASUK PRIMA RESIDENSI ),1,2,5.39288,,,SEBERANG PERAI TENGAH,,,JKR,,,,WIRELESS,P.044,,,,,SPT,1,1,KIV ( NO HAVE ANY SPACE TO INSTALL POLE ),T131,,,,TRAFFIC LIGHT POLE,100.41786,,07,185,P.044 - PERMATANG PAUH,,01,,3,,,N.10,,,N.10 - SEBERANG JAYA,10131,3,185,100.41785999963741,5.392879999639124
,{9605103F-2020-4AC0-83FC-C0B36BBA7071},PERMATANG PAUH,,SEBERANG JAYA,,NEW POLE,,,SPG TRAFFIC LIGHT JLN PERMATANG PAUH /JLN PERMATANG NIBONG,1,3,5.38614,,,SEBERANG PERAI TENGAH,,,JKR,,,,WIRELESS,P.044,,,,,SPT,1,1,,T132,,,,INSTALL NEW CAMERA,100.41853,,07,186,P.044 - PERMATANG PAUH,,01,,3,,,N.10,,,N.10 - SEBERANG JAYA,10132,4,186,100.41852999980154,5.386139999647827
,{AAB5A198-5A07-4C47-9D6A-A4C2E9BEFAE6},PERMATANG PAUH,,SEBERANG JAYA,,NEW POLE,,,HADAPAN UITM PERMATANG PAUH,1,2,5.38306,,,SEBERANG PERAI TENGAH,,,JKR,,,,WIRELESS,P.044,,,,,SPT,1,1,,T133,,,,INSTALL NEW CAMERA,100.41909,,07,187,P.044 - PERMATANG PAUH,,01,,3,,,N.10,,,N.10 - SEBERANG JAYA,10133,3,187,100.41908999959743,5.383059999930782
,{D92CBC79-5D91-4C90-A889-63AF15693F0E},PERMATANG PAUH,,SEBERANG JAYA,,NEW POLE,,,SUSUR KE SEBERANG JAYA,1,2,5.37751,,,SEBERANG PERAI TENGAH,,,JKR,,,,WIRELESS,P.044,,,,,SPT,1,1,,T134,,,,INSTALL NEW CAMERA,100.42061,,07,188,P.044 - PERMATANG PAUH,,01,,3,,,N.10,,,N.10 - SEBERANG JAYA,10134,3,188,100.42061000017212,5.377509999989415
,{CAF757C1-DAC9-455B-BB63-B35896BF3B1B},PERMATANG PAUH,,SEBERANG JAYA,,EXISTING (MBSP),,,HADAPAN  POLITEKNIK SEBERANG PERAI,1,2,5.36624,,,SEBERANG PERAI TENGAH,,,JKR,,,,WIRELESS,P.044,,,,,SPT,1,1,,T135,,,,REPLACE NEW CAMERA,100.42201,,07,189,P.044 - PERMATANG PAUH,,01,,3,,,N.10,,,N.10 - SEBERANG JAYA,10135,3,189,100.42200999962685,5.366240000363869
,{32BCB7C4-A550-492E-9DF6-0C02B5CFD701},PERMATANG PAUH,,SEBERANG JAYA,,EXISTING (MBSP),,,JALAN BARU ( BERHADAPAN DENGAN STESYEN MINYAK PETRON ),1,2,5.36624,,,SEBERANG PERAI TENGAH,,,JKR,,,,WIRELESS,P.044,,,,,SPT,1,1,,T136,,,,REPLACE NEW CAMERA,100.42201,,07,190,P.044 - PERMATANG PAUH,,01,,3,,,N.10,,,N.10 - SEBERANG JAYA,10136,3,190,100.42200999962685,5.366240000363869
,{7A972B66-50D3-4615-9265-DE4F6AE0EBA0},PERMATANG PAUH,,SEBERANG JAYA,,EXISTING (MBSP),,,BULATAN BUKIT TENGAH (MENGHALA KE JALAN PERMATANG  PAUH),1,3,5.36647,,,SEBERANG PERAI TENGAH,,,JKR,,,,WIRELESS,P.044,,,,,SPT,1,1,,T137,,,,REPLACE NEW CAMERA,100.43514,,07,191,P.044 - PERMATANG PAUH,,01,,3,,,N.10,,,N.10 - SEBERANG JAYA,10137,4,191,100.43513999962123,5.366469999564134
,{F3BDFE2D-4C9E-4ED0-80CC-17F7E5952291},PERMATANG PAUH,,SEBERANG JAYA,,NEW POLE,,,BULATAN BUKIT TENGAH  MENGHALA KE PRAI,1,2,5.36407,,,SEBERANG PERAI TENGAH,,,JKR,,,,WIRELESS,P.044,,,,,SPT,1,1,,T138,,,,INSTALL NEW CAMERA,100.425,,07,192,P.044 - PERMATANG PAUH,,01,,3,,,N.10,,,N.10 - SEBERANG JAYA,10138,3,192,100.42499999998513,5.364069999702975
,{99CFE73D-7255-410F-8309-4802499F0390},PERMATANG PAUH,,SEBERANG JAYA,,NEW POLE,,,"JALAN PERMATANG RAWA, BDR PERDA",1,2,5.36633,,,SEBERANG PERAI TENGAH,,,MBSP,,,,WIRELESS,P.044,,,,,SPT,1,1,,T139,HOTSPOT PERDA CITY,,,INSTALL NEW CAMERA,100.43825,,07,193,P.044 - PERMATANG PAUH,,01,,3,,,N.10,,,N.10 - SEBERANG JAYA,10139,3,193,100.4382500004023,5.366330000395627
,{E549C5CF-F6CF-448A-B016-722326CF213A},PERMATANG PAUH,,SEBERANG JAYA,,EXISTING (KPKT),,,SIMPANG JALAN PERDA BARAT,1,3,5.36536,,,SEBERANG PERAI TENGAH,,,MBSP,,,,WIRELESS,P.044,,,,,SPT,1,1,,T140,HOTSPOT PERDA CITY,,,REPLACE NEW CAMERA,100.43553,,07,194,P.044 - PERMATANG PAUH,,01,,3,,,N.10,,,N.10 - SEBERANG JAYA,10140,4,194,100.43552999979451,5.365360000285451
,{C38DE637-F239-4289-8B64-A25D6A6E951B},PERMATANG PAUH,,SEBERANG JAYA,,EXISTING (MBSP),,,BERHADAPAN PUSAT ZAKAT BANDAR PERDA,1,2,5.36647,,,SEBERANG PERAI TENGAH,,,MBSP,,,,WIRELESS,P.044,,,,,SPT,1,1,,T141,HOTSPOT PERDA CITY,,,REPLACE NEW CAMERA,100.43514,,07,195,P.044 - PERMATANG PAUH,,01,,3,,,N.10,,,N.10 - SEBERANG JAYA,10141,3,195,100.43513999962123,5.366469999564134
,{D21E38B3-E7FB-4382-8F4A-2FE702762B86},PERMATANG PAUH,,SEBERANG JAYA,,NEW POLE,,,LORONG PERDA SELATAN 1,1,2,5.36642,,,SEBERANG PERAI TENGAH,,,MBSP,,,,WIRELESS,P.044,,,,,SPT,1,1,,T142,HOTSPOT PERDA CITY,,,INSTALL NEW CAMERA,100.43642,,07,196,P.044 - PERMATANG PAUH,,01,,3,,,N.10,,,N.10 - SEBERANG JAYA,10142,3,196,100.43641999979656,5.3664199996015185
,{3E3FEA6F-AB06-4A50-994B-99E8459B04B6},PERMATANG PAUH,,SEBERANG JAYA,,NEW POLE,,,JALAN PERDA SELATAN ( HADAPAN BANK ISLAM BDR PERDA ),1,2,5.36728,,,SEBERANG PERAI TENGAH,,,MBSP,,,,WIRELESS,P.044,,,,,SPT,1,1,,T143,HOTSPOT PERDA CITY,,,INSTALL NEW CAMERA,100.43687,,07,197,P.044 - PERMATANG PAUH,,01,,3,,,N.10,,,N.10 - SEBERANG JAYA,10143,3,197,100.43687000024096,5.367280000121811
,{071908AA-7589-4413-9002-504756ED562A},PERMATANG PAUH,,SEBERANG JAYA,,NEW POLE,,,JALAN PERDA SELATAN,1,2,5.36757,,,SEBERANG PERAI TENGAH,,,MBSP,,,,WIRELESS,P.044,,,,,SPT,1,1,,T144,HOTSPOT PERDA CITY,,,INSTALL NEW CAMERA,100.43785,,07,198,P.044 - PERMATANG PAUH,,01,,3,,,N.10,,,N.10 - SEBERANG JAYA,10144,3,198,100.43785000035224,5.3675699997714945
,{F66C3D16-84C7-4293-A93E-E983CC920BBF},PERMATANG PAUH,,SEBERANG JAYA,,NEW POLE,,,JALAN PERDA UTARA 1 ( HADAPAN OLDTOWN WHITE COFFEE ),1,3,5.36766,,,SEBERANG PERAI TENGAH,,,MBSP,,,,WIRELESS,P.044,,,,,SPT,1,1,,T145,HOTSPOT PERDA CITY,,,INSTALL NEW CAMERA,100.43727,,07,199,P.044 - PERMATANG PAUH,,01,,3,,,N.10,,,N.10 - SEBERANG JAYA,10145,4,199,100.43727000014925,5.367659999577313
,{90A8DE3B-6C2B-42D9-8408-5A62F452A21B},PERMATANG PAUH,,SEBERANG JAYA,,NEW POLE,,,JALAN PERDA SELATAN,1,2,5.36686,,,SEBERANG PERAI TENGAH,,,MBSP,,,,WIRELESS,P.044,,,,,SPT,1,1,,T146,HOTSPOT PERDA CITY,,,INSTALL NEW CAMERA,100.43528,,07,200,P.044 - PERMATANG PAUH,,01,,3,,,N.10,,,N.10 - SEBERANG JAYA,10146,3,200,100.43527999968603,5.366860000442485
,{1F12009D-BB8D-499A-BE31-26C2E7594FA0},PERMATANG PAUH,,SEBERANG JAYA,,NEW POLE,,,LORONG PERDA SELATAN 2,1,2,5.36743,,,SEBERANG PERAI TENGAH,,,MBSP,,,,WIRELESS,P.044,,,,,SPT,1,1,,T147,HOTSPOT PERDA CITY,,,INSTALL NEW CAMERA,100.43461,,07,201,P.044 - PERMATANG PAUH,,01,,3,,,N.10,,,N.10 - SEBERANG JAYA,10147,3,201,100.43460999995526,5.3674300003837185
,{2AB56E87-7EF8-493A-BACE-A8609669FBA0},PERMATANG PAUH,,SEBERANG JAYA,,NEW POLE,,,LORONG PERDA SELATAN 2,1,3,5.36788,,,SEBERANG PERAI TENGAH,,,MBSP,,,,WIRELESS,P.044,,,,,SPT,1,1,,T148,HOTSPOT PERDA CITY,,,INSTALL NEW CAMERA,100.43256,,07,202,P.044 - PERMATANG PAUH,,01,,3,,,N.10,,,N.10 - SEBERANG JAYA,10148,4,202,100.43256000031802,5.367879999783395
,{9F829FD3-9E47-406C-97A7-4ADC8918B9C1},BATU KAWAN,,PERAI,,NEW POLE,,,JALAN PERDA BARAT ( BERSEBELAH KPJ HOSPITAL ),1,3,5.36876,,,SEBERANG PERAI TENGAH,,,MBSP,,,,WIRELESS,P.046,,,,,SPT,1,1,,T149,HOTSPOT PERDA CITY,,,INSTALL NEW CAMERA,100.39026,,07,203,P.046 - BATU KAWAN,,01,,3,,,N.16,,,N.16 - PERAI,10149,4,203,100.39025999958012,5.368760000236921
,{C4AC5E5F-737D-4436-99E8-0C75AADE1B11},PERMATANG PAUH,,SEBERANG JAYA,,EXISTING (MBSP),,,UPTOWN BANDAR PERDA,1,3,5.36794,,,SEBERANG PERAI TENGAH,,,MBSP,,,,WIRELESS,P.044,,,,,SPT,1,1,,T150,,,,REPLACE NEW CAMERA,100.42817,,07,204,P.044 - PERMATANG PAUH,,01,,3,,,N.10,,,N.10 - SEBERANG JAYA,10150,4,204,100.42817000021456,5.367940000186653
,{D8047FB7-0C4E-4DC7-9865-F7E5F1FB67E0},PERMATANG PAUH,,SEBERANG JAYA,,TRAFFIC LIGHT,,,JALAN PERDA UTAMA ( TRAFFIC LIGHT MBSP PERDA),1,3,5.36932,,,SEBERANG PERAI TENGAH,,,JKR,,,,WIRELESS,P.044,,,,,SPT,1,1,"DON’T HAVE ANY SPACE TO INSTALL POLE, SUGGEST TO INSTALL CCTV AT STREET LIGHT POLE",T151,,,,TRAFFIC LIGHT POLE,100.43193,,07,205,P.044 - PERMATANG PAUH,,01,,3,,,N.10,,,N.10 - SEBERANG JAYA,10151,4,205,100.43192999997862,5.369320000221089
,{37B4EDF6-3117-4439-9632-A8EDAC46865E},PERMATANG PAUH,,SEBERANG JAYA,,EXISTING (MBSP),,,JALAN PERDA UTAMA BERHAMPIRAN MBSP,1,2,5.37034,,,SEBERANG PERAI TENGAH,,,MBSP,,,,WIRELESS,P.044,,,,,SPT,1,1,,T152,,,,REPLACE NEW CAMERA,100.43168,,07,206,P.044 - PERMATANG PAUH,,01,,3,,,N.10,,,N.10 - SEBERANG JAYA,10152,3,206,100.43168000003222,5.370339999626568
,{AEEDDBBA-9106-4568-8A7A-32D1E3BCBBC3},KEPALA BATAS,,PENAGA,,EXISTING (KPKT),,,KUALA MUDA PENAGA ( TEPI PANTAI),1,1,5.57631,,,SEBERANG PERAI UTARA,,,MBSP,,,,WIRELESS,P.041,,,,,SPU,1,1,,U001,,,,REPLACE CAMERA,100.34033,,07,207,P.041 - KEPALA BATAS,,02,,3,,,N.01,,,N.01 - PENAGA,20001,2,207,100.34033000004035,5.576310000344051
,{F07AE6A6-D115-4D39-BE36-A23BC7D24345},KEPALA BATAS,,PENAGA,,EXISTING (KPKT),,,TAMAN KUALA MUDA PENAGA (DEPAN BALAI POLIS),1,1,5.56952,,,SEBERANG PERAI UTARA,,,JKR,,,,WIRELESS,P.041,,,,,SPU,1,1,,U002,,,,REPLACE CAMERA,100.34926,,07,208,P.041 - KEPALA BATAS,,02,,3,,,N.01,,,N.01 - PENAGA,20002,2,208,100.34925999961675,5.5695200004148155
,{1F18022E-BA01-4D8E-BCF2-CE4A7CB5A325},KEPALA BATAS,,PINANG TUNGGAL,,EXISTING (MBSP),,,"PERSIMPANGAN LAMPU ISYARAT JLN PERMATANG SETAR, PINANG TUNGGAL",1,3,5.55425,,,SEBERANG PERAI UTARA,,,JKR,,,,WIRELESS,P.041,,,,,SPU,1,1,,U003,,,,REPLACE CAMERA,100.50139,,07,209,P.041 - KEPALA BATAS,,02,,3,,,N.03,,,N.03 - PINANG TUNGGAL,20003,4,209,100.50138999983454,5.55424999998559
,{D35B5170-437C-42C8-B085-EF4374AEA783},KEPALA BATAS,,PINANG TUNGGAL,,EXISTING (MBSP),,,"TINGKAT SELAMAT 8, KG SELAMAT",1,1,5.51058,,,SEBERANG PERAI UTARA,,,JKR,,,,WIRELESS,P.041,,,,,SPU,1,1,,U004,,,,REPLACE CAMERA,100.52542,,07,210,P.041 - KEPALA BATAS,,02,,3,,,N.03,,,N.03 - PINANG TUNGGAL,20004,2,210,100.52542000011286,5.510579999958959
,{CD16E547-9C0D-4FA7-8D0E-A6D45E4AA586},KEPALA BATAS,,PINANG TUNGGAL,,EXISTING (KPKT),,,JALAN KAMPUNG BARU (HADAPAN KLINIK DESA KG SELAMAT),1,1,5.50423,,,SEBERANG PERAI UTARA,,,JKR,,,,WIRELESS,P.041,,,,,SPU,1,1,,U005,,,,REPLACE CAMERA,100.52205,,07,211,P.041 - KEPALA BATAS,,02,,3,,,N.03,,,N.03 - PINANG TUNGGAL,20005,2,211,100.52204999998234,5.504230000033037
,{5FE45164-29D1-4368-A5B2-A3FE76D852C6},KEPALA BATAS,,PINANG TUNGGAL,,NEW POLE,,, SPG TRAFFIC LIGHT JLN KG BARU / JLN TASEK GELUGOR,1,2,5.50233,,,SEBERANG PERAI UTARA,,,JKR,,,,WIRELESS,P.041,,,,,SPU,1,1,,U006,,,,INSTALL NEW CAMERA,100.52382,,07,212,P.041 - KEPALA BATAS,,02,,3,,,N.03,,,N.03 - PINANG TUNGGAL,20006,3,212,100.5238199996846,5.502330000084997
,{04765461-33BD-46B4-951B-3ECBBB2CC11C},TASEK GELUGOR,,PERMATANG BERANGAN,,EXISTING (KPKT),,,JALAN ARA KUDA,1,3,5.43805,,,SEBERANG PERAI UTARA,,,JKR,,,,WIRELESS,P.042,,,,,SPU,1,1,,U007,,,,REPLACE CAMERA,100.51301,,07,213,P.042 - TASEK GELUGOR,,02,,3,,,N.04,,,N.04 - PERMATANG BERANGAN,20007,4,213,100.5130100003401,5.438049999711468
,{69BC4318-2B24-4B15-BD3F-0ACD3425B7F2},TASEK GELUGOR,,PERMATANG BERANGAN,,EXISTING (KPKT),,,"JALAN HASHIM AWANG, PEKAN TASEK GELUGOR",1,3,5.48158,,,SEBERANG PERAI UTARA,,,JKR,,,,WIRELESS,P.042,,,,,SPU,1,1,,U008,,,,REPLACE CAMERA,100.49496,,07,214,P.042 - TASEK GELUGOR,,02,,3,,,N.04,,,N.04 - PERMATANG BERANGAN,20008,4,214,100.49495999993333,5.481580000323973
,{091E1739-CCBC-49A2-981C-57646CD98AF2},TASEK GELUGOR,,PERMATANG BERANGAN,,EXISTING (MBSP),,,JLN HASHIM AWANG/JLN KUBANG MENERONG (JALAN KOMERSIAL 1),1,3,5.48397,,,SEBERANG PERAI UTARA,,,JKR,,,,WIRELESS,P.042,,,,,SPU,1,1,,U009,,,,REPLACE CAMERA,100.49022,,07,215,P.042 - TASEK GELUGOR,,02,,3,,,N.04,,,N.04 - PERMATANG BERANGAN,20009,4,215,100.49021999980593,5.483969999971885
,{2947D73C-DB69-4D9D-9EEA-ED0E23FD053A},KEPALA BATAS,,PINANG TUNGGAL,,NEW POLE,,,BULATAN TMN BERTAM PUTRA,1,4,5.51864,,,SEBERANG PERAI UTARA,,,MBSP,,,,WIRELESS,P.041,,,,,SPU,1,1,,U010,,,,INSTALL NEW CAMERA,100.48319,,07,216,P.041 - KEPALA BATAS,,02,,3,,,N.03,,,N.03 - PINANG TUNGGAL,20010,5,216,100.48319000027591,5.5186400002208735
,{0B48CBE2-D817-45DE-90B9-F1CD8F2D957C},KEPALA BATAS,,PINANG TUNGGAL,,EXISTING (KPKT),,,JLN TUN HAMDAN SHEIKH TAHIR/ PERSIARAN PERINDUSTRIAN BERTAM PERDANA,1,3,5.51989,,,SEBERANG PERAI UTARA,,,JKR,,,,WIRELESS,P.041,,,,,SPU,1,1,,U011,,,,REPLACE CAMERA,100.47569,,07,217,P.041 - KEPALA BATAS,,02,,3,,,N.03,,,N.03 - PINANG TUNGGAL,20011,4,217,100.47569000044554,5.519889999945405
,{AE48B2A0-C1CC-44BA-A9D4-093FDE37B1E3},KEPALA BATAS,,PINANG TUNGGAL,,NEW POLE,,,JLN BERTAM/TMN BERTAM PERDANA,1,3,5.51844,,,SEBERANG PERAI UTARA,,,JKR,,,,WIRELESS,P.041,,,,,SPU,1,1,,U012,,,,INSTALL NEW CAMERA,100.45872,,07,218,P.041 - KEPALA BATAS,,02,,3,,,N.03,,,N.03 - PINANG TUNGGAL,20012,4,218,100.45872000029165,5.518439999818382
,{53852028-A314-41FE-B8B9-1C36FE8E8DF8},KEPALA BATAS,,PINANG TUNGGAL,,NEW POLE,,,JLN TUN HAMDAN SHEIKH TAHIR,1,2,5.51844,,,SEBERANG PERAI UTARA,,,JKR,,,,WIRELESS,P.041,,,,,SPU,1,1,,U013,,,,INSTALL NEW CAMERA,100.45872,,07,219,P.041 - KEPALA BATAS,,02,,3,,,N.03,,,N.03 - PINANG TUNGGAL,20013,3,219,100.45872000029165,5.518439999818382
,{4950E813-059E-4BE3-A4A0-105B3D644511},KEPALA BATAS,,PINANG TUNGGAL,,NEW POLE,,,JALAN DAGANGAN 5/JLN DAGANGAN 1,1,2,5.51797,,,SEBERANG PERAI UTARA,,,MBSP,,,,WIRELESS,P.041,,,,,SPU,1,1,,U014,HOTSPOT KIOSK BERTAM,,,INSTALL NEW CAMERA,100.45157,,07,220,P.041 - KEPALA BATAS,,02,,3,,,N.03,,,N.03 - PINANG TUNGGAL,20014,3,220,100.45156999963244,5.517970000268261
,{9E2A5F98-983A-4EB2-A2CC-0A73903F2F55},KEPALA BATAS,,PINANG TUNGGAL,,NEW POLE,,,JALAN DAGANGAN 6/JLN DAGANGAN 8,1,3,5.51682,,,SEBERANG PERAI UTARA,,,MBSP,,,,WIRELESS,P.041,,,,,SPU,1,1,,U015,HOTSPOT KIOSK BERTAM,,,INSTALL NEW CAMERA,100.45059,,07,221,P.041 - KEPALA BATAS,,02,,3,,,N.03,,,N.03 - PINANG TUNGGAL,20015,4,221,100.45058999985925,5.516819999656961
,{53C47735-2C67-4E7C-AAB0-7C7B401E0706},KEPALA BATAS,,PINANG TUNGGAL,,NEW POLE,,,JALAN DAGANGAN 10,1,2,5.51575,,,SEBERANG PERAI UTARA,,,MBSP,,,,WIRELESS,P.041,,,,,SPU,1,1,,U016,HOTSPOT KIOSK BERTAM,,,INSTALL NEW CAMERA,100.45148,,07,222,P.041 - KEPALA BATAS,,02,,3,,,N.03,,,N.03 - PINANG TUNGGAL,20016,3,222,100.45147999992557,5.515750000151093
,{D1E65B20-D934-4D6A-B3A5-1930F54395BC},KEPALA BATAS,,BERTAM,,NEW POLE,,,JALAN DAGANGAN 2,1,2,5.51591,,,SEBERANG PERAI UTARA,,,MBSP,,,,WIRELESS,P.041,,,,,SPU,1,1,,U017,HOTSPOT KIOSK BERTAM,,,INSTALL NEW CAMERA,100.44921,,07,223,P.041 - KEPALA BATAS,,02,,3,,,N.02,,,N.02 - BERTAM,20017,3,223,100.44920999989166,5.515909999638384
,{DD496AE7-4A79-4819-A3C0-ED0296F2D3E1},KEPALA BATAS,,BERTAM,,NEW POLE,,,JALAN DAGANGAN 2 (HADAPAN STESYEN MINYAK PETRONAS),1,3,5.51782,,,SEBERANG PERAI UTARA,,,MBSP,,,,WIRELESS,P.041,,,,,SPU,1,1,"HAVE SOME DOUBTFUL SPACE TO INSTALL NEW POLE, NEED TO RECHECK 
SUGGESTION TO MOVE POSITION NEARLY STREET LIGHT ",U018,HOTSPOT KIOSK BERTAM,,,INSTALL NEW CAMERA,100.44911,,07,224,P.041 - KEPALA BATAS,,02,,3,,,N.02,,,N.02 - BERTAM,20018,4,224,100.44910999957708,5.51781999987519
,{118E3785-C899-4B04-8963-09F38C07A790},KEPALA BATAS,,BERTAM,,NEW POLE,,,JALAN DAGANGAN 2,1,2,5.51582,,,SEBERANG PERAI UTARA,,,MBSP,,,,WIRELESS,P.041,,,,,SPU,1,1,,U019,HOTSPOT KIOSK BERTAM,,,INSTALL NEW CAMERA,100.44831,,07,225,P.041 - KEPALA BATAS,,02,,3,,,N.02,,,N.02 - BERTAM,20019,3,225,100.44830999970982,5.5158200000150694
,{934DCAA9-9F6F-40B9-B650-309907329D29},KEPALA BATAS,,BERTAM,,NEW POLE,,,JALAN DAGANGAN 2 (LALUAN KELUAR MASUK),1,2,5.51657,,,SEBERANG PERAI UTARA,,,MBSP,,,,WIRELESS,P.041,,,,,SPU,1,1,,U020,HOTSPOT KIOSK BERTAM,,,INSTALL NEW CAMERA,100.44734,,07,226,P.041 - KEPALA BATAS,,02,,3,,,N.02,,,N.02 - BERTAM,20020,3,226,100.44734000004472,5.516569999735403
,{5A56B3A6-3BB2-4D12-98E9-2ACFFC936711},KEPALA BATAS,,BERTAM,,EXISTING (MBSP),,,JALAN DAGANGAN 2  (HADAPAN BANK RAKYAT),1,3,5.51758,,,SEBERANG PERAI UTARA,,,MBSP,,,,WIRELESS,P.041,,,,,SPU,1,1,,U021,HOTSPOT KIOSK BERTAM,,,REPLACE CAMERA,100.44718,,07,227,P.041 - KEPALA BATAS,,02,,3,,,N.02,,,N.02 - BERTAM,20021,4,227,100.44717999993817,5.517579999646787
,{7B5DF3C4-CE7B-45F5-9A76-61AA9CE98A48},KEPALA BATAS,,BERTAM,,TRAFFIC LIGHT POLE,,,JALAN BERTAM/ JALAN KELAB GOLF BERTAM,1,2,5.51788,,,SEBERANG PERAI UTARA,,,JKR,,,,WIRELESS,P.041,,,,,SPU,1,1,,U022,,,,INSTALL NEW CAMERA,100.44699,,07,228,P.041 - KEPALA BATAS,,02,,3,,,N.02,,,N.02 - BERTAM,20022,3,228,100.44699000043695,5.517879999682323
,{A87ADDCD-982F-469C-A340-1151B1B06D41},KEPALA BATAS,,PINANG TUNGGAL,,EXISTING (MBSP),,,JLN TUN HAMIDAH SHEIKH TAHIR /PLAZA TOL BERTAM (HADAPAN LOTUS),1,4,5.51776,,,SEBERANG PERAI UTARA,,,JKR,,,,WIRELESS,P.041,,,,,SPU,1,1,,U023,,,,REPLACE CAMERA,100.44341,,07,229,P.041 - KEPALA BATAS,,02,,3,,,N.03,,,N.03 - PINANG TUNGGAL,20023,5,229,100.44341000030639,5.517759999695087
,{797823A5-5FAD-4D31-BFD9-AFBAB0ADD901},KEPALA BATAS,,PINANG TUNGGAL,,EXISTING (MBSP),,,LORONG BERTAM INDAH 4/9 (HADAPAN BANK MAYBANK),1,2,5.51776,,,SEBERANG PERAI UTARA,,,MBSP,,,,WIRELESS,P.041,,,,,SPU,1,1,,U024,,,,REPLACE CAMERA,100.43801,,07,230,P.041 - KEPALA BATAS,,02,,3,,,N.03,,,N.03 - PINANG TUNGGAL,20024,3,230,100.43801000040534,5.517760000194399
,{B38EC6EE-6327-486C-987B-19240E2E404E},KEPALA BATAS,,BERTAM,,NEW POLE,,,SPG TRAFFIC LIGHT JLN BERTAM (KOMPLEKS KERAJAAN KEPALA BATAS),1,3,5.51713,,,SEBERANG PERAI UTARA,,,JKR,,,,WIRELESS,P.041,,,,,SPU,1,1,,U025,,,,INSTALL NEW CAMERA,100.43725,,07,231,P.041 - KEPALA BATAS,,02,,3,,,N.02,,,N.02 - BERTAM,20025,4,231,100.43725000023133,5.517130000110986
,{0C75BC38-FECC-4CB6-8340-8CD9E9C32207},KEPALA BATAS,,BERTAM,,NEW POLE,,,JALAN BERTAM 2/JALAN BERTAM 1,1,2,5.51489,,,SEBERANG PERAI UTARA,,,JKR,,,,WIRELESS,P.041,,,,,SPU,1,1,,U026,,,,INSTALL NEW CAMERA,100.43558,,07,232,P.041 - KEPALA BATAS,,02,,3,,,N.02,,,N.02 - BERTAM,20026,3,232,100.43558000012578,5.5148899997613325
,{4A02A02E-37DD-4075-82E6-15AA8D9C970D},KEPALA BATAS,,BERTAM,,NEW POLE,,,SPG TRAFFIC LIGHT JLN DUA /JLN BERTAM 1,1,3,5.51014,,,SEBERANG PERAI UTARA,,,JKR,,,,WIRELESS,P.041,,,,,SPU,1,1,,U027,,,,INSTALL NEW CAMERA,100.43525,,07,233,P.041 - KEPALA BATAS,,02,,3,,,N.02,,,N.02 - BERTAM,20027,4,233,100.43524999956276,5.51013999975831
,{8892181F-461E-4AB7-8777-0433AE88D893},KEPALA BATAS,,BERTAM,,EXISTING (KPKT),,,"JALAN USAHAWAN 1/JALAN USAHAWAN 2 (HDPN KOMPLEKS DATO KAILAN, KEPALA BATAS)",1,3,5.51532,,,SEBERANG PERAI UTARA,,,MBSP,,,,WIRELESS,P.041,,,,,SPU,1,1,,U028,,,,REPLACE CAMERA,100.43017,,07,234,P.041 - KEPALA BATAS,,02,,3,,,N.02,,,N.02 - BERTAM,20028,4,234,100.43016999998999,5.515319999803007
,{72279BEC-D6D3-4BB0-B293-CEE6CC0DC51D},KEPALA BATAS,,BERTAM,,EXISTING (KPKT),,,SPG TRAFFIC LIGHT JLN DATO HJ AHMAD BADAWI/JLN PADANG KELAB,1,4,5.51689,,,SEBERANG PERAI UTARA,,,JKR,,,,WIRELESS,P.041,,,,,SPU,1,1,,U029,,,,REPLACE CAMERA,100.43014,,07,235,P.041 - KEPALA BATAS,,02,,3,,,N.02,,,N.02 - BERTAM,20029,5,235,100.43014000023258,5.516890000380442
,{5A6D5695-E66B-4779-B127-4A9499B74AAB},KEPALA BATAS,,BERTAM,,EXISTING (KPKT),,,JALAN PERAK/JALAN BAHAGIA (MASJID KEPALA BATAS),1,1,5.51525,,,SEBERANG PERAI UTARA,,,JKR,,,,WIRELESS,P.041,,,,,SPU,1,1,NEED TRIM/CUTTING BRANCH TREE,U030,,,,REPLACE CAMERA,100.42526,,07,236,P.041 - KEPALA BATAS,,02,,3,,,N.02,,,N.02 - BERTAM,20030,2,236,100.42526000002192,5.5152500000688445
,{1D773C25-4D4B-432C-88F2-1DA02255E70A},KEPALA BATAS,,BERTAM,,EXISTING (MBSP),,,JALAN PADANG KELAB (PEKAN LAMA KEPALA BATAS),1,3,5.51672,,,SEBERANG PERAI UTARA,,,JKR,,,,WIRELESS,P.041,,,,,SPU,1,1,,U031,,,,REPLACE CAMERA,100.42543,,07,237,P.041 - KEPALA BATAS,,02,,3,,,N.02,,,N.02 - BERTAM,20031,4,237,100.4254300003866,5.516720000276958
,{4B5B476B-6726-40B1-8097-74007B6A4EC8},KEPALA BATAS,,BERTAM,,EXISTING (KPKT),,,JALAN BAWAH PENAGA (HADAPAN PONDOK POLIS PENAGA),1,2,5.52514,,,SEBERANG PERAI UTARA,,,JKR,,,,WIRELESS,P.041,,,,,SPU,1,1,,U032,,,,REPLACE CAMERA,100.38135,,07,238,P.041 - KEPALA BATAS,,02,,3,,,N.02,,,N.02 - BERTAM,20032,3,238,100.38135000007061,5.525139999573056
,{5BD869E0-BC16-4A39-81C9-4103E403D3C2},TASEK GELUGOR,,TELOK AYER TAWAR,,EXISTING (KPKT),,,LORONG TELOK AIR TAWAR ( TMN TELOK AIR TAWAR INDAH ),1,1,5.49279,,,SEBERANG PERAI UTARA,,,JKR,,,,WIRELESS,P.042,,,,,SPU,1,1,,U033,,,,REPLACE CAMERA,100.38394,,07,239,P.042 - TASEK GELUGOR,,02,,3,,,N.06,,,N.06 - TELOK AYER TAWAR,20033,2,239,100.38393999960883,5.492789999604542
,{A528880B-69B9-456A-B46A-1FEC50DD7315},TASEK GELUGOR,,TELOK AYER TAWAR,,NEW POLE,,,ROBINA ECOPARK ( PARKING AREA ),1,2,5.47194,,,SEBERANG PERAI UTARA,,,MBSP,,,,WIRELESS,P.042,,,,,SPU,1,1,,U034,,,,INSTALL NEW CAMERA,100.37961,,07,240,P.042 - TASEK GELUGOR,,02,,3,,,N.06,,,N.06 - TELOK AYER TAWAR,20034,3,240,100.37960999994223,5.471940000141029
,{F65635F5-71F4-4D0E-8C38-875D03AACF29},TASEK GELUGOR,,TELOK AYER TAWAR,,NEW POLE,,,LORONG LAKSAMANA 11 ( PARKING AREA ),1,2,5.47204,,,SEBERANG PERAI UTARA,,,MBSP,,,,WIRELESS,P.042,,,,,SPU,1,1,,U035,,,,INSTALL NEW CAMERA,100.37997,,07,241,P.042 - TASEK GELUGOR,,02,,3,,,N.06,,,N.06 - TELOK AYER TAWAR,20035,3,241,100.37997000030508,5.472040000392635
,{32203C84-952E-426B-AF27-841542395D37},TASEK GELUGOR,,SUNGAI DUA,,EXISTING (KPKT),,,JALAN MERBAU INDAH ( TAMAN MERBAU INDAH ),1,2,5.44957,,,SEBERANG PERAI UTARA,,,JKR ,,,,WIRELESS,P.042,,,,,SPU,1,1,,U036,,,,REPLACE CAMERA,100.43296,,07,242,P.042 - TASEK GELUGOR,,02,,3,,,N.05,,,N.05 - SUNGAI DUA,20036,3,242,100.43295999965564,5.449570000243545
,{22ACDE98-6E3C-4713-BDF4-3E9CA807CDDD},TASEK GELUGOR,,SUNGAI DUA,,EXISTING (KPKT),,,JALAN MERBAU KUDUNG / LORONG PERNIAGAAN 1 ,1,4,5.44564,,,SEBERANG PERAI UTARA,,,MBSP,,,,WIRELESS,P.042,,,,,SPU,1,1,,U037,HOTSPOT SG DUA,,,REPLACE CAMERA,100.43009,,07,243,P.042 - TASEK GELUGOR,,02,,3,,,N.05,,,N.05 - SUNGAI DUA,20037,5,243,100.43008999956835,5.445640000324711
,{799149C9-9DB6-47FA-9269-67B5AF68B828},TASEK GELUGOR,,SUNGAI DUA,,NEW POLE,,,LORONG PERNIAGAAN 1,1,3,5.44522,,,SEBERANG PERAI UTARA,,,MBSP,,,,WIRELESS,P.042,,,,,SPU,1,1,,U038,HOTSPOT SG DUA,,,INSTALL NEW CAMERA,100.43142,,07,244,P.042 - TASEK GELUGOR,,02,,3,,,N.05,,,N.05 - SUNGAI DUA,20038,4,244,100.43142000028551,5.44521999968265
,{9E70D505-E5A2-40CB-9F44-EAE57C4131A9},TASEK GELUGOR,,SUNGAI DUA,,NEW POLE,,,LORONG PERNIAGAAN 2,1,2,5.44449,,,SEBERANG PERAI UTARA,,,MBSP,,,,WIRELESS,P.042,,,,,SPU,1,1,,U039,HOTSPOT SG DUA,,,INSTALL NEW CAMERA,100.43081,,07,245,P.042 - TASEK GELUGOR,,02,,3,,,N.05,,,N.05 - SUNGAI DUA,20039,3,245,100.43081000009823,5.444489999593262
,{A95C8B52-CE13-4E69-AE7B-AEBC5056BD96},TASEK GELUGOR,,SUNGAI DUA,,NEW POLE,,,LORONG PERNIAGAAN 1,1,3,5.44472,,,SEBERANG PERAI UTARA,,,MBSP,,,,WIRELESS,P.042,,,,,SPU,1,1,,U040,HOTSPOT SG DUA,,,INSTALL NEW CAMERA,100.42949,,07,246,P.042 - TASEK GELUGOR,,02,,3,,,N.05,,,N.05 - SUNGAI DUA,20040,4,246,100.42949000003681,5.444719999595292
,{FD312F4B-9C82-4609-9D19-7510DEBA5249},TASEK GELUGOR,,SUNGAI DUA,,NEW POLE,,,LORONG PERNIAGAAN ,1,2,5.44482,,,SEBERANG PERAI UTARA,,,MBSP,,,,WIRELESS,P.042,,,,,SPU,1,1,,U041,HOTSPOT SG DUA,,,INSTALL NEW CAMERA,100.43006,,07,247,P.042 - TASEK GELUGOR,,02,,3,,,N.05,,,N.05 - SUNGAI DUA,20041,3,247,100.4300600003436,5.444820000103355
,{A5CAF718-2841-4503-8083-B3DEA7D3ADB3},TASEK GELUGOR,,SUNGAI DUA,,EXISTING (KPKT),,,JALAN MURNI 1 (TMN DESA MURNI),1,2,5.43918,,,SEBERANG PERAI UTARA,,,JKR ,,,,WIRELESS,P.042,,,,,SPU,1,1,NEED TRIM/CUT TREE BRANCH,U042,,,,REPLACE CAMERA,100.43024,,07,248,P.042 - TASEK GELUGOR,,02,,3,,,N.05,,,N.05 - SUNGAI DUA,20042,3,248,100.43023999984564,5.439180000178642
,{DA56AE12-0A7C-4224-80D6-471EE8A42C7B},TASEK GELUGOR,,SUNGAI DUA,,NEW POLE,,,JLN SG DUA/JLN SG DUA UTAMA 1,1,3,5.44528,,,SEBERANG PERAI UTARA,,,JKR,,,,WIRELESS,P.042,,,,,SPU,1,1,,U043,,,,INSTALL NEW CAMERA,100.42556,,07,249,P.042 - TASEK GELUGOR,,02,,3,,,N.05,,,N.05 - SUNGAI DUA,20043,4,249,100.42555999979851,5.445279999735904
,{6746D19D-8F52-4AA1-B358-5B77F6CAC9C4},TASEK GELUGOR,,SUNGAI DUA,,EXISTING (MBSP),,,JALAN SUNGAI DUA (JLN KG TELUK SG DUA),1,2,5.44674,,,SEBERANG PERAI UTARA,,,JKR ,,,,WIRELESS,P.042,,,,,SPU,1,1,,U044,,,,REPLACE CAMERA,100.42024,,07,250,P.042 - TASEK GELUGOR,,02,,3,,,N.05,,,N.05 - SUNGAI DUA,20044,3,250,100.42024000025161,5.4467399998954775
,{97C16738-724E-49BC-BA26-76CFA7734C09},TASEK GELUGOR,,TELOK AYER TAWAR,,EXISTING (MBSP),,,JALAN KG BENGGALI (TMN KETAPANG SUNGAI PUYU),1,2,5.45434,,,SEBERANG PERAI UTARA,,,MBSP,,,,WIRELESS,P.042,,,,,SPU,1,1,,U045,,,,REPLACE CAMERA,100.39422,,07,251,P.042 - TASEK GELUGOR,,02,,3,,,N.06,,,N.06 - TELOK AYER TAWAR,20045,3,251,100.39422000035428,5.45433999966442
,{390D61D9-03F0-424D-B291-DC9C91CF66DE},BAGAN,,SUNGAI PUYU,,EXISTING (KPKT),,,JALAN SERI PINANG (TMN SRI PINANG),1,2,5.44951,,,SEBERANG PERAI UTARA,,,MBSP,,,,WIRELESS,P.043,,,,,SPU,1,1,,U046,,,,REPLACE CAMERA,100.39919,,07,252,P.043 - BAGAN,,02,,3,,,N.07,,,N.07 - SUNGAI PUYU,20046,3,252,100.39919000018052,5.449510000098017
,{22444AFF-9484-4C2D-B7A7-595501E059F3},BAGAN,,SUNGAI PUYU,,EXISTING (MBSP),,,SPG TRAFFIC LIGHT JLN SG PUYU / JLN KG BENGGALI,1,3,5.44835,,,SEBERANG PERAI UTARA,,,JKR ,,,,WIRELESS,P.043,,,,,SPU,1,1,,U047,,,,REPLACE CAMERA,100.39596,,07,253,P.043 - BAGAN,,02,,3,,,N.07,,,N.07 - SUNGAI PUYU,20047,4,253,100.39595999955473,5.448350000305384
,{C8EEB10B-E739-4893-B7E6-F9D113605670},TASEK GELUGOR,,TELOK AYER TAWAR,,EXISTING (KPKT),,,PANTAI BERSIH,1,1,5.44592,,,SEBERANG PERAI UTARA,,,MBSP,,,,WIRELESS,P.042,,,,,SPU,1,1,,U048,,,,REPLACE CAMERA,100.37917,,07,254,P.042 - TASEK GELUGOR,,02,,3,,,N.06,,,N.06 - TELOK AYER TAWAR,20048,2,254,100.37916999959785,5.445919999958299
,{856ED989-424E-4B32-9106-8C1C24BF4558},BAGAN,,SUNGAI PUYU,,NEW POLE,,,SPG TRAFFIC LIGHT JLN PAKU LIMA,1,3,5.44337,,,SEBERANG PERAI UTARA,,,JKR,,,,WIRELESS,P.043,,,,,SPU,1,1,,U049,,,,INSTALL NEW CAMERA,100.38197,,07,255,P.043 - BAGAN,,02,,3,,,N.07,,,N.07 - SUNGAI PUYU,20049,4,255,100.38197000019471,5.443369999919214
,{114D3583-9561-46DC-8442-67805C8D8677},BAGAN,,SUNGAI PUYU,,EXISTING (KPKT),,,JLN KG BARU/JLN ONG YI HOW (LORONG BUNGA RAMPAI 5),1,2,5.44249,,,SEBERANG PERAI UTARA,,,JKR ,,,,WIRELESS,P.043,,,,,SPU,1,1,,U050,,,,REPLACE CAMERA,100.39142,,07,256,P.043 - BAGAN,,02,,3,,,N.07,,,N.07 - SUNGAI PUYU,20050,3,256,100.39141999974211,5.442489999872681
,{77784A43-7C59-41AA-9657-31457CD19107},BAGAN,,BAGAN JERMAL,,EXISTING (KPKT),,,JLN THAMBY KECIL/JLN BINTANG (JLN BAGAN AJAM HDPN PUBLIC BANK),1,3,5.43495,,,SEBERANG PERAI UTARA,,,JKR ,,,,WIRELESS,P.043,,,,,SPU,1,1,,U051,,,,REPLACE CAMERA,100.37976,,07,257,P.043 - BAGAN,,02,,3,,,N.08,,,N.08 - BAGAN JERMAL,20051,4,257,100.37975999976605,5.434949999598625
,{1A402DF4-16AF-4EC0-AC01-302D4DDBC701},BAGAN,,SUNGAI PUYU,,EXISTING (KPKT),,,SPG JLN ONG YI LOW/JLN RAJA UDA,1,3,5.43528,,,SEBERANG PERAI UTARA,,,JKR ,,,,WIRELESS,P.043,,,,,SPU,1,1,,U052,,,,REPLACE CAMERA,100.38588,,07,258,P.043 - BAGAN,,02,,3,,,N.07,,,N.07 - SUNGAI PUYU,20052,4,258,100.38587999974277,5.435279999622968
,{3B40F94B-EB05-4B17-9C67-E95333E84BF2},BAGAN,,SUNGAI PUYU,,EXISTING (KPKT),,,LORONG TERAS JAYA 2 / LRG TERAS JAYA 6 (HADAPAN ECONSAVE),1,3,5.43445,,,SEBERANG PERAI UTARA,,,MBSP,,,,WIRELESS,P.043,,,,,SPU,1,1,,U053,,,,REPLACE CAMERA,100.38881,,07,259,P.043 - BAGAN,,02,,3,,,N.07,,,N.07 - SUNGAI PUYU,20053,4,259,100.38881000010826,5.434449999873611
,{9EA9495F-1AF0-4E47-B80C-6C93ABC7D2EF},BAGAN,,SUNGAI PUYU,,EXISTING (MBSP),,,SPG TRAFFIC LIGHT JLN KG BARU/JLN ONG YI HOW,1,3,5.43522,,,SEBERANG PERAI UTARA,,,JKR ,,,,WIRELESS,P.043,,,,,SPU,1,1,,U054,,,,REPLACE CAMERA,100.39079,,07,260,P.043 - BAGAN,,02,,3,,,N.07,,,N.07 - SUNGAI PUYU,20054,4,260,100.39079000033563,5.435220000200334
,{041F7612-4B19-499E-BCAE-FEA614E7C5B9},BAGAN,,SUNGAI PUYU,,EXISTING (KPKT),,,JLN BAGAN LALANG 3 (TMN BAGAN LALANG),1,1,5.43378,,,SEBERANG PERAI UTARA,,,MBSP,,,,WIRELESS,P.043,,,,,SPU,1,1,,U055,,,,REPLACE CAMERA,100.39727,,07,261,P.043 - BAGAN,,02,,3,,,N.07,,,N.07 - SUNGAI PUYU,20055,2,261,100.39726999970175,5.433779999737638
,{C8FDC0AD-52B1-429B-BA4F-D2757FCA73B9},TASEK GELUGOR,,SUNGAI DUA,,EXISTING (MBSP),,,JLN BAGAN LALANG 1/JLN KG TELUK (IKS SG LOKAN),1,2,5.43812,,,SEBERANG PERAI UTARA,,,MBSP,,,,WIRELESS,P.042,,,,,SPU,1,1,,U056,,,,REPLACE CAMERA,100.41725,,07,262,P.042 - TASEK GELUGOR,,02,,3,,,N.05,,,N.05 - SUNGAI DUA,20056,3,262,100.41725000002688,5.438119999806583
,{FC7AE5F7-EEDD-455E-BC9C-17454AEB9671},BAGAN,,SUNGAI PUYU,,EXISTING (MBSP),,,SPG TRAFFIC LIGHT JLN BAGAN LALANG/JLN ONG YI HOW,1,4,5.43126,,,SEBERANG PERAI UTARA,,,JKR ,,,,WIRELESS,P.043,,,,,SPU,1,1,,U057,,,,REPLACE CAMERA,100.39692,,07,263,P.043 - BAGAN,,02,,3,,,N.07,,,N.07 - SUNGAI PUYU,20057,5,263,100.39692000003903,5.431260000030426
,{63523FAE-F946-4EF4-A569-E8D410E4F80B},BAGAN,,BAGAN JERMAL,,NEW POLE,,,SPG TRAFFIC LIGHT JLN RAJA UDA /JLN BUNGA TANJUNG 7,1,3,5.42868,,,SEBERANG PERAI UTARA,,,JKR,,,,WIRELESS,P.043,,,,,SPU,1,1,,U058,,,,INSTALL NEW CAMERA,100.38363,,07,264,P.043 - BAGAN,,02,,3,,,N.08,,,N.08 - BAGAN JERMAL,20058,4,264,100.38362999968257,5.428679999556317
,{F5EFC8A6-279D-473E-A9C9-0E059154D2FE},BAGAN,,SUNGAI PUYU,,EXISTING (KPKT),,,SPG TRAFFIC LIGHT JLN RAJA UDA/JLN P.PATTO,1,3,5.42801,,,SEBERANG PERAI UTARA,,,JKR ,,,,WIRELESS,P.043,,,,,SPU,1,1,,U059,,,,REPLACE CAMERA,100.38651,,07,265,P.043 - BAGAN,,02,,3,,,N.07,,,N.07 - SUNGAI PUYU,20059,4,265,100.38651000024356,5.42800999994929
,{12C26CC8-BE76-4F15-BDB0-7E20F4AD5007},BAGAN,,BAGAN JERMAL,,EXISTING (KPKT),,,SPG TRAFFIC LIGHT JLN PERMATANG PAUH (AMPANG JAJAR),1,3,5.41305,,,SEBERANG PERAI UTARA,,,JKR ,,,,WIRELESS,P.043,,,,,SPU,1,1,,U060,,,,REPLACE CAMERA,100.39526,,07,266,P.043 - BAGAN,,02,,3,,,N.08,,,N.08 - BAGAN JERMAL,20060,4,266,100.39525999992382,5.413050000227767
,{168AD392-BE00-4B81-B7D7-59995B5AD2EB},BAGAN,,BAGAN DALAM,,NEW POLE,,,SPG TRAFFIC LIGHT JLN PERMATANG PAUH /JLN MAK MANDIN,1,3,5.41446,,,SEBERANG PERAI UTARA,,,JKR,,,,WIRELESS,P.043,,,,,SPU,1,1,,U061,,,,INSTALL NEW CAMERA,100.38587,,07,267,P.043 - BAGAN,,02,,3,,,N.09,,,N.09 - BAGAN DALAM,20061,4,267,100.38587000019142,5.414459999826135
,{CB7EF384-C8AC-45AC-9A49-508D03A13D37},BAGAN,,BAGAN JERMAL,,TRAFFIC LIGHT POLE,,,SPG TRAFFIC LIGHT JLN RAJA UDA /JLN KG PAYA ,1,3,5.41901,,,SEBERANG PERAI UTARA,,,JKR,,,,WIRELESS,P.043,,,,,SPU,1,1,INSTALL CCTV AT STREET LIGHT POLE/TRAFFIC LIGHT POLE,U062,,,,INSTALL NEW CAMERA,100.38061,,07,268,P.043 - BAGAN,,02,,3,,,N.08,,,N.08 - BAGAN JERMAL,20062,4,268,100.38061000041421,5.419010000429361
,{ADC906AE-2739-4345-AD70-7875CF5A5A25},BAGAN,,BAGAN JERMAL,,NEW POLE,,,PUSAT PERNIAGAAN RAJA UDA BERHADAPAN HAPPY MART,1,2,5.41675,,,SEBERANG PERAI UTARA,,,MBSP,,,,WIRELESS,P.043,,,,,SPU,1,1,,U063,,,,INSTALL NEW CAMERA,100.37991,,07,269,P.043 - BAGAN,,02,,3,,,N.08,,,N.08 - BAGAN JERMAL,20063,3,269,100.37991000018503,5.416749999844845
,{D6A81560-BB9F-4FA4-84D9-C9AFB51275EF},BAGAN,,BAGAN DALAM,,EXISTING (MBSP),,,SPG TRAFFIC LIGHT JLN RAJA UDA/JLN PMTG PAUH/JLN TELAGA/JLN SIRAM,1,4,5.41425,,,SEBERANG PERAI UTARA,,,JKR ,,,,WIRELESS,P.043,,,,,SPU,1,1,,U064,,,,REPLACE CAMERA,100.37882,,07,270,P.043 - BAGAN,,02,,3,,,N.09,,,N.09 - BAGAN DALAM,20064,5,270,100.37881999967234,5.414249999600624
,{02689D64-E691-4A01-8947-A376C0DCEB18},BAGAN,,BAGAN DALAM,,EXISTING (KPKT),,,JLN TELAGA AIR/ JLN KG BENGGALI,1,2,5.41298,,,SEBERANG PERAI UTARA,,,JKR ,,,,WIRELESS,P.043,,,,,SPU,1,1,,U065,,,,REPLACE CAMERA,100.37284,,07,271,P.043 - BAGAN,,02,,3,,,N.09,,,N.09 - BAGAN DALAM,20065,3,271,100.37283999991314,5.412979999815477
,{94EA4B67-7948-411A-8039-00D24B45ABD2},BAGAN,,BAGAN DALAM,,EXISTING (MBSP),,,SPG TRAFFIC LIGHT JLN JETTY LAMA,1,3,5.41276,,,SEBERANG PERAI UTARA,,,JKR ,,,,WIRELESS,P.043,,,,,SPU,1,1,,U066,,,,REPLACE CAMERA,100.37167,,07,272,P.043 - BAGAN,,02,,3,,,N.09,,,N.09 - BAGAN DALAM,20066,4,272,100.37166999971188,5.4127599999000005
,{049E8C0E-8FDA-4ABA-AAD4-FDE6EE8792E8},BAGAN,,BAGAN DALAM,,EXISTING (MBSP),,,SPG JLN BAGAN LUAR/JLN TELEKOM (LRG BAGAN LUAR 3),1,3,5.41031,,,SEBERANG PERAI UTARA,,,JKR ,,,,WIRELESS,P.043,,,,,SPU,1,1,,U067,,,,REPLACE CAMERA,100.37084,,07,273,P.043 - BAGAN,,02,,3,,,N.09,,,N.09 - BAGAN DALAM,20067,4,273,100.37084000014696,5.410310000160736
,{6C82C3A0-8135-4904-B116-5D713E3662C4},BAGAN,,BAGAN DALAM,,EXISTING (WALL),,,BUTTERWORTH ART  WALL,1,2,5.40925,,,SEBERANG PERAI UTARA,,,MBSP,,,,WIRELESS,P.043,,,,,SPU,0,1,(INSTALL FIX CAMERA AT WALL),U068,,,,REPLACE CAMERA,100.37022,,07,274,P.043 - BAGAN,,02,,3,,,N.09,,,N.09 - BAGAN DALAM,20068,2,274,100.37022000035894,5.409250000447548
,{FA494EC6-AD04-4134-A579-0CE760EB5265},BAGAN,,BAGAN DALAM,,EXISTING (MBSP),,,SPG TRAFFIC LIGHT JLN HENG CHOON THIAN JLN BAGAN LUAR,1,4,5.40728,,,SEBERANG PERAI UTARA,,,JKR ,,,,WIRELESS,P.043,,,,,SPU,1,1,,U069,,,,REPLACE CAMERA,100.37004,,07,275,P.043 - BAGAN,,02,,3,,,N.09,,,N.09 - BAGAN DALAM,20069,5,275,100.37004000011487,5.407279999664443
,{93E4A76F-33C4-4E08-BF2E-7AE3E3113E14},BAGAN,,BAGAN DALAM,,EXISTING (MBSP),,,SPG TRAFFIC LIGHT JLN CHAIN FERRY/JLN SUNGAI NYIOR,1,4,5.39951,,,SEBERANG PERAI UTARA,,,JKR ,,,,WIRELESS,P.043,,,,,SPU,1,1,,U070,,,,REPLACE CAMERA,100.37448,,07,276,P.043 - BAGAN,,02,,3,,,N.09,,,N.09 - BAGAN DALAM,20070,5,276,100.37447999982861,5.399509999718327
,{5E0935C8-CAB6-40FB-956A-3225730B9329},BAGAN,,BAGAN DALAM,,EXISTING (MBSP),,,JLN KG JAWA/LRG JAWA 1(KG JAWA),1,2,5.39955,,,SEBERANG PERAI UTARA,,,MBSP,,,,WIRELESS,P.043,,,,,SPU,1,1,,U071,,,,REPLACE CAMERA,100.36961,,07,277,P.043 - BAGAN,,02,,3,,,N.09,,,N.09 - BAGAN DALAM,20071,3,277,100.36961000037404,5.399549999846927
,{AC1B31EB-B690-4A42-A5E7-D7AF416A9C0F},BAGAN,,BAGAN DALAM,,NEW POLE,,,JALAN SELAT/JALAN PANTAI,1,2,5.40189,,,SEBERANG PERAI UTARA,,,MBSP,,,,WIRELESS,P.043,,,,,SPU,1,1,,U072,HOTSPOT TAMAN SELAT,,,INSTALL NEW CAMERA,100.36673,,07,278,P.043 - BAGAN,,02,,3,,,N.09,,,N.09 - BAGAN DALAM,20072,3,278,100.36673000018821,5.401889999701574
,{66B13696-378C-46F8-8927-9C86CC314A39},BAGAN,,BAGAN DALAM,,NEW POLE,,,JALAN SELAT  / HALAMAN SELAT,1,2,5.40161,,,SEBERANG PERAI UTARA,,,MBSP,,,,WIRELESS,P.043,,,,,SPU,1,1,,U073,HOTSPOT TAMAN SELAT,,,INSTALL NEW CAMERA,100.36694,,07,279,P.043 - BAGAN,,02,,3,,,N.09,,,N.09 - BAGAN DALAM,20073,3,279,100.36694000022227,5.401609999762835
,{6F4BD862-3D10-44D9-8FB9-0887FEC1E48E},BAGAN,,BAGAN DALAM,,NEW POLE,,,JALAN SELAT,1,2,5.40165,,,SEBERANG PERAI UTARA,,,MBSP,,,,WIRELESS,P.043,,,,,SPU,1,1,,U074,HOTSPOT TAMAN SELAT,,,INSTALL NEW CAMERA,100.36747,,07,280,P.043 - BAGAN,,02,,3,,,N.09,,,N.09 - BAGAN DALAM,20074,3,280,100.36747000013713,5.401650000294758
,{6085118D-A61C-43D5-93F6-CBF8005A4E79},BAGAN,,BAGAN DALAM,,NEW POLE,,,JALAN SELAT,1,2,5.40165,,,SEBERANG PERAI UTARA,,,MBSP,,,,WIRELESS,P.043,,,,,SPU,1,1,,U075,HOTSPOT TAMAN SELAT,,,INSTALL NEW CAMERA,100.36799,,07,281,P.043 - BAGAN,,02,,3,,,N.09,,,N.09 - BAGAN DALAM,20075,3,281,100.36799000025424,5.401650000431705
,{7D56C2B9-EFF6-48A5-8626-AB37C8B9BDAD},BAGAN,,BAGAN DALAM,,EXISTING (KPKT),,,JALAN SELAT ( HDPN AFFINBANK),1,3,5.40098,,,SEBERANG PERAI UTARA,,,MBSP,,,,WIRELESS,P.043,,,,,SPU,1,1,,U076,HOTSPOT TAMAN SELAT,,,REPLACE CAMERA,100.36773,,07,282,P.043 - BAGAN,,02,,3,,,N.09,,,N.09 - BAGAN DALAM,20076,4,282,100.36773000011698,5.400980000083672
,{EFC50028-5777-4911-B456-A774B47FB23B},BAGAN,,BAGAN DALAM,,NEW POLE,,,LORONG BAGAN LUAR ( HDPN BANK ISLAM ),1,2,5.40095,,,SEBERANG PERAI UTARA,,,MBSP,,,,WIRELESS,P.043,,,,,SPU,1,1,,U077,HOTSPOT TAMAN SELAT,,,INSTALL NEW CAMERA,100.36828,,07,283,P.043 - BAGAN,,02,,3,,,N.09,,,N.09 - BAGAN DALAM,20077,3,283,100.36827999979374,5.400949999952818
,{476550C1-B0D7-4C81-8BDD-DF5D15D88DAE},BAGAN,,BAGAN DALAM,,NEW POLE,,,LORONG SELAT,1,2,5.39964,,,SEBERANG PERAI UTARA,,,MBSP,,,,WIRELESS,P.043,,,,,SPU,1,1,,U078,HOTSPOT TAMAN SELAT,,,INSTALL NEW CAMERA,100.36754,,07,284,P.043 - BAGAN,,02,,3,,,N.09,,,N.09 - BAGAN DALAM,20078,3,284,100.36753999971927,5.399640000225665
,{47850611-7287-4C19-B04C-0739E2E1508D},BAGAN,,BAGAN DALAM,,EXISTING (KPKT),,,JALAN ALLEN ( HDPN CIMB BANK),1,3,5.39958,,,SEBERANG PERAI UTARA,,,MBSP,,,,WIRELESS,P.043,,,,,SPU,1,1,,U079,HOTSPOT TAMAN SELAT,,,REPLACE CAMERA,100.36801,,07,285,P.043 - BAGAN,,02,,3,,,N.09,,,N.09 - BAGAN DALAM,20079,4,285,100.36800999979772,5.399579999946885
,{AE65D80E-A61B-464B-99DC-0485E41134F1},BAGAN,,BAGAN DALAM,,EXISTING (KPKT),,,SPG TRAFFIC LIGHT JLN METCHER/JLN BAGAN LUAR ( HADAPAN MAYBANK),1,3,5.39688,,,SEBERANG PERAI UTARA,,,JKR ,,,,WIRELESS,P.043,,,,,SPU,1,1,,U080,,,,REPLACE CAMERA,100.36766,,07,286,P.043 - BAGAN,,02,,3,,,N.09,,,N.09 - BAGAN DALAM,20080,4,286,100.36765999985587,5.396879999770631
,{4993709C-E075-46C9-A9CF-524C9713F407},BAGAN,,BAGAN DALAM,,EXISTING (KPKT),,,SPG TRAFFIC LIGHT JLN PANTAI,1,2,5.39537,,,SEBERANG PERAI UTARA,,,JKR ,,,,WIRELESS,P.043,,,,,SPU,1,1,,U081,,,,REPLACE CAMERA,100.36661,,07,287,P.043 - BAGAN,,02,,3,,,N.09,,,N.09 - BAGAN DALAM,20081,3,287,100.36661000031542,5.395369999692798
,,TANJONG,,PADANG KOTA,,Mild Steel,12,MBPP,Lebuh Pasar (Persimpangan Lebuh King / Lebuh Pasar),1,1,5.41724996,,,TIMOR LAUT,,, , ,Pemantauan Lalulintas Dan Keselamatan, ,Wireless dari S32 (Fasa 1),P.049, , ,,,DTL,1,, ,L02,, ,1388534400000,,100.33916175,,07,288,P.049 - TANJONG,,04, ,,,,N.26,,Fasa 1,N.26 - PADANG KOTA,40001,2,288,100.33916175011568,5.4172499603171
,,TANJONG,,PADANG KOTA,,Galvanize,12,MBPP,Persimpangan Lebuh Chulia / Lebuh Cintra,1,2,5.41928,,,TIMOR LAUT,,, , ,Pemantauan Lalulintas Dan Keselamatan, ,Wireless dari  N09 (Fasa 1),P.049, , ,,,DTL,1,, ,L03,, ,1388534400000,,100.33426,,07,289,P.049 - TANJONG,,04, ,,,,N.26,,Fasa 1,N.26 - PADANG KOTA,40002,3,289,100.33426000038656,5.419280000164331
,,TANJONG,,PADANG KOTA,,Galvanize - Tiang Lampu,12,MBPP,Persimpangan Lebuh Light / Jalan Masjid Kapitan Keling,1,1,5.420674,,,TIMOR LAUT,,, , ,Pemantauan Lalulintas Dan Keselamatan, ,Wireless dari LR06 (Fasa 1),P.049, , ,,,DTL,1,, ,L04,, ,1388534400000,,100.340317,,07,290,P.049 - TANJONG,,04, ,,,,N.26,,Fasa 1,N.26 - PADANG KOTA,40003,2,290,100.34031700029547,5.420674000166924
,,TANJONG,,PADANG KOTA,,Galvanize,12,MBPP,Persimpangan Jalan Bawasah / Lorong Swatow,1,1,5.42092602,,,TIMOR LAUT,,, , ,Pemantauan Lalulintas Dan Keselamatan, ,-,P.049, , ,,,DTL,1,, ,L05,, ,1388534400000,,100.3266778,,07,291,P.049 - TANJONG,,04, ,,,,N.26,,Fasa 1,N.26 - PADANG KOTA,40004,2,291,100.32667779994112,5.420926019836279
,,TANJONG,,PADANG KOTA,,Galvanize - Tiang Lampu,12,MBPP,Persimpangan Lebuh Farquhar / Lebuh Leith,1,1,5.42154832,,,TIMOR LAUT,,, , ,Pemantauan Lalulintas Dan Keselamatan, ,Wireless dari N08 (Fasa 2),P.049, , ,,,DTL,1,, ,L06,, ,1388534400000,,100.33547376,,07,292,P.049 - TANJONG,,04, ,,,,N.26,,Fasa 1,N.26 - PADANG KOTA,40005,2,292,100.33547376014964,5.421548319712754
,,TANJONG,,PADANG KOTA,,Galvanize - Tiang Lampu (2 Lampu),12,MBPP,Persimpangan Jalan Burma / Jalan Anson,1,2,5.42156,,,TIMOR LAUT,,, , ,Pemantauan Lalulintas Dan Keselamatan, ,-,P.049, , ,,,DTL,1,, ,L07,, ,1388534400000,,100.32456,,07,293,P.049 - TANJONG,,04, ,,,,N.26,,Fasa 1,N.26 - PADANG KOTA,40006,3,293,100.32456000002806,5.421560000428854
,,TANJONG,,PENGKALAN KOTA,,Galvanize - Tiang Lampu,12,MBPP,Persimpangan Jalan Gurdwara / Jalan C.Y.Choy,1,1,5.40560243,,,TIMOR LAUT,,, , ,Pemantauan Lalulintas Dan Keselamatan, ,Sambungan Fiber (Fasa 1),P.049, , ,,,DTL,1,, ,L08,, ,1388534400000,,100.32726976,,07,294,P.049 - TANJONG,,04, ,,,,N.27,,Fasa 1,N.27 - PENGKALAN KOTA,40007,2,294,100.32726975979608,5.405602429774328
,,TANJONG,,PENGKALAN KOTA,,Mild Steel - Tiang Lampu Lama (Tiada Lampu),12,MBPP,Lebuh Noordin (Persimpangan Jalan C.Y.Choy / Lebuh Noordin),1,1,5.41082891,,,TIMOR LAUT,,, , ,Pemantauan Lalulintas Dan Keselamatan, ,Wireless dari Rumah Transit Gelandangan,P.049, , ,,,DTL,1,, ,L09,, ,1388534400000,,100.33293411,,07,295,P.049 - TANJONG,,04, ,,,,N.27,,Fasa 1,N.27 - PENGKALAN KOTA,40008,2,295,100.332934110427,5.41082890990062
,,TANJONG,,PENGKALAN KOTA,,Galvanize - Tiang Lampu,12,MBPP,Jalan  C.Y.Choy (Persimpangan Jalan C.Y.Choy / Lebuh Noordin),1,1,5.41084,,,TIMOR LAUT,,, , ,Pemantauan Lalulintas Dan Keselamatan, ,Wireless dari L09,P.049, , ,,,DTL,1,, ,L10,, ,1388534400000,,100.33272,,07,296,P.049 - TANJONG,,04, ,,,,N.27,,Fasa 1,N.27 - PENGKALAN KOTA,40009,2,296,100.3327200003828,5.41084000044152
,,TANJONG,,PENGKALAN KOTA,,Galvanize,12,MBPP,Persimpangan Jalan Magazine / Lebuh Mc Nair,1,2,5.41273,,,TIMOR LAUT,,, , ,Pemantauan Lalulintas Dan Keselamatan, ,Wireless dari N04,P.049, , ,,,DTL,1,, ,L11,, ,1388534400000,,100.33123,,07,297,P.049 - TANJONG,,04, ,,,,N.27,,Fasa 1,N.27 - PENGKALAN KOTA,40010,3,297,100.33123000003718,5.412730000432161
,,TANJONG,,KOMTAR,,Galvanize,12,MBPP,Persimpangan Jalan Gurdwara / Jalan Trang,1,3,5.41311038,,,TIMOR LAUT,,, , ,Pemantauan Lalulintas Dan Keselamatan, ,Wireless dari N04,P.049, , ,,,DTL,1,, ,L12,, ,1388534400000,,100.32835707,,07,298,P.049 - TANJONG,,04, ,,,,N.28,,Fasa 1,N.28 - KOMTAR,40011,4,298,100.32835707023767,5.413110379582214
,,TANJONG,,KOMTAR,,Galvanize,12,MBPP,Persimpangan Jalan Lim Chwee Leong / Lebuh Mc Nair,1,3,5.41383,,,TIMOR LAUT,,, , ,Pemantauan Lalulintas Dan Keselamatan, ,Wireless dari L15,P.049, , ,,,DTL,1,, ,L13,, ,1388534400000,,100.33255,,07,299,P.049 - TANJONG,,04, ,,,,N.28,,Fasa 1,N.28 - KOMTAR,40012,4,299,100.3325500000288,5.413830000410599
,,TANJONG,,KOMTAR,,Galvanize,12,MBPP,Persimpangan Lebuh Lintang / Lebuh Tek Soon,1,3,5.41391851,,,TIMOR LAUT,,, , ,Pemantauan Lalulintas Dan Keselamatan, ,Fiber Optik Datasonic,P.049, , ,,,DTL,1,, ,L14,, ,1388534400000,,100.33106957,,07,300,P.049 - TANJONG,,04, ,,,,N.28,,Fasa 1,N.28 - KOMTAR,40013,4,300,100.33106957042249,5.413918509733042
,,TANJONG,,KOMTAR,,Galvanize,12,MBPP,Persimpangan Jalan Lim Chwee Leong / Jalan Ria,1,2,5.41538718,,,TIMOR LAUT,,, , ,Pemantauan Lalulintas Dan Keselamatan, ,Sambungan Fiber (Fasa 1),P.049, , ,,,DTL,1,, ,L15,, ,1388534400000,,100.33147968,,07,301,P.049 - TANJONG,,04, ,,,,N.28,,Fasa 1,N.28 - KOMTAR,40014,3,301,100.33147967988755,5.4153871802210265
,,TANJONG,,PENGKALAN KOTA,,Galvanize - Tiang Lampu,12,MBPP,Jalan Pengkalan Weld (Kawasan Luar Feri),1,1,5.41408506,,,TIMOR LAUT,,, , ,Pemantauan Lalulintas Dan Keselamatan, ,Sambungan Fiber (Fasa 1),P.049, , ,,,DTL,1,, ,L16,, ,1388534400000,,100.34160289,,07,302,P.049 - TANJONG,,04, ,,,,N.27,,Fasa 1,N.27 - PENGKALAN KOTA,40015,2,302,100.34160288974654,5.414085059737709
,,TANJONG,,PADANG KOTA,,Galvanize - Tiang Lampu,12,MBPP,Gat Lebuh Gereja (Persimpangan Pengkalan Weld / Lebuh Gereja),1,0,5.41599305,,,TIMOR LAUT,,, , ,Pemantauan Lalulintas Dan Keselamatan, ,Wireless dari LR04,P.049, , ,,,DTL,1,, ,L17,, ,1388534400000,,100.3434438,,07,303,P.049 - TANJONG,,04, ,,,,N.26,,Fasa 1,N.26 - PADANG KOTA,40016,1,303,100.34344380033778,5.4159930500605
,,TANJONG,,PADANG KOTA,,Galvanize - Tiang Lampu,12,MBPP,Persimpangan Lebuh Downing / Pengkalan Weld,1,1,5.41739621,,,TIMOR LAUT,,, , ,Pemantauan Lalulintas Dan Keselamatan, ,Wireless dari LR04,P.049, , ,,,DTL,1,, ,L18,, ,1388534400000,,100.34453595,,07,304,P.049 - TANJONG,,04, ,,,,N.26,,Fasa 1,N.26 - PADANG KOTA,40017,2,304,100.34453594981629,5.4173962095863
,,TANJONG,,PADANG KOTA,,Galvanize,12,MBPP,Bulatan Jam Besar,1,2,5.4190966,,,TIMOR LAUT,,, , ,Pemantauan Lalulintas Dan Keselamatan, ,Wireless dari LR05,P.049, , ,,,DTL,1,, ,L19,, ,1388534400000,,100.34428932,,07,305,P.049 - TANJONG,,04, ,,,,N.26,,Fasa 1,N.26 - PADANG KOTA,40018,3,305,100.34428931979113,5.4190966001393415
,,TANJONG,,PADANG KOTA,,Galvanize - Tiang Lampu (2 Lampu),12,MBPP,Lebuh Bishop (Persimpangan Lebuh Bishop / Lebuh King),1,1,5.41909822,,,TIMOR LAUT,,, , ,Pemantauan Lalulintas Dan Keselamatan, ,Wireless dari LR06,P.049, , ,,,DTL,1,, ,L20,, ,1388534400000,,100.34074491,,07,306,P.049 - TANJONG,,04, ,,,,N.26,,Fasa 1,N.26 - PADANG KOTA,40019,2,306,100.34074491037428,5.419098219859321
,,TANJONG,,PADANG KOTA,,Galvanize - Tiang Lampu,12,MBPP,Lebuh King (Persimpangan Lebuh Bishop / Lebuh King),1,1,5.4190356,,,TIMOR LAUT,,, , ,Pemantauan Lalulintas Dan Keselamatan, ,Wireless dari L21,P.049, , ,,,DTL,1,, ,L21,, ,1388534400000,,100.34064003,,07,307,P.049 - TANJONG,,04, ,,,,N.26,,Fasa 1,N.26 - PADANG KOTA,40020,2,307,100.3406400303675,5.4190355999082405
,,TANJONG,,PADANG KOTA,,Galvanize,12,MBPP,Jalan Tun Syed Sheh Barakbah (Kawasan Padang),1,1,5.42097806,,,TIMOR LAUT,,, , ,Pemantauan Lalulintas Dan Keselamatan, ,Wireless dari U44,P.049, , ,,,DTL,1,, ,L22,, ,1388534400000,,100.34274562,,07,308,P.049 - TANJONG,,04, ,,,,N.26,,Fasa 1,N.26 - PADANG KOTA,40021,2,308,100.34274561980324,5.420978059795051
,,TANJONG,,PADANG KOTA,,Galvanize - Tiang Lampu,12,MBPP,Persimpangan Lebuh Light / Jalan Tun Syed Sheh Barakbah,1,1,5.4208479,,,TIMOR LAUT,,, , ,Pemantauan Lalulintas Dan Keselamatan, ,Wireless dari L04,P.049, , ,,,DTL,1,, ,L23,, ,1388534400000,,100.3399873,,07,309,P.049 - TANJONG,,04, ,,,,N.26,,Fasa 1,N.26 - PADANG KOTA,40022,2,309,100.33998729980776,5.420847899612964
,,BALIK PULAU,,BAYAN LEPAS,,Galvanize,12,MBPP,Lapangan Terbang Antarabangsa Bayan Lepas,1,1,5.29567823,,,BARAT DAYA,,, , ,Pemantauan Lalulintas Dan Keselamatan, ,-,P.053, , ,,,DBD,1,, ,L24,, ,1388534400000,,100.26671648,,07,310,P.053 - BALIK PULAU,,05, ,,,,N.38,,Fasa 1,N.38 - BAYAN LEPAS,50001,2,310,100.26671647964281,5.295678230383768
,,BALIK PULAU,,BAYAN LEPAS,,Galvanize - Tiang Lampu Lama (Tiada Lampu),12,MBPP,Persimpangan Jalan Garuda / Jalan Sultan Azlan Shah,1,2,5.29587503,,,BARAT DAYA,,, , ,Pemantauan Lalulintas Dan Keselamatan, ,-,P.053, , ,,,DBD,1,, ,L25,, ,1388534400000,,100.26313328,,07,311,P.053 - BALIK PULAU,,05, ,,,,N.38,,Fasa 1,N.38 - BAYAN LEPAS,50002,3,311,100.26313327972375,5.295875030257868
,,BAYAN BARU,,BATU MAUNG,,Galvanize,12,MBPP,Jalan Sultan Azlan Shah ( Berhadapan Snake Temple),1,4,5.31397023,,,BARAT DAYA,,, , ,Pemantauan Lalulintas Dan Keselamatan, ,Wireless dari NR03,P.052, , ,,,DBD,1,, ,L26,, ,1388534400000,,100.28601843,,07,312,P.052 - BAYAN BARU,,05, ,,,,N.37,,Fasa 1,N.37 - BATU MAUNG,50003,5,312,100.28601843028346,5.313970229803201
,,BAYAN BARU,,BATU MAUNG,,Galvanize,12,MBPP,Persimpangan Lebuh Sungai Tiram 1 / Jalan Mayang Pasir,1,2,5.312782,,,BARAT DAYA,,, , ,Pemantauan Lalulintas Dan Keselamatan, ,Wireless dari T34,P.052, , ,,,DBD,1,, ,L27,, ,1388534400000,,100.28291574,,07,313,P.052 - BAYAN BARU,,05, ,,,,N.37,,Fasa 1,N.37 - BATU MAUNG,50004,3,313,100.28291573955863,5.3127819998260035
,,BAYAN BARU,,PANTAI JEREJAK,,Galvanize - Tiang Lampu,6,MBPP,Persimpangan Persiaran Bayan Baru,1,0,5.33519704,,,BARAT DAYA,,, , ,Pemantauan Lalulintas Dan Keselamatan, ,Wireless dari U49,P.052, , ,,,DBD,1,, ,L28,, ,1388534400000,,100.30703621,,07,314,P.052 - BAYAN BARU,,05, ,,,,N.36,,Fasa 1,N.36 - PANTAI JEREJAK,50005,1,314,100.30703621002576,5.335197039958576
,,BAYAN BARU,,PANTAI JEREJAK,,Struktur Jejantas,12,MBPP,Jejantas Queensbay,1,0,5.33357901,,,BARAT DAYA,,, , ,Pemantauan Lalulintas Dan Keselamatan, ,Wireless dari L30,P.052, , ,,,DBD,1,, ,L29,, ,1388534400000,,100.30703008,,07,315,P.052 - BAYAN BARU,,05, ,,,,N.36,,Fasa 1,N.36 - PANTAI JEREJAK,50006,1,315,100.30703007980604,5.333579010149877
,,BAYAN BARU,,PANTAI JEREJAK,,Galvanize - Tiang Lampu,12,MBPP,Persiaran Bayan Indah,1,1,5.33168468,,,BARAT DAYA,,, , ,Pemantauan Lalulintas Dan Keselamatan, ,Wireless dari LR03,P.052, , ,,,DBD,1,, ,L30,, ,1388534400000,,100.30832418,,07,316,P.052 - BAYAN BARU,,05, ,,,,N.36,,Fasa 1,N.36 - PANTAI JEREJAK,50007,2,316,100.30832418035635,5.331684680001729
,,BAYAN BARU,,PANTAI JEREJAK,,Galvanize - Tiang Lampu (2 Lampu),12,MBPP,Persimpangan Persiaran Bayan Indah/ Lebuhraya Tun Dr Lim Chong Eu,1,1,5.32807855,,,BARAT DAYA,,, , ,Pemantauan Lalulintas Dan Keselamatan, ,Spur dari Sambungan Fiber (Fasa 1),P.052, , ,,,DBD,1,, ,L31,, ,1388534400000,,100.3065029,,07,317,P.052 - BAYAN BARU,,05, ,,,,N.36,,Fasa 1,N.36 - PANTAI JEREJAK,50008,2,317,100.30650290020857,5.328078549633748
,,JELUTONG,,SUNGAI PINANG,,Galvanize - Tiang Lampu (2 Lampu),12,MBPP,Persimpangan Jalan Jelutong /Jalan Sungai Pinang,1,2,5.40158736,,,TIMOR LAUT,,, , ,Pemantauan Lalulintas Dan Keselamatan, ,-,P.050, , ,,,DTL,1,, ,L32,, ,1388534400000,,100.32396022,,07,318,P.050 - JELUTONG,,04, ,,,,N.30,,Fasa 1,N.30 - SUNGAI PINANG,40023,3,318,100.32396022042073,5.401587360147412
,,TANJONG,,KOMTAR,,Galvanize,12,MBPP,Lebuh Armenian,1,1,5.41454869,,,TIMOR LAUT,,, , ,Pemantauan Lalulintas Dan Keselamatan, ,Wireless dari Pusat Latihan Lebuh Pantai,P.049, , ,,,DTL,1,, ,L33,, ,1388534400000,,100.33822874,,07,319,P.049 - TANJONG,,04, ,,,,N.28,,Fasa 1,N.28 - KOMTAR,40024,2,319,100.3382287397002,5.414548690151887
,,TANJONG,,KOMTAR,,Galvanize,12,MBPP,Lebuh Aceh (Lebuh Cannon),1,2,5.41480145,,,TIMOR LAUT,,, , ,Pemantauan Lalulintas Dan Keselamatan, ,Wireless dari N14,P.049, , ,,,DTL,1,, ,L34,, ,1388534400000,,100.33662425,,07,320,P.049 - TANJONG,,04, ,,,,N.28,,Fasa 1,N.28 - KOMTAR,40025,3,320,100.33662424955506,5.414801450418627
,,BAYAN BARU,,PANTAI JEREJAK,,Galvanize - Tiang Lampu,12,MBPP,Persiaran Bayan Indah,1,1,5.33154521,,,BARAT DAYA,,, , ,Pemantauan Lalulintas Dan Keselamatan, ,Sambungan Fiber (Fasa 1),P.052, , ,,,DBD,0,, ,LR03,, ,1388534400000,,100.30877848,,07,321,P.052 - BAYAN BARU,,05, ,,,,N.36,,Fasa 1,N.36 - PANTAI JEREJAK,50009,1,321,100.30877848036482,5.331545209846757
,,TANJONG,,PADANG KOTA,,Galvanize - Tiang Lampu,12,MBPP,Pengkalan Weld,1,1,5.41581832,,,TIMOR LAUT,,, , ,Pemantauan Lalulintas Dan Keselamatan, ,Wireless dari L16,P.049, , ,,,DTL,0,, ,LR04,, ,1388534400000,,100.3437389,,07,322,P.049 - TANJONG,,04, ,,,,N.26,,Fasa 1,N.26 - PADANG KOTA,40026,1,322,100.34373889968417,5.415818320322843
,,TANJONG,,PADANG KOTA,,Mild Steel  - Tiang Lampu,8,MBPP,Persimpangan Lebuh Farquhar / Jalan Masjid Kapitan Keling,1,1,5.41986699,,,TIMOR LAUT,,, , ,Pemantauan Lalulintas Dan Keselamatan, ,Spur dari Sambungan Fiber (Fasa 1),P.049, , ,,,DTL,0,, ,LR06,, ,1388534400000,,100.3398478,,07,323,P.049 - TANJONG,,04, ,,,,N.26,,Fasa 1,N.26 - PADANG KOTA,40027,1,323,100.33984780016218,5.419866989719015
,,TANJONG,,KOMTAR,,Galvanize,12,MBPP,Jalan Penang Bersebelahan Jejantas Jalan Penang / Jalan Burma / Jalan Dr. Lim Chwee Leong,1,1,5.41690679,,,TIMOR LAUT,,, , ,Pemantauan Lalulintas dan Keselamatan, ,Sambungan dari Fiber (Fasa 1),P.049, , ,,,DTL,1,, ,N01,, ,1406851200000,,100.33028637,,07,324,P.049 - TANJONG,,04, ,,,,N.28,,Fasa 2,N.28 - KOMTAR,40028,2,324,100.3302863700827,5.416906790092169
,,TANJONG,,KOMTAR,,Galvanize,12,MBPP,Simpang Jalan Dr Lim Chwee Leong/ Lebuh Lintang,1,2,5.414678,,,TIMOR LAUT,,, , ,Pemantauan Lalulintas dan Keselamatan, ,Wireless dari L15,P.049, , ,,,DTL,1,, ,N02,, ,1406851200000,,100.332019,,07,325,P.049 - TANJONG,,04, ,,,,N.28,,Fasa 2,N.28 - KOMTAR,40029,3,325,100.33201899977576,5.414677999773673
,,TANJONG,,KOMTAR,,Galvanize,12,MBPP,Jalan Burma Bersebelahan Jejantas Jalan Penang / Jalan Burma / Jalan Dr. Lim Chwee Leong,1,2,5.4174262,,,TIMOR LAUT,,, , ,Pemantauan Lalulintas dan Keselamatan, ,Wireless dari IPK,P.049, , ,,,DTL,1,, ,N03,, ,1406851200000,,100.32913862,,07,326,P.049 - TANJONG,,04, ,,,,N.28,,Fasa 2,N.28 - KOMTAR,40030,3,326,100.32913861993421,5.417426199559432
,,TANJONG,,KOMTAR,,Galvanize,12,MBPP,Simpang Enam Komtar,1,3,5.4141442,,,TIMOR LAUT,,, , ,Pemantauan Lalulintas dan Keselamatan, ,Sambungan dari Fiber (Fasa 1),P.049, , ,,,DTL,1,, ,N04,, ,1406851200000,,100.32866498,,07,327,P.049 - TANJONG,,04, ,,,,N.28,,Fasa 2,N.28 - KOMTAR,40031,4,327,100.32866497976542,5.414144200366369
,,TANJONG,,KOMTAR,,Galvanize,12,MBPP,Simpang Jalan Penang / Lebuh Tek  Soon,1,1,5.41546256,,,TIMOR LAUT,,, , ,Pemantauan Lalulintas dan Keselamatan, ,Wireless dari N04,P.049, , ,,,DTL,1,, ,N05,, ,1406851200000,,100.32927709,,07,328,P.049 - TANJONG,,04, ,,,,N.28,,Fasa 2,N.28 - KOMTAR,40032,2,328,100.32927708980326,5.415462560444087
,,TANJONG,,PENGKALAN KOTA,,Galvanize,12,MBPP,Simpang Jalan Magazine / Jalan Ria,1,1,5.4136554,,,TIMOR LAUT,,, , ,Pemantauan Lalulintas dan Keselamatan, ,Wireless dari N04,P.049, , ,,,DTL,1,, ,N06,, ,1406851200000,,100.3293561,,07,329,P.049 - TANJONG,,04, ,,,,N.27,,Fasa 2,N.27 - PENGKALAN KOTA,40033,2,329,100.32935609961565,5.413655399579884
,,TANJONG,,KOMTAR,,Galvanize,12,MBPP,Simpang Jalan Macalister / Lorong Madras,1,2,5.41546846,,,TIMOR LAUT,,, , ,Pemantauan Lalulintas dan Keselamatan, ,Wireless dari S42,P.049, , ,,,DTL,1,, ,N07,, ,1406851200000,,100.32555844,,07,330,P.049 - TANJONG,,04, ,,,,N.28,,Fasa 2,N.28 - KOMTAR,40034,3,330,100.32555843981301,5.415468460006211
,,TANJONG,,PADANG KOTA,,Galvanize,12,MBPP,Upper Penang Road,1,2,5.4223171,,,TIMOR LAUT,,, , ,Pemantauan Lalulintas dan Keselamatan, ,Sambungan dari Fiber (Fasa 2),P.049, , ,,,DTL,1,, ,N08,, ,1406851200000,,100.334507,,07,331,P.049 - TANJONG,,04, ,,,,N.26,,Fasa 2,N.26 - PADANG KOTA,40035,3,331,100.33450699992393,5.422317100413478
,,TANJONG,,PADANG KOTA,,Galvanize,12,MBPP,Simpang Jalan Penang / Lebuh Chulia,1,2,5.41993177,,,TIMOR LAUT,,, , ,Pemantauan Lalulintas dan Keselamatan, ,Sambungan dari Fiber (Fasa 1),P.049, , ,,,DTL,1,, ,N09,, ,1406851200000,,100.3325512,,07,332,P.049 - TANJONG,,04, ,,,,N.26,,Fasa 2,N.26 - PADANG KOTA,40036,3,332,100.33255119959132,5.419931769573344
,,TANJONG,,PENGKALAN KOTA,,Galvanize,12,MBPP,Simpang Lebuh Pantai / Lebuh China,1,3,5.41653848,,,TIMOR LAUT,,, , ,Pemantauan Lalulintas dan Keselamatan, ,Sambungan dari Fiber (Fasa 1),P.049, , ,,,DTL,1,, ,N10,, ,1406851200000,,100.34141231,,07,333,P.049 - TANJONG,,04, ,,,,N.27,,Fasa 2,N.27 - PENGKALAN KOTA,40037,4,333,100.34141230977363,5.416538479610883
,,TANJONG,,PADANG KOTA,,Galvanize,12,MBPP,Lebuh Farquhar – Depan Hotel E&O,1,1,5.42298326,,,TIMOR LAUT,,, , ,Pemantauan Lalulintas dan Keselamatan, ,Wireless dari N08,P.049, , ,,,DTL,1,, ,N11,, ,1406851200000,,100.33601797,,07,334,P.049 - TANJONG,,04, ,,,,N.26,,Fasa 2,N.26 - PADANG KOTA,40038,2,334,100.33601796985258,5.422983259758719
,,TANJONG,,PADANG KOTA,,Galvanize,12,MBPP,Gold Bazaar – Simpang Lebuh Campbell / Jalan Pintal Tali,1,2,5.41752477,,,TIMOR LAUT,,, , ,Pemantauan Lalulintas dan Keselamatan, ,Wireless dari N13,P.049, , ,,,DTL,1,, ,N12,, ,1406851200000,,100.33482472,,07,335,P.049 - TANJONG,,04, ,,,,N.26,,Fasa 2,N.26 - PADANG KOTA,40039,3,335,100.33482471968222,5.417524770266148
,,TANJONG,,PADANG KOTA,,Galvanize,12,MBPP,Gold Bazaar – Simpang Carnarvon / Lebuh Buckingham,1,1,5.41699222,,,TIMOR LAUT,,, , ,Pemantauan Lalulintas dan Keselamatan, ,Wireless dari N14,P.049, , ,,,DTL,1,, ,N13,, ,1406851200000,,100.33589248,,07,336,P.049 - TANJONG,,04, ,,,,N.26,,Fasa 2,N.26 - PADANG KOTA,40040,2,336,100.33589248025132,5.416992220400229
,,TANJONG,,KOMTAR,,Galvanize,12,MBPP,Gold Bazaar – Simpang Jalan Masjid Kapitan Keling / Lebuh Buckingham,1,1,5.41630836,,,TIMOR LAUT,,, , ,Pemantauan Lalulintas dan Keselamatan, ,Wireless dari N15,P.049, , ,,,DTL,1,, ,N14,, ,1406851200000,,100.33743061,,07,337,P.049 - TANJONG,,04, ,,,,N.28,,Fasa 2,N.28 - KOMTAR,40041,2,337,100.33743060980531,5.416308359828928
,,TANJONG,,PADANG KOTA,,Galvanize,12,MBPP,Gold Bazaar – Simpang Jalan Masjid Kapitan Keling / Lebuh Chulia,1,1,5.41697297,,,TIMOR LAUT,,, , ,Pemantauan Lalulintas dan Keselamatan, ,Wireless dari NR5,P.049, , ,,,DTL,1,, ,N15,, ,1406851200000,,100.33782672,,07,338,P.049 - TANJONG,,04, ,,,,N.26,,Fasa 2,N.26 - PADANG KOTA,40042,2,338,100.33782671960181,5.416972970389763
,,TANJONG,,PADANG KOTA,,Galvanize,12,MBPP,Jejantas Citibank Jalan Sultan Ahmad Shah,1,2,5.42366307,,,TIMOR LAUT,,, , ,Pemantauan Lalulintas dan Keselamatan, ,Sambungan dari Fiber (Fasa 2),P.049, , ,,,DTL,1,, ,N16,, ,1406851200000,,100.32838527,,07,339,P.049 - TANJONG,,04, ,,,,N.26,,Fasa 2,N.26 - PADANG KOTA,40043,3,339,100.32838527028392,5.423663069566213
,,BUKIT BENDERA,,PULAU TIKUS,,Galvanize,12,MBPP,Jalan Burma / Lebuhraya Maktab,1,2,5.43253517,,,TIMOR LAUT,,, , ,Pemantauan Lalulintas dan Keselamatan, ,-,P.048, , ,,,DTL,1,, ,N17,, ,1406851200000,,100.30777523,,07,340,P.048 - BUKIT BENDERA,,04, ,,,,N.25,,Fasa 2,N.25 - PULAU TIKUS,40044,3,340,100.30777523002921,5.432535170211576
,,BUKIT BENDERA,,PULAU TIKUS,,Galvanize,12,MBPP,Simpang Persiaran Gurney / Jalan Lim Chin Guan,1,1,5.4311,,,TIMOR LAUT,,, , ,Pemantauan Lalulintas dan Keselamatan, ,Wireless dari NR2,P.048, , ,,,DTL,1,, ,N18,, ,1406851200000,,100.319145,,07,341,P.048 - BUKIT BENDERA,,04, ,,,,N.25,,Fasa 2,N.25 - PULAU TIKUS,40045,2,341,100.31914500039035,5.431099999571364
,,BUKIT BENDERA,,PULAU TIKUS,,Galvanize,12,MBPP,Bulatan Persiaran Gurney – Hawker Center,1,2,5.44016323,,,TIMOR LAUT,,, , ,Pemantauan Lalulintas dan Keselamatan, ,Wireless dari S49,P.048, , ,,,DTL,1,, ,N19,, ,1406851200000,,100.30925503,,07,342,P.048 - BUKIT BENDERA,,04, ,,,,N.25,,Fasa 2,N.25 - PULAU TIKUS,40046,3,342,100.30925503029947,5.440163230181691
,,BUKIT BENDERA,,PULAU TIKUS,,Galvanize,12,MBPP,Persiaran Gurney – Hawker Center / Gurney Plaza,1,1,5.43899124,,,TIMOR LAUT,,, , ,Pemantauan Lalulintas dan Keselamatan, ,Wireless dari U45,P.048, , ,,,DTL,1,, ,N20,, ,1406851200000,,100.31002575,,07,343,P.048 - BUKIT BENDERA,,04, ,,,,N.25,,Fasa 2,N.25 - PULAU TIKUS,40047,2,343,100.31002574980637,5.438991240293839
,,JELUTONG,,BATU LANCANG,,Galvanize,12,MBPP,Simpang Jalan Masjid Negeri / Jalan Delima,1,2,5.38429393,,,TIMOR LAUT,,, , ,Pemantauan Lalulintas dan Keselamatan, ,-,P.050, , ,,,DTL,1,, ,N21,, ,1406851200000,,100.30599542,,07,344,P.050 - JELUTONG,,04, ,,,,N.31,,Fasa 2,N.31 - BATU LANCANG,40048,3,344,100.30599542021743,5.384293929907461
,,BAYAN BARU,,BATU UBAN,,Galvanize,12,MBPP,Pintu Masuk Terminal Bas Ekspres Sungai Nibong,1,1,5.34347985,,,TIMOR LAUT,,, , ,Pemantauan Lalulintas dan Keselamatan, ,-,P.052, , ,,,DTL,1,, ,N22,, ,1406851200000,,100.30082722,,07,345,P.052 - BAYAN BARU,,04, ,,,,N.35,,Fasa 2,N.35 - BATU UBAN,40049,2,345,100.30082721967558,5.343479849900898
,,BAYAN BARU,,BATU UBAN,,Galvanize,12,MBPP,Pintu Keluar Terminal Bas Ekspres Sungai Nibong,1,1,5.34259931,,,TIMOR LAUT,,, , ,Pemantauan Lalulintas dan Keselamatan, ,-,P.052, , ,,,DTL,1,, ,N23,, ,1406851200000,,100.29972381,,07,346,P.052 - BAYAN BARU,,04, ,,,,N.35,,Fasa 2,N.35 - BATU UBAN,40050,2,346,100.29972380980948,5.342599310432199
,,BAYAN BARU,,BATU UBAN,,Galvanize,12,MBPP,"Bukit Jambul, Simpang Jalan Bukit Gambir / Jalan Rumbia",1,1,5.33648947,,,TIMOR LAUT,,, , ,Pemantauan Lalulintas dan Keselamatan, ,Wireless dari N26,P.052, , ,,,DTL,1,, ,N24,, ,1406851200000,,100.29103789,,07,347,P.052 - BAYAN BARU,,04, ,,,,N.35,,Fasa 2,N.35 - BATU UBAN,40051,2,347,100.29103789028068,5.336489470302893
,,BAYAN BARU,,BATU UBAN,,Galvanize,12,MBPP,"Bukit Jambul, Simpang Jalan Tun Dr Awang / Jalan Bukit Gambir",1,2,5.33294841,,,TIMOR LAUT,,, , ,Pemantauan Lalulintas dan Keselamatan, ,Wireless dari N27,P.052, , ,,,DTL,1,, ,N25,, ,1406851200000,,100.28841479,,07,348,P.052 - BAYAN BARU,,04, ,,,,N.35,,Fasa 2,N.35 - BATU UBAN,40052,3,348,100.28841479006341,5.332948410278787
,,BAYAN BARU,,BATU UBAN,,Galvanize,12,MBPP,"Bukit Jambul, Simpang Jalan Rumbia / Lorong Relau 2",1,1,5.33373143,,,TIMOR LAUT,,, , ,Pemantauan Lalulintas dan Keselamatan, ,Wireless dari U55,P.052, , ,,,DTL,1,, ,N26,, ,1406851200000,,100.2924813,,07,349,P.052 - BAYAN BARU,,04, ,,,,N.35,,Fasa 2,N.35 - BATU UBAN,40053,2,349,100.2924812999635,5.333731430439526
,,BAYAN BARU,,BATU UBAN,,Galvanize,12,MBPP,"Bukit Jambul, Simpang Jalan Tun Dr Awang / Jalan Kampong Relau",1,2,5.33251957,,,BARAT DAYA,,, , ,Pemantauan Lalulintas dan Keselamatan, ,Wireless dari S10,P.052, , ,,,DTL,1,, ,N27,, ,1406851200000,,100.29207766,,07,350,P.052 - BAYAN BARU,,05, ,,,,N.35,,Fasa 2,N.35 - BATU UBAN,50010,3,350,100.29207765969319,5.3325195697272045
,,BUKIT BENDERA,,AIR PUTEH,,Galvanize,12,MBPP,"Ayer Itam, Simpang Ayer Itam / Jalan Kampung Melayu",1,2,5.40461915,,,TIMOR LAUT,,, , ,Pemantauan Lalulintas dan Keselamatan, ,Wireless dari NR4,P.048, , ,,,DTL,1,, ,N28,, ,1406851200000,,100.28866159,,07,351,P.048 - BUKIT BENDERA,,04, ,,,,N.23,,Fasa 2,N.23 - AIR PUTEH,40054,3,351,100.28866158970202,5.404619149675385
,,BUKIT BENDERA,,AIR PUTEH,,Galvanize,12,MBPP,"Ayer Itam, Simpang Jalan Ayer Itam / Jalan Stesen Keretapi Bukit Bendera",1,1,5.40788262,,,TIMOR LAUT,,, , ,Pemantauan Lalulintas dan Keselamatan, ,Wireless dari NR4,P.048, , ,,,DTL,1,, ,N29,, ,1406851200000,,100.27763103,,07,352,P.048 - BUKIT BENDERA,,04, ,,,,N.23,,Fasa 2,N.23 - AIR PUTEH,40055,2,352,100.27763102958079,5.407882620064399
,,BUKIT GELUGOR,,AIR ITAM,,Galvanize,12,MBPP,"Ayer Itam, Simpang Jalan Ayer Itam / Jalan Kampung Pisang",1,1,5.39907053,,,TIMOR LAUT,,, , ,Pemantauan Lalulintas dan Keselamatan, ,Wireless dari NR4,P.051, , ,,,DTL,1,, ,N30,, ,1406851200000,,100.27766495,,07,353,P.051 - BUKIT GELUGOR,,04, ,,,,N.33,,Fasa 2,N.33 - AIR ITAM,40056,2,353,100.27766494985666,5.399070530203586
,,BUKIT GELUGOR,,AIR ITAM,,Galvanize,12,MBPP,"Ayer Itam, Simpang Jalan Pasar / Laluan Ke Kuil Kek Lok Si",1,2,5.40141201,,,TIMOR LAUT,,, , ,Pemantauan Lalulintas dan Keselamatan, ,Wireless dari NR4,P.051, , ,,,DTL,1,, ,N31,, ,1406851200000,,100.27821597,,07,354,P.051 - BUKIT GELUGOR,,04, ,,,,N.33,,Fasa 2,N.33 - AIR ITAM,40057,3,354,100.27821596985143,5.401412009610123
,,TANJONG,,KOMTAR,,Jejantas (Indoor),,MBPP,Jejantas Octopus - Persimpangan Jalan Penang / Jalan Burma / Jalan Lim Chwee Leong,1,8,5.41677863,,,TIMOR LAUT,,, , ,Pemantauan Lalulintas dan Keselamatan, ,Sambungan fiber optik sedia ada,P.049, , ,,,DTL,0,, ,OCT,, ,1538352000000,,100.33014797,,07,355,P.049 - TANJONG,,04, ,,,,N.28,,Fasa 2 (Pasang pada 24.1.2018),N.28 - KOMTAR,40058,8,355,100.3301479701748,5.4167786301190395
,,TANJONG,,PADANG KOTA,,Galvanize - Tiang Lampu,8,MBPP,Muntri Street,1,0,5.41962508,,,TIMOR LAUT,,, , ,Pemantauan Lalulintas dan Keselamatan, ,Wireless dari N35,P.049, , ,,,DTL,1,, ,N36,, ,1406851200000,,100.33693002,,07,356,P.049 - TANJONG,,04, ,,,,N.26,,Fasa 2,N.26 - PADANG KOTA,40059,1,356,100.33693001982812,5.419625080434325
,,TANJONG,,PADANG KOTA,,Galvanize - Tiang Lampu,8,MBPP,Love Lane,1,0,5.41953351,,,TIMOR LAUT,,, , ,Pemantauan Lalulintas dan Keselamatan, ,Sambungan dari Fiber (Fasa 1),P.049, , ,,,DTL,1,, ,N35,, ,1406851200000,,100.33700122,,07,357,P.049 - TANJONG,,04, ,,,,N.26,,Fasa 2,N.26 - PADANG KOTA,40060,1,357,100.33700121961152,5.419533510376485
,,JELUTONG,,SUNGAI PINANG,,Galvanize,12,MBPP,Jalan Sungai,1,0,5.40709795,,,TIMOR LAUT,,, , ,Pemantauan Lalulintas dan Keselamatan, ,Sambungan dari Fiber (Fasa 1),P.050, , ,,,DTL,1,, ,N32,, ,1406851200000,,100.324836,,07,358,P.050 - JELUTONG,,04, ,,,,N.30,,Fasa 2,N.30 - SUNGAI PINANG,40061,1,358,100.32483599959268,5.407097950292139
,,TANJONG,,KOMTAR,,Dipasang pada dinding bangunan,,MBPP,Komtar Interchange (Camera 1),1,0,5.41439239,,,TIMOR LAUT,,, , ,Pemantauan Lalulintas dan Keselamatan, ,Sambungan fiber optik sedia ada,P.049, , ,,,DTL,1,, ,N33,, ,1406851200000,,100.33050878,,07,359,P.049 - TANJONG,,04, ,,,,N.28,,Fasa 2,N.28 - KOMTAR,40062,1,359,100.33050877958051,5.41439239024639
,,TANJONG,,KOMTAR,,Dipasang pada dinding bangunan,,MBPP,Komtar Interchange (Camera 2),1,0,5.4138748,,,TIMOR LAUT,,, , ,Pemantauan Lalulintas dan Keselamatan, ,Sambungan fiber optik sedia ada,P.049, , ,,,DTL,1,, ,N34,, ,1406851200000,,100.330424,,07,360,P.049 - TANJONG,,04, ,,,,N.28,,Fasa 2,N.28 - KOMTAR,40063,1,360,100.33042400030043,5.41387479968893
,,BUKIT BENDERA,,PULAU TIKUS,,Galvanize,12,MBPP,Persiaran Gurney,1,2,5.43362679,,,TIMOR LAUT,,, , ,Pemantauan Lalulintas dan Keselamatan, ,Wireless dari N20,P.048, , ,,,DTL,0,, ,NR02,, ,1406851200000,,100.31572466,,07,361,P.048 - BUKIT BENDERA,,04, ,,,,N.25,,Fasa 2,N.25 - PULAU TIKUS,40064,2,361,100.31572465972467,5.433626789557497
,,JELUTONG,,SUNGAI PINANG,,Galvanize,12,MBPP,Persiaran Karpal Singh dekat Jambatan Basikal Sungai Pinang,1,2,5.40319389,,,TIMOR LAUT,,, , ,Pemantauan Lalulintas dan Keselamatan, ,Sambungan Fiber (Fasa 1),P.050, , ,,,DTL,1,, ,Q01,, ,1446336000000,,100.33067151,,07,362,P.050 - JELUTONG,,04, ,,,,N.30,,Fasa 3,N.30 - SUNGAI PINANG,40065,3,362,100.33067151008564,5.403193889970486
,,JELUTONG,,SUNGAI PINANG,,Galvanize,12,MBPP,Persimpangan Persiaran Karpal Singh/ Lebuh Sungai Pinang  7,1,2,5.40230701,,,TIMOR LAUT,,, , ,Pemantauan Lalulintas dan Keselamatan, ,Sambungan Fiber Sedia ada,P.050, , ,,,DTL,1,, ,Q02,, ,1446336000000,,100.33180954,,07,363,P.050 - JELUTONG,,04, ,,,,N.30,,Fasa 3,N.30 - SUNGAI PINANG,40066,3,363,100.33180954012107,5.40230701022024
,,JELUTONG,,SUNGAI PINANG,,Galvanize,12,MBPP,Persiaran Karpal Singh Depan Summer Palace,1,2,5.40081326,,,TIMOR LAUT,,, , ,Pemantauan Lalulintas dan Keselamatan, ,Sambungan Fiber Sedia ada,P.050, , ,,,DTL,1,, ,Q03,, ,1446336000000,,100.33317856,,07,364,P.050 - JELUTONG,,04, ,,,,N.30,,Fasa 3,N.30 - SUNGAI PINANG,40067,3,364,100.33317856040898,5.400813259843379
,,JELUTONG,,SUNGAI PINANG,,Galvanize,12,MBPP,Persimpangan Persiaran Karpal Singh/ Lebuh Sungai Pinang 8,1,2,5.39983381,,,TIMOR LAUT,,, , ,Pemantauan Lalulintas dan Keselamatan, ,Sambungan Fiber Sedia ada,P.050, , ,,,DTL,1,, ,Q04,, ,1446336000000,,100.33203742,,07,365,P.050 - JELUTONG,,04, ,,,,N.30,,Fasa 3,N.30 - SUNGAI PINANG,40068,3,365,100.33203742023385,5.399833809910368
,,TANJONG,,KOMTAR,,-,,MBPP,Parking Ahli Majlis,1,0,5.41401276,,,TIMOR LAUT,,, , ,Pemantauan Lalulintas dan Keselamatan, ,Sambungan fiber sedia ada,P.049, , ,,,DTL,2,, ,T66,, ,,,100.33004116,,07,366,P.049 - TANJONG,,04, ,,,,N.28,,Fasa 5,N.28 - KOMTAR,40069,2,366,100.33004115976111,5.414012759697766
,,JELUTONG,,SUNGAI PINANG,,Galvanize,12,MBPP,Persimpangan Persiaran Karpal Singh/ Lebuh Sungai Pinang 6,1,2,5.39815115,,,TIMOR LAUT,,, , ,Pemantauan Lalulintas dan Keselamatan, ,Sambungan Fiber Sedia ada,P.050, , ,,,DTL,1,, ,Q05,, ,1446336000000,,100.33028081,,07,367,P.050 - JELUTONG,,04, ,,,,N.30,,Fasa 3,N.30 - SUNGAI PINANG,40070,3,367,100.3302808103436,5.398151150297376
,,JELUTONG,,SUNGAI PINANG,,Galvanize,12,MBPP,Persimpangan Persiaran Karpal Singh/ Lebuh Sungai Pinang,1,2,5.39673275,,,TIMOR LAUT,,, , ,Pemantauan Lalulintas dan Keselamatan, ,Sambungan Fiber Sedia ada,P.050, , ,,,DTL,1,, ,Q06,, ,1446336000000,,100.32875016,,07,368,P.050 - JELUTONG,,04, ,,,,N.30,,Fasa 3,N.30 - SUNGAI PINANG,40071,3,368,100.32875015957703,5.396732750093826
,,JELUTONG,,SUNGAI PINANG,,Galvanize,12,MBPP,Persiaran Karpal Singh dekat Mc Donald,1,2,5.39557123,,,TIMOR LAUT,,, , ,Pemantauan Lalulintas dan Keselamatan, ,Sambungan Fiber Sedia ada,P.050, , ,,,DTL,1,, ,Q07,, ,1446336000000,,100.32753845,,07,369,P.050 - JELUTONG,,04, ,,,,N.30,,Fasa 3,N.30 - SUNGAI PINANG,40072,3,369,100.32753844971849,5.395571230141209
,,JELUTONG,,SUNGAI PINANG,,Galvanize,12,MBPP,Jalan Perusahaan Jelutong dekat Jetty Perikanan di laluan basikal,1,2,5.39460277,,,TIMOR LAUT,,, , ,Pemantauan Lalulintas dan Keselamatan, ,Sambungan Fiber Sedia ada,P.050, , ,,,DTL,1,, ,Q08,, ,1446336000000,,100.32672916,,07,370,P.050 - JELUTONG,,04, ,,,,N.30,,Fasa 3,N.30 - SUNGAI PINANG,40073,3,370,100.32672915962186,5.394602770104927
,,BAYAN BARU,,BATU UBAN,,Galvanize,20,MBPP,Jalan Sungai Dua/ Lorong Sungai Dua (Berdekatan USM),1,2,5.35284222,,,TIMOR LAUT,,, , ,Pemantauan Lalulintas dan Keselamatan, ,Wireless dari LR1,P.052, , ,,,DTL,1,, ,S15,, ,1472688000000,,100.30162565,,07,371,P.052 - BAYAN BARU,,04, ,,,,N.35,,Fasa 4,N.35 - BATU UBAN,40074,3,371,100.30162565044392,5.3528422204172275
,,JELUTONG,,SUNGAI PINANG,,Galvanize,12,MBPP,Jalan Perusahaan Jelutong dekat kawasan Lapang di laluan basikal,1,2,5.39340355,,,TIMOR LAUT,,, , ,Pemantauan Lalulintas dan Keselamatan, ,Sambungan Fiber Sedia ada,P.050, , ,,,DTL,1,, ,Q09,, ,1446336000000,,100.32532493,,07,372,P.050 - JELUTONG,,04, ,,,,N.30,,Fasa 3,N.30 - SUNGAI PINANG,40075,3,372,100.32532492978697,5.393403550111906
,,BUKIT BENDERA,,PULAU TIKUS,,Galvanize,20,MBPP,Persimpangan Jalan Tanjung Tokong/ Tingkat Hock Hin,1,2,5.44637809,,,TIMOR LAUT,,, , ,Pemantauan Lalulintas dan Keselamatan, ,Sambungan Fiber (Fasa 2),P.048, , ,,,DTL,1,, ,Q10,, ,1446336000000,,100.3053582,,07,373,P.048 - BUKIT BENDERA,,04, ,,,,N.25,,Fasa 3,N.25 - PULAU TIKUS,40076,3,373,100.30535820026817,5.446378090255972
,,BUKIT BENDERA,,TANJONG BUNGA,,Galvanize,20,MBPP,Persimpangan Jalan Tanjung Tokong / Jalan  Seri Tanjung Pinang,1,2,5.45822794,,,TIMOR LAUT,,, , ,Pemantauan Lalulintas dan Keselamatan, ,Sambungan Fiber (Fasa 2),P.048, , ,,,DTL,1,, ,Q11,, ,1446336000000,,100.30778396,,07,374,P.048 - BUKIT BENDERA,,04, ,,,,N.22,,Fasa 3,N.22 - TANJONG BUNGA,40077,3,374,100.30778396008634,5.458227940368919
,,BUKIT BENDERA,,TANJONG BUNGA,,Galvanize,20,MBPP,Persimpangan Jalan Tanjung Bungah / Jalan  Gajah,1,2,5.4627065,,,TIMOR LAUT,,, , ,Pemantauan Lalulintas dan Keselamatan, ,Sambungan Fiber (Fasa 2),P.048, , ,,,DTL,1,, ,Q12,, ,1446336000000,,100.30379633,,07,375,P.048 - BUKIT BENDERA,,04, ,,,,N.22,,Fasa 3,N.22 - TANJONG BUNGA,40078,3,375,100.30379632994192,5.4627065003829385
,,BUKIT BENDERA,,TANJONG BUNGA,,Galvanize,20,MBPP,Persimpangan Jalan Tanjung Bungah / Jalan  Cheah Seng Kim,1,2,5.46605167,,,TIMOR LAUT,,, , ,Pemantauan Lalulintas dan Keselamatan, ,Sambungan Fiber (Fasa 2),P.048, , ,,,DTL,1,, ,Q13,, ,1446336000000,,100.28805633,,07,376,P.048 - BUKIT BENDERA,,04, ,,,,N.22,,Fasa 3,N.22 - TANJONG BUNGA,40079,3,376,100.28805632990269,5.466051670054609
,,BUKIT BENDERA,,TANJONG BUNGA,,Galvanize,20,MBPP,Persimpangan Jalan Tanjung Bungah / Jalan  Lembah Permai,1,2,5.46557877,,,TIMOR LAUT,,, , ,Pemantauan Lalulintas dan Keselamatan, ,Sambungan Fiber (Fasa 2),P.048, , ,,,DTL,1,, ,Q14,, ,1446336000000,,100.28085396,,07,377,P.048 - BUKIT BENDERA,,04, ,,,,N.22,,Fasa 3,N.22 - TANJONG BUNGA,40080,3,377,100.2808539596628,5.465578769957086
,,BUKIT BENDERA,,TANJONG BUNGA,,Galvanize,20,MBPP,Persimpangan Jalan Tanjung Bungah / Pesiaran Tanjung Bungah (tentang Masjid Terapung),1,2,5.46870744,,,TIMOR LAUT,,, , ,Pemantauan Lalulintas dan Keselamatan, ,Sambungan Fiber (Fasa 2),P.048, , ,,,DTL,1,, ,Q15,, ,1446336000000,,100.27717785,,07,378,P.048 - BUKIT BENDERA,,04, ,,,,N.22,,Fasa 3,N.22 - TANJONG BUNGA,40081,3,378,100.27717785011266,5.46870743955196
,,BUKIT BENDERA,,TANJONG BUNGA,,Galvanize,20,MBPP,Persimpangan Jalan Batu Ferringghi/ Jalan Pantai Miami,1,2,5.4775819,,,TIMOR LAUT,,, , ,Pemantauan Lalulintas dan Keselamatan, ,Sambungan Fiber (Fasa 2),P.048, , ,,,DTL,1,, ,Q16,, ,1446336000000,,100.26677818,,07,379,P.048 - BUKIT BENDERA,,04, ,,,,N.22,,Fasa 3,N.22 - TANJONG BUNGA,40082,3,379,100.26677817959386,5.477581900020729
,,BUKIT BENDERA,,TANJONG BUNGA,,Galvanize,20,MBPP,Persimpangan Jalan Batu Ferringghi depan Ferringghi Plaza,1,2,5.47735051,,,TIMOR LAUT,,, , ,Pemantauan Lalulintas dan Keselamatan, ,Sambungan Fiber (Fasa 2),P.048, , ,,,DTL,1,, ,Q17,, ,1446336000000,,100.2537017,,07,380,P.048 - BUKIT BENDERA,,04, ,,,,N.22,,Fasa 3,N.22 - TANJONG BUNGA,40083,3,380,100.25370169986725,5.477350509657097
,,BUKIT BENDERA,,TANJONG BUNGA,,Galvanize,20,MBPP,Persimpangan Jalan Batu Ferringghi dekat Hotel Lone Pine,1,2,5.47511762,,,TIMOR LAUT,,, , ,Pemantauan Lalulintas dan Keselamatan, ,Wireless dari Q19,P.048, , ,,,DTL,1,, ,Q18,, ,1446336000000,,100.25049196,,07,381,P.048 - BUKIT BENDERA,,04, ,,,,N.22,,Fasa 3,N.22 - TANJONG BUNGA,40084,3,381,100.25049196017731,5.475117620193438
,,BUKIT BENDERA,,TANJONG BUNGA,,Galvanize,20,MBPP,Persimpangan Jalan Batu Ferringghi dekat Ferringghi Nightwalk Bazaar,1,2,5.47479912,,,TIMOR LAUT,,, , ,Pemantauan Lalulintas dan Keselamatan, ,Sambungan Fiber (Fasa 2),P.048, , ,,,DTL,1,, ,Q19,, ,1446336000000,,100.24941318,,07,382,P.048 - BUKIT BENDERA,,04, ,,,,N.22,,Fasa 3,N.22 - TANJONG BUNGA,40085,3,382,100.24941318006873,5.474799120386502
,,BUKIT BENDERA,,TANJONG BUNGA,,Galvanize,20,MBPP,Persimpangan Jalan Batu Ferringghi/ Jalan Sungai 1,1,2,5.47263266,,,TIMOR LAUT,,, , ,Pemantauan Lalulintas dan Keselamatan, ,Sambungan Fiber (Fasa 2),P.048, , ,,,DTL,1,, ,Q20,, ,1446336000000,,100.24710353,,07,383,P.048 - BUKIT BENDERA,,04, ,,,,N.22,,Fasa 3,N.22 - TANJONG BUNGA,40086,3,383,100.24710353008297,5.472632660336016
,,BUKIT BENDERA,,TANJONG BUNGA,,Galvanize,20,MBPP,Jalan Batu Ferringghi dekat laluan Masuk ke Bayu Senja,1,2,5.47071179,,,TIMOR LAUT,,, , ,Pemantauan Lalulintas dan Keselamatan, ,Wireless dari Balai Polis Batu Ferringgi / QR1,P.048, , ,,,DTL,1,, ,Q21,, ,1446336000000,,100.24555078,,07,384,P.048 - BUKIT BENDERA,,04, ,,,,N.22,,Fasa 3,N.22 - TANJONG BUNGA,40087,3,384,100.2455507803621,5.47071178992381
,,BUKIT BENDERA,,TANJONG BUNGA,,Galvanize,20,MBPP,Jalan Batu Ferringghi bertentangan By The Sea,1,2,5.46887303,,,TIMOR LAUT,,, , ,Pemantauan Lalulintas dan Keselamatan, ,Wireless dari QR1,P.048, , ,,,DTL,1,, ,Q22,, ,1446336000000,,100.24441833,,07,385,P.048 - BUKIT BENDERA,,04, ,,,,N.22,,Fasa 3,N.22 - TANJONG BUNGA,40088,3,385,100.2444183300909,5.46887302994394
,,,,,,Galvanize,20,MBPP,Jalan Batu Ferringghi bertentangan Bayview Beach,1,2,5.46689599,,,TIMOR LAUT,,, , ,Pemantauan Lalulintas dan Keselamatan, ,WIreless dari Q25,, , ,,,,1,, ,Q23,, ,1446336000000,,100.24000191,,07,386,,,04, ,,,,,,Fasa 3,,40089,3,386,100.24000191003299,5.466895989592643
,,BALIK PULAU,,TELOK BAHANG,,Galvanize,20,MBPP,Jalan Teluk Bahang dekat Rumah Rehat,1,2,5.46475624,,,BARAT DAYA,,, , ,Pemantauan Lalulintas dan Keselamatan, ,Wireless dari Q33,P.053, , ,,,DBD,1,, ,Q24,, ,1446336000000,,100.23627425,,07,387,P.053 - BALIK PULAU,,05, ,,,,N.40,,Fasa 3,N.40 - TELOK BAHANG,50011,3,387,100.23627425005711,5.464756239759121
,,BUKIT BENDERA,,TANJONG BUNGA,,Galvanize,8,MBPP,Jalan Batu Ferringghi di sebelah pantai dekat Rumah Peranginan Kilat Pulau Pinang,1,2,5.46591251,,,TIMOR LAUT,,, , ,Pemantauan Lalulintas dan Keselamatan, ,Wireless dari Q24,P.048, , ,,,DTL,1,, ,Q25,, ,1446336000000,,100.23916624,,07,388,P.048 - BUKIT BENDERA,,04, ,,,,N.22,,Fasa 3,N.22 - TANJONG BUNGA,40090,3,388,100.23916624009773,5.465912509611494
,,BUKIT BENDERA,,TANJONG BUNGA,,Galvanize,8,MBPP,Jalan Batu Ferringghi di sebelah pantai dekat Hard Rock hotel,1,2,5.468353,,,TIMOR LAUT,,, , ,Pemantauan Lalulintas dan Keselamatan, ,Wireless dari Q24,P.048, , ,,,DTL,1,, ,Q26,, ,1446336000000,,100.241404,,07,389,P.048 - BUKIT BENDERA,,04, ,,,,N.22,,Fasa 3,N.22 - TANJONG BUNGA,40091,3,389,100.24140400016549,5.468353000350359
,,,,,,Galvanize,8,MBPP,Jalan Batu Ferringghi di sebelah pantai dekat Bayu Senja,0,2,5.47129568,,,,,, , ,Pemantauan Lalulintas dan Keselamatan, ,Wireless dari QR1,, , ,,,,1,, ,Q27,, ,1446336000000,,100.24416141,,,390,,,, ,,,,,,Fasa 3,,,3,390,100.24416141000663,5.471295680165704
,,,,,,Galvanize,8,MBPP,Jalan Batu Ferringghi di sebelah pantai dekat Holiday Inn Hotel,0,2,5.474168,,,,,, , ,Pemantauan Lalulintas dan Keselamatan, ,Wireless dari Q29,, , ,,,,1,, ,Q28,, ,1446336000000,,100.247068,,,391,,,, ,,,,,,Fasa 3,,,3,391,100.24706799999163,5.47416800031296
,,,,,,Galvanize,8,MBPP,Jalan Batu Ferringghi di sebelah pantai dekat Lone Pine Hotel,1,2,5.475631,,,TIMOR LAUT,,, , ,Pemantauan Lalulintas dan Keselamatan, ,Wireless dari Q19,, , ,,,,1,, ,Q29,, ,1446336000000,,100.248715,,07,392,,,04, ,,,,,,Fasa 3,,40092,3,392,100.2487149996841,5.475630999652063
,,BUKIT BENDERA,,TANJONG BUNGA,,Galvanize,8,MBPP,Jalan Batu Ferringghi di sebelah pantai dekat Golden Sand Hotel,1,2,5.477602,,,TIMOR LAUT,,, , ,Pemantauan Lalulintas dan Keselamatan, ,Wireless dari Q29,P.048, , ,,,DTL,1,, ,Q30,, ,1446336000000,,100.251081,,07,393,P.048 - BUKIT BENDERA,,04, ,,,,N.22,,Fasa 3,N.22 - TANJONG BUNGA,40093,3,393,100.2510810003001,5.4776020001585835
,,BUKIT BENDERA,,TANJONG BUNGA,,Galvanize,8,MBPP,Jalan Batu Ferringghi di sebelah pantai dekat Raya Sayang Hotel,1,2,5.48004129,,,TIMOR LAUT,,, , ,Pemantauan Lalulintas dan Keselamatan, ,Wireless dari Q30,P.048, , ,,,DTL,1,, ,Q31,, ,1446336000000,,100.25407464,,07,394,P.048 - BUKIT BENDERA,,04, ,,,,N.22,,Fasa 3,N.22 - TANJONG BUNGA,40094,3,394,100.25407463982053,5.480041289614625
,,BUKIT BENDERA,,TANJONG BUNGA,,Galvanize,8,MBPP,Jalan Sungai Emas dekat Eden Fairway Condo,1,2,5.47601224,,,TIMOR LAUT,,, , ,Pemantauan Lalulintas dan Keselamatan, ,Sambungan Fiber (Fasa 2),P.048, , ,,,DTL,1,, ,Q32,, ,1446336000000,,100.25177618,,07,395,P.048 - BUKIT BENDERA,,04, ,,,,N.22,,Fasa 3,N.22 - TANJONG BUNGA,40095,3,395,100.251776179837,5.476012239570878
,,BUKIT BENDERA,,TANJONG BUNGA,,Galvanize,8,MBPP,Jalan Batu Ferringhi Di Sebelah Pantai Dekat Bayview Resort,1,2,5.465566,,,TIMOR LAUT,,, , ,Pemantauan Lalulintas dan Keselamatan, ,Wireless dari QR1,P.048, , ,,,DTL,1,, ,Q33,, ,1446336000000,,100.241683,,07,396,P.048 - BUKIT BENDERA,,04, ,,,,N.22,,Fasa 3,N.22 - TANJONG BUNGA,40096,3,396,100.24168299962027,5.465566000270796
,,BUKIT BENDERA,,TANJONG BUNGA,,Galvanize,20,MBPP,Jalan Lembah Permai Berhadapan Ambank,1,2,5.46397033,,,TIMOR LAUT,,, , ,Pemantauan Lalulintas dan Keselamatan, ,Wireless dari Q14,P.048, , ,,,DTL,1,, ,Q34,, ,1446336000000,,100.28043077,,07,397,P.048 - BUKIT BENDERA,,04, ,,,,N.22,,Fasa 3,N.22 - TANJONG BUNGA,40097,3,397,100.28043076992448,5.463970330017658
,,BAYAN BARU,,BATU MAUNG,,Galvanize,20,MBPP,Jalan Sultan Azlan Shah / Jalan Mayang Pasir (Hadapan Sunway Prima),1,2,5.30374619,,,BARAT DAYA,,, , ,Pemantauan Lalulintas dan Keselamatan, ,Wireless dari S02,P.052, , ,,,DBD,1,, ,S01,, ,1472688000000,,100.278206,,07,398,P.052 - BAYAN BARU,,05, ,,,,N.37,,Fasa 4,N.37 - BATU MAUNG,50012,3,398,100.27820600001334,5.303746189953124
,,BAYAN BARU,,BATU MAUNG,,Galvanize,20,MBPP,Jalan Sultan Azlan Shah Laluan masuk berdepan Osram / Hadapan pusat Kawalan Kastam FIZ 1,1,2,5.30897941,,,BARAT DAYA,,, , ,Pemantauan Lalulintas dan Keselamatan, ,Wireless dari L26,P.052, , ,,,DBD,1,, ,S02,, ,1472688000000,,100.28277371,,07,399,P.052 - BAYAN BARU,,05, ,,,,N.37,,Fasa 4,N.37 - BATU MAUNG,50013,3,399,100.28277371023036,5.308979409651716
,,BAYAN BARU,,BATU MAUNG,,Galvanize,20,MBPP,Jalan Sultan Azlan Shah Laluan masuk berdepan IQ Group Holding Bhd,1,2,5.31535957,,,BARAT DAYA,,, , ,Pemantauan Lalulintas dan Keselamatan, ,Wireless dari NR3,P.052, , ,,,DBD,1,, ,S03,, ,1472688000000,,100.28671782,,07,400,P.052 - BAYAN BARU,,05, ,,,,N.37,,Fasa 4,N.37 - BATU MAUNG,50014,3,400,100.28671781990694,5.315359570037397
,,BAYAN BARU,,PANTAI JEREJAK,,Galvanize,20,MBPP,Simpang Jalan Sultan Azlan Shah/Jalan Tengah /Restoran Pelita Bayan Baru,1,2,5.31842705,,,BARAT DAYA,,, , ,Pemantauan Lalulintas dan Keselamatan, ,Wireless dari S05,P.052, , ,,,DBD,1,, ,S04,, ,1472688000000,,100.28815647,,07,401,P.052 - BAYAN BARU,,05, ,,,,N.36,,Fasa 4,N.36 - PANTAI JEREJAK,50015,3,401,100.28815646989572,5.318427049694319
,,BAYAN BARU,,PANTAI JEREJAK,,Galvanize,20,MBPP,Persimpangan Lebuhraya Kampung Jawa/ Jalan Sultan Azlan Shah,1,2,5.32188083,,,BARAT DAYA,,, , ,Pemantauan Lalulintas dan Keselamatan, ,Wireless dari NR3,P.052, , ,,,DBD,1,, ,S05,, ,1472688000000,,100.29043901,,07,402,P.052 - BAYAN BARU,,05, ,,,,N.36,,Fasa 4,N.36 - PANTAI JEREJAK,50016,3,402,100.2904390099201,5.3218808296507545
,,BAYAN BARU,,PANTAI JEREJAK,,Galvanize,20,MBPP,Simpang Lebuhraya Mayang Pasir / Caltex Bukit Gedong,1,2,5.320047,,,BARAT DAYA,,, , ,Pemantauan Lalulintas dan Keselamatan, ,Wireless dari S04,P.052, , ,,,DBD,1,, ,S06,, ,1472688000000,,100.285467,,07,403,P.052 - BAYAN BARU,,05, ,,,,N.36,,Fasa 4,N.36 - PANTAI JEREJAK,50017,3,403,100.2854670003723,5.3200470001595335
,,BAYAN BARU,,PANTAI JEREJAK,,Galvanize,20,MBPP,Simpang Lebuhraya Mayang Pasir / Taman Sri Tunas / Persiaran Mahsuri /CIMB Bank,1,3,5.32189761,,,BARAT DAYA,,, , ,Pemantauan Lalulintas dan Keselamatan, ,Wireless dari S05,P.052, , ,,,DBD,1,, ,S07,, ,1472688000000,,100.28617872,,07,404,P.052 - BAYAN BARU,,05, ,,,,N.36,,Fasa 4,N.36 - PANTAI JEREJAK,50018,4,404,100.28617871986185,5.321897609911279
,,BAYAN BARU,,BATU MAUNG,,Galvanize,20,MBPP,Jalan Tengah/ Jalan Tun Dr Awang,1,2,5.32225396,,,BARAT DAYA,,, , ,Pemantauan Lalulintas dan Keselamatan, ,Wireless dari S06,P.052, , ,,,DBD,1,, ,S08,, ,1472688000000,,100.27718033,,07,405,P.052 - BAYAN BARU,,05, ,,,,N.37,,Fasa 4,N.37 - BATU MAUNG,50019,3,405,100.27718032999668,5.3222539603022625
,,BAYAN BARU,,PANTAI JEREJAK,,Galvanize,20,MBPP,Simpang Jalan Kampung Jawa / Lebuh Kampung Jawa/Kilang Fastron,1,2,5.32459202,,,BARAT DAYA,,, , ,Pemantauan Lalulintas dan Keselamatan, ,Wireless dari T35,P.052, , ,,,DBD,1,, ,S09,, ,1472688000000,,100.2974407,,07,406,P.052 - BAYAN BARU,,05, ,,,,N.36,,Fasa 4,N.36 - PANTAI JEREJAK,50020,3,406,100.29744069987349,5.324592019942985
,,BAYAN BARU,,PANTAI JEREJAK,,Galvanize,20,MBPP,Jalan Tun Dr Awang depan Hong Leong Bank,1,2,5.33218242,,,BARAT DAYA,,, , ,Pemantauan Lalulintas dan Keselamatan, ,Wireless dari S11,P.052, , ,,,DBD,1,, ,S10,, ,1472688000000,,100.29467334,,07,407,P.052 - BAYAN BARU,,05, ,,,,N.36,,Fasa 4,N.36 - PANTAI JEREJAK,50021,3,407,100.29467334034867,5.332182419685876
,,BAYAN BARU,,PANTAI JEREJAK,,Galvanize,20,MBPP,Persimpangan Lebuh Kampung Jawa/ Lebuhraya Sungai Nibong,1,2,5.33062212,,,BARAT DAYA,,, , ,Pemantauan Lalulintas dan Keselamatan, ,Wireless dari TR04,P.052, , ,,,DBD,1,, ,S11,, ,1472688000000,,100.29929938,,07,408,P.052 - BAYAN BARU,,05, ,,,,N.36,,Fasa 4,N.36 - PANTAI JEREJAK,50022,3,408,100.29929938033358,5.3306221196727686
,,BAYAN BARU,,BATU UBAN,,Galvanize,20,MBPP,Lebuh Bukit Jambul / Persiaran Bukit Jambul,1,2,5.34020694,,,TIMOR LAUT,,, , ,Pemantauan Lalulintas dan Keselamatan, ,Wireless dari N24,P.052, , ,,,DTL,1,, ,S12,, ,1472688000000,,100.28314743,,07,409,P.052 - BAYAN BARU,,04, ,,,,N.35,,Fasa 4,N.35 - BATU UBAN,40098,3,409,100.28314742971297,5.34020693995932
,,BAYAN BARU,,PANTAI JEREJAK,,Galvanize,20,MBPP,Jalan Aziz Ibrahim / Jalan Pantai Jerjak 15 /Tapak Pasar Malam Pantai Jerjak,1,2,5.3397366,,,BARAT DAYA,,, , ,Pemantauan Lalulintas dan Keselamatan, ,-,P.052, , ,,,DBD,1,, ,S13,, ,1472688000000,,100.30394751,,07,410,P.052 - BAYAN BARU,,05, ,,,,N.36,,Fasa 4,N.36 - PANTAI JEREJAK,50023,3,410,100.30394750982227,5.339736600301236
,,BAYAN BARU,,PANTAI JEREJAK,,Galvanize,20,MBPP,Bulatan Queensbay / Gold Coast Condominium Resort,1,2,5.33814568,,,BARAT DAYA,,, , ,Pemantauan Lalulintas dan Keselamatan, ,Wireless dari L28,P.052, , ,,,DBD,1,, ,S14,, ,1472688000000,,100.3087871,,07,411,P.052 - BAYAN BARU,,05, ,,,,N.36,,Fasa 4,N.36 - PANTAI JEREJAK,50024,3,411,100.30878710005317,5.338145680436564
,,BUKIT GELUGOR,,SERI DELIMA,,Galvanize,20,MBPP,Hilir Pemancar depan Pasar Tun Sardon,1,2,5.36893707,,,TIMOR LAUT,,, , ,Pemantauan Lalulintas dan Keselamatan, ,-,P.051, , ,,,DTL,1,, ,S16,, ,1472688000000,,100.30590483,,07,412,P.051 - BUKIT GELUGOR,,04, ,,,,N.32,,Fasa 4,N.32 - SERI DELIMA,40099,3,412,100.30590482981445,5.368937070304268
,,BUKIT GELUGOR,,SERI DELIMA,,Galvanize,20,MBPP,Simpang Jalan Sultan Azlan Shah/ Hilir Pemancar /Kuil Hindu /Perodua Gelugor,1,2,5.36868925,,,TIMOR LAUT,,, , ,Pemantauan Lalulintas dan Keselamatan, ,-,P.051, , ,,,DTL,1,, ,S17,, ,1472688000000,,100.31030192,,07,413,P.051 - BUKIT GELUGOR,,04, ,,,,N.32,,Fasa 4,N.32 - SERI DELIMA,40100,3,413,100.31030191956283,5.368689249600859
,,BUKIT GELUGOR,,SERI DELIMA,,Galvanize,20,MBPP,Simpang Tesco / lebuh tunku kudin 1 /jelutong expressway/ e-gate,1,3,5.37677764,,,TIMOR LAUT,,, , ,Pemantauan Lalulintas dan Keselamatan, ,Wireless dari Tiang lampu Jalan,P.051, , ,,,DTL,1,, ,S18,, ,1472688000000,,100.31603377,,07,414,P.051 - BUKIT GELUGOR,,04, ,,,,N.32,,Fasa 4,N.32 - SERI DELIMA,40101,4,414,100.31603377016924,5.376777640000759
,,BUKIT GELUGOR,,SERI DELIMA,,Galvanize,20,MBPP,Persimpangan Jalan Masjid Negeri/Jalan Yap Choy Ee,1,2,5.38155336,,,TIMOR LAUT,,, , ,Pemantauan Lalulintas dan Keselamatan, ,-,P.051, , ,,,DTL,1,, ,S19,, ,1472688000000,,100.30660103,,07,415,P.051 - BUKIT GELUGOR,,04, ,,,,N.32,,Fasa 4,N.32 - SERI DELIMA,40102,3,415,100.3066010299202,5.3815533599761
,,JELUTONG,,SUNGAI PINANG,,Galvanize,20,MBPP,Simpang Jalan Jelutong / Jalan Madrasah / Caltex,1,3,5.38956042,,,TIMOR LAUT,,, , ,Pemantauan Lalulintas dan Keselamatan, ,-,P.050, , ,,,DTL,1,, ,S20,, ,1472688000000,,100.31304199,,07,416,P.050 - JELUTONG,,04, ,,,,N.30,,Fasa 4,N.30 - SUNGAI PINANG,40103,4,416,100.31304199031995,5.389560419849036
,,JELUTONG,,SUNGAI PINANG,,Galvanize,20,MBPP,Jalan Perusahaan Jelutong / Lebuhraya Tun Dr. Lim Chong Eu,1,3,5.39457225,,,TIMOR LAUT,,, , ,Pemantauan Lalulintas dan Keselamatan, ,Sambungan fiber (fasa 1),P.050, , ,,,DTL,1,, ,S21,, ,1472688000000,,100.32262636,,07,417,P.050 - JELUTONG,,04, ,,,,N.30,,Fasa 4,N.30 - SUNGAI PINANG,40104,4,417,100.32262636035756,5.3945722502931615
,,TANJONG,,PENGKALAN KOTA,,Galvanize,20,MBPP,Simpang Jelutong Expressway / Gat Lebuh Cecil,1,2,5.40657177,,,TIMOR LAUT,,, , ,Pemantauan Lalulintas dan Keselamatan, ,Wireless dari S23,P.049, , ,,,DTL,1,, ,S22,, ,1472688000000,,100.33126929,,07,418,P.049 - TANJONG,,04, ,,,,N.27,,Fasa 4,N.27 - PENGKALAN KOTA,40105,3,418,100.33126929030601,5.406571769664108
,,TANJONG,,PENGKALAN KOTA,,Galvanize,20,MBPP,Simpang Gat Lebuh Macallum/ Lintang Lebuh Macallum,1,3,5.40798911,,,TIMOR LAUT,,, , ,Pemantauan Lalulintas dan Keselamatan, ,Sambungan fiber (fasa 1),P.049, , ,,,DTL,1,, ,S23,, ,1472688000000,,100.33224632,,07,419,P.049 - TANJONG,,04, ,,,,N.27,,Fasa 4,N.27 - PENGKALAN KOTA,40106,4,419,100.33224632001485,5.407989110323351
,,TANJONG,,PENGKALAN KOTA,,Galvanize,20,MBPP,Simpang Gat Lebuh Macallum /Lintang Macallum 2,1,2,5.4054786,,,TIMOR LAUT,,, , ,Pemantauan Lalulintas dan Keselamatan, ,Wireless dari S23,P.049, , ,,,DTL,1,, ,S24,, ,1472688000000,,100.33536545,,07,420,P.049 - TANJONG,,04, ,,,,N.27,,Fasa 4,N.27 - PENGKALAN KOTA,40107,3,420,100.33536545032617,5.405478599860239
,,TANJONG,,KOMTAR,,Galvanize,12,MBPP,Simpang Lebuh Pantai / Gat Lebuh Melayu / Lebuh Melayu,1,2,5.4126269,,,TIMOR LAUT,,, , ,Pemantauan Lalulintas dan Keselamatan, ,Wireless dari S34,P.049, , ,,,DTL,1,, ,S25,, ,1472688000000,,100.33590606,,07,421,P.049 - TANJONG,,04, ,,,,N.28,,Fasa 4,N.28 - KOMTAR,40108,3,421,100.3359060597474,5.412626900310072
,,TANJONG,,PENGKALAN KOTA,,Galvanize,16,MBPP,Persimpangan Pengkalan Weld/ Gat Lebuh Acheh,1,2,5.41237619,,,TIMOR LAUT,,, , ,Pemantauan Lalulintas dan Keselamatan, ,Sambungan fiber (fasa 1),P.049, , ,,,DTL,1,, ,S26,, ,1472688000000,,100.33859676,,07,422,P.049 - TANJONG,,04, ,,,,N.27,,Fasa 4,N.27 - PENGKALAN KOTA,40109,3,422,100.33859676041313,5.412376190208689
,,TANJONG,,PENGKALAN KOTA,,Galvanize,16,MBPP,Persimpangan Pengkalan Weld/ Gat Lebuh Chulia,1,2,5.41356638,,,TIMOR LAUT,,, , ,Pemantauan Lalulintas dan Keselamatan, ,Wireless dari L16,P.049, , ,,,DTL,1,, ,S27,, ,1472688000000,,100.34075273,,07,423,P.049 - TANJONG,,04, ,,,,N.27,,Fasa 4,N.27 - PENGKALAN KOTA,40110,3,423,100.34075273019182,5.4135663802155705
,,TANJONG,,PENGKALAN KOTA,,Galvanize,16,MBPP,Pengkalan Weld / Kawasan Luar Terminal Feri,1,3,5.41481709,,,TIMOR LAUT,,, , ,Pemantauan Lalulintas dan Keselamatan, ,Wireless dari LR4,P.049, , ,,,DTL,1,, ,S28,, ,1472688000000,,100.3423323,,07,424,P.049 - TANJONG,,04, ,,,,N.27,,Fasa 4,N.27 - PENGKALAN KOTA,40111,4,424,100.34233230037945,5.4148170900375305
,,TANJONG,,PADANG KOTA,,Galvanize,12,MBPP,Persimpangan Lebuh Pantai/Lebuh Bishop,1,2,5.41783517,,,TIMOR LAUT,,, , ,Pemantauan Lalulintas dan Keselamatan, ,Wireless dari N10,P.049, , ,,,DTL,1,, ,S29,, ,1472688000000,,100.34274572,,07,425,P.049 - TANJONG,,04, ,,,,N.26,,Fasa 4,N.26 - PADANG KOTA,40112,3,425,100.34274571990866,5.417835169939974
,,TANJONG,,PADANG KOTA,,Galvanize,16,MBPP,Lebuh Duke/ Belakang City Hall,1,2,5.42105551,,,TIMOR LAUT,,, , ,Pemantauan Lalulintas dan Keselamatan, ,Wireless dari L23,P.049, , ,,,DTL,1,, ,S30,, ,1472688000000,,100.34083766,,07,426,P.049 - TANJONG,,04, ,,,,N.26,,Fasa 4,N.26 - PADANG KOTA,40113,3,426,100.34083766032605,5.4210555103033125
,,,,,,Galvanize,16,MBPP,Simpang Jalan Padang Kota Lama,1,2,5.42225718,,,TIMOR LAUT,,, , ,Pemantauan Lalulintas dan Keselamatan, ,Wireless dari U44,, , ,,,,1,, ,S31,, ,1472688000000,,100.34186823,,07,427,,,04, ,,,,,,Fasa 4,,40114,3,427,100.34186823003085,5.4222571795752685
,,TANJONG,,PADANG KOTA,,Galvanize,12,MBPP,Persimpangan Lebuh Penang/ Lebuh Pasar,1,2,5.41676422,,,TIMOR LAUT,,, , ,Pemantauan Lalulintas dan Keselamatan, ,Wireless dari Pusat Latihan Lebuh Pantai,P.049, , ,,,DTL,1,, ,S32,, ,1472688000000,,100.33979732,,07,428,P.049 - TANJONG,,04, ,,,,N.26,,Fasa 4,N.26 - PADANG KOTA,40115,3,428,100.33979732015644,5.416764219924991
,,TANJONG,,PADANG KOTA,,Galvanize,12,MBPP,Persimpangan Lebuh Canon/Jalan Masjid Kapitan Keling,1,2,5.41544282,,,TIMOR LAUT,,, , ,Pemantauan Lalulintas dan Keselamatan, ,Wireless dari N14,P.049, , ,,,DTL,1,, ,S33,, ,1472688000000,,100.33708816,,07,429,P.049 - TANJONG,,04, ,,,,N.26,,Fasa 4,N.26 - PADANG KOTA,40116,3,429,100.33708815960715,5.4154428203628315
,,TANJONG,,KOMTAR,,Galvanize,12,MBPP,Persimpangan Lebuh Carnarvon/ Lebuh Melayu,1,2,5.41471985,,,TIMOR LAUT,,, , ,Pemantauan Lalulintas dan Keselamatan, ,Wireless dari L13,P.049, , ,,,DTL,1,, ,S34,, ,1472688000000,,100.33410747,,07,430,P.049 - TANJONG,,04, ,,,,N.28,,Fasa 4,N.28 - KOMTAR,40117,3,430,100.33410746981177,5.414719850421717
,,TANJONG,,KOMTAR,,Galvanize,12,MBPP,Persimpangan Lebuh Kimberley/ Jalan Pintal Tali,1,2,5.41616449,,,TIMOR LAUT,,, , ,Pemantauan Lalulintas dan Keselamatan, ,Wireless dari IPK,P.049, , ,,,DTL,1,, ,S35,, ,1472688000000,,100.33314432,,07,431,P.049 - TANJONG,,04, ,,,,N.28,,Fasa 4,N.28 - KOMTAR,40118,3,431,100.33314431971894,5.416164489949601
,,TANJONG,,KOMTAR,,Galvanize,12,MBPP,Persimpangan Lebuh Kimberley/ Jalan Sungai Ujong,1,2,5.41634724,,,TIMOR LAUT,,, , ,Pemantauan Lalulintas dan Keselamatan, ,Wireless dari IPK,P.049, , ,,,DTL,1,, ,S36,, ,1472688000000,,100.332613,,07,432,P.049 - TANJONG,,04, ,,,,N.28,,Fasa 4,N.28 - KOMTAR,40119,3,432,100.33261300026916,5.416347239951402
,,TANJONG,,KOMTAR,,Galvanize,12,MBPP,Persimpangan Lebuh Kimberley/ Jalan Kuala Kangsar,1,2,5.41682082,,,TIMOR LAUT,,, , ,Pemantauan Lalulintas dan Keselamatan, ,Wireless dari IPK,P.049, , ,,,DTL,1,, ,S37,, ,1472688000000,,100.33185404,,07,433,P.049 - TANJONG,,04, ,,,,N.28,,Fasa 4,N.28 - KOMTAR,40120,3,433,100.33185404041626,5.416820820185776
,,TANJONG,,KOMTAR,,Galvanize,12,MBPP,Persimpangan Lebuh Campbell/ Jalan Kuala Kangsar,1,2,5.41833719,,,TIMOR LAUT,,, , ,Pemantauan Lalulintas dan Keselamatan, ,Wireless dari IPK,P.049, , ,,,DTL,1,, ,S38,, ,1472688000000,,100.33279562,,07,434,P.049 - TANJONG,,04, ,,,,N.28,,Fasa 4,N.28 - KOMTAR,40121,3,434,100.33279562025817,5.418337190117229
,,TANJONG,,KOMTAR,,Galvanize,16,MBPP,Simpang Jalan Penang/Lebuh Dickens / Ibu Pejabat Polis Kontijen,1,4,5.41847512,,,TIMOR LAUT,,, , ,Pemantauan Lalulintas dan Keselamatan, ,Sambungan fiber (fasa 1),P.049, , ,,,DTL,1,, ,S39,, ,1472688000000,,100.33136727,,07,435,P.049 - TANJONG,,04, ,,,,N.28,,Fasa 4,N.28 - KOMTAR,40122,5,435,100.33136726959188,5.4184751196076935
,,TANJONG,,PADANG KOTA,,Galvanize,12,MBPP,Persimpangan Jalan Penang/ Lebuh Muntri,1,2,5.42096528,,,TIMOR LAUT,,, , ,Pemantauan Lalulintas dan Keselamatan, ,Sambungan fiber (fasa 1),P.049, , ,,,DTL,1,, ,S40,, ,1472688000000,,100.33333295,,07,436,P.049 - TANJONG,,04, ,,,,N.26,,Fasa 4,N.26 - PADANG KOTA,40123,3,436,100.3333329499268,5.420965279665837
,,TANJONG,,KOMTAR,,Galvanize,20,MBPP,Persimpangan  Lorong Macalister/Lorong Bertam,1,2,5.41588671,,,TIMOR LAUT,,, , ,Pemantauan Lalulintas dan Keselamatan, ,Wireless dari IPK,P.049, , ,,,DTL,1,, ,S41,, ,1472688000000,,100.32813424,,07,437,P.049 - TANJONG,,04, ,,,,N.28,,Fasa 4,N.28 - KOMTAR,40124,3,437,100.32813424007891,5.4158867104076105
,,TANJONG,,KOMTAR,,Galvanize,20,MBPP,Persimpangan Lorong Madras/ Jalan Talipon,1,2,5.41730516,,,TIMOR LAUT,,, , ,Pemantauan Lalulintas dan Keselamatan, ,Wireless dari IPK,P.049, , ,,,DTL,1,, ,S42,, ,1472688000000,,100.32694081,,07,438,P.049 - TANJONG,,04, ,,,,N.28,,Fasa 4,N.28 - KOMTAR,40125,3,438,100.32694081018757,5.417305159921793
,,TANJONG,,KOMTAR,,Galvanize,20,MBPP,Simpang Jalan Macalister /Jalan Zainal Abidin /Menara Umno/Masjid Pakistan,1,2,5.41588913,,,TIMOR LAUT,,, , ,Pemantauan Lalulintas dan Keselamatan, ,Wireless dari N07,P.049, , ,,,DTL,1,, ,S43,, ,1472688000000,,100.3249627,,07,439,P.049 - TANJONG,,04, ,,,,N.28,,Fasa 4,N.28 - KOMTAR,40126,3,439,100.324962700049,5.415889130425921
,,TANJONG,,KOMTAR,,Galvanize,20,MBPP,Jalan Macalister dekat Red Rock Hotel,1,2,5.41672689,,,TIMOR LAUT,,, , ,Pemantauan Lalulintas dan Keselamatan, ,Wireless dari S43,P.049, , ,,,DTL,1,, ,S44,, ,1472688000000,,100.32283501,,07,440,P.049 - TANJONG,,04, ,,,,N.28,,Fasa 4,N.28 - KOMTAR,40127,3,440,100.32283501017645,5.416726889853996
,,TANJONG,,PADANG KOTA,,Galvanize,20,MBPP,Jalan Burma Dekat 1926 Heritage Hotel,1,3,5.4236061,,,TIMOR LAUT,,, , ,Pemantauan Lalulintas dan Keselamatan, ,-,P.049, , ,,,DTL,1,, ,S45,, ,1472688000000,,100.32155574,,07,441,P.049 - TANJONG,,04, ,,,,N.26,,Fasa 4,N.26 - PADANG KOTA,40128,4,441,100.32155574030351,5.423606099595653
,,BUKIT BENDERA,,KEBUN BUNGA,,Galvanize,20,MBPP,Persimpangan Jalan kebun Bunga/ Jalan Gottlieb/ Jalan Utama,1,2,5.43049856,,,TIMOR LAUT,,, , ,Pemantauan Lalulintas dan Keselamatan, ,-,P.048, , ,,,DTL,1,, ,S46,, ,1472688000000,,100.29919665,,07,442,P.048 - BUKIT BENDERA,,04, ,,,,N.24,,Fasa 4,N.24 - KEBUN BUNGA,40129,3,442,100.29919665044304,5.430498559620274
,,BUKIT BENDERA,,PULAU TIKUS,,Galvanize,20,MBPP,Simpang Jalan Mount Erskine/Gotllieb/Bagan Jermal/Burma,1,2,5.43410519,,,TIMOR LAUT,,, , ,Pemantauan Lalulintas dan Keselamatan, ,Wireless dari NR01,P.048, , ,,,DTL,1,, ,S47,, ,1472688000000,,100.30327274,,07,443,P.048 - BUKIT BENDERA,,04, ,,,,N.25,,Fasa 4,N.25 - PULAU TIKUS,40130,3,443,100.30327274016604,5.434105189634789
,,BUKIT BENDERA,,PULAU TIKUS,,Galvanize,20,MBPP,Jalan Mount Erskine/ Tingkat Mount Erskine 1 (Ng Hock Seng Estate),1,3,5.44019279,,,TIMOR LAUT,,, , ,Pemantauan Lalulintas dan Keselamatan, ,Wireless dari S47,P.048, , ,,,DTL,1,, ,S48,, ,1472688000000,,100.30292457,,07,444,P.048 - BUKIT BENDERA,,04, ,,,,N.25,,Fasa 4,N.25 - PULAU TIKUS,40131,4,444,100.30292457033016,5.440192789817494
,,BUKIT BENDERA,,PULAU TIKUS,,Galvanize,20,MBPP,Simpang Jalan Bagan Jermal / Jalan Tanjung Tokong,1,2,5.44021399,,,TIMOR LAUT,,, , ,Pemantauan Lalulintas dan Keselamatan, ,Sambungan fiber (fasa 2),P.048, , ,,,DTL,1,, ,S49,, ,1472688000000,,100.30780423,,07,445,P.048 - BUKIT BENDERA,,04, ,,,,N.25,,Fasa 4,N.25 - PULAU TIKUS,40132,3,445,100.30780422998674,5.440213989558336
,,BUKIT BENDERA,,KEBUN BUNGA,,Galvanize,20,MBPP,Simpang Jalan Tanjung Tokong / Jalan Fettes/ Island Plaza,1,2,5.45133084,,,TIMOR LAUT,,, , ,Pemantauan Lalulintas dan Keselamatan, ,Sambungan fiber (fasa 2),P.048, , ,,,DTL,1,, ,S50,, ,1472688000000,,100.30551693,,07,446,P.048 - BUKIT BENDERA,,04, ,,,,N.24,,Fasa 4,N.24 - KEBUN BUNGA,40133,3,446,100.30551693000794,5.451330840096134
,,BUKIT BENDERA,,TANJONG BUNGA,,Galvanize,20,MBPP,Jalan Lembah Permai / Lintang Lembah Permai Berdekatan UTAR,1,3,5.45845646,,,TIMOR LAUT,,, , ,Pemantauan Lalulintas dan Keselamatan, ,Wireless dari QR6,P.048, , ,,,DTL,1,, ,S52,, ,1472688000000,,100.28293208,,07,447,P.048 - BUKIT BENDERA,,04, ,,,,N.22,,Fasa 4,N.22 - TANJONG BUNGA,40134,4,447,100.28293208015171,5.458456460011916
,,BUKIT BENDERA,,TANJONG BUNGA,,Galvanize,20,MBPP,Jalan Cheah Phee Cheok / Jalan Loh Poh Heng,1,2,5.46225046,,,TIMOR LAUT,,, , ,Pemantauan Lalulintas dan Keselamatan, ,Wireless dari QR6,P.048, , ,,,DTL,1,, ,S53,, ,1472688000000,,100.28995907,,07,448,P.048 - BUKIT BENDERA,,04, ,,,,N.22,,Fasa 4,N.22 - TANJONG BUNGA,40135,3,448,100.28995906998745,5.462250460172171
,,BUKIT BENDERA,,TANJONG BUNGA,,Galvanize,20,MBPP,Jalan Tanjung Bungah/Dalat School/Paradise Sandy Bay Resort,1,3,5.4660732,,,TIMOR LAUT,,, , ,Pemantauan Lalulintas dan Keselamatan, ,Wireless dari Q13,P.048, , ,,,DTL,1,, ,S54,, ,1472688000000,,100.29005648,,07,449,P.048 - BUKIT BENDERA,,04, ,,,,N.22,,Fasa 4,N.22 - TANJONG BUNGA,40136,4,449,100.29005648017666,5.466073200110216
,,BUKIT BENDERA,,TANJONG BUNGA,,Galvanize,20,MBPP,Jalan Sungai Kelian / Hillside / Medan Selera,1,2,5.4651678,,,TIMOR LAUT,,, , ,Pemantauan Lalulintas dan Keselamatan, ,Wireless dari S54,P.048, , ,,,DTL,1,, ,S55,, ,1472688000000,,100.29214186,,07,450,P.048 - BUKIT BENDERA,,04, ,,,,N.22,,Fasa 4,N.22 - TANJONG BUNGA,40137,3,450,100.29214186009447,5.465167800006619
,,BUKIT BENDERA,,TANJONG BUNGA,,Galvanize,20,MBPP,Jalan bunga Pudak / Jalan Sg Kelian (Dekat 7-Eleven),1,2,5.4646917,,,TIMOR LAUT,,, , ,Pemantauan Lalulintas dan Keselamatan, ,Wireless dari S55,P.048, , ,,,DTL,1,, ,S56,, ,1472688000000,,100.29275711,,07,451,P.048 - BUKIT BENDERA,,04, ,,,,N.22,,Fasa 4,N.22 - TANJONG BUNGA,40138,3,451,100.29275710998914,5.464691700420823
,,BUKIT BENDERA,,KEBUN BUNGA,,Galvanize,20,MBPP,Simpang Jalan Masjid Negeri / Jalan Ayer Hitam / Wisma Pengakap Negeri,1,2,5.40795538,,,TIMOR LAUT,,, , ,Pemantauan Lalulintas dan Keselamatan, ,Wireless dari NR4,P.048, , ,,,DTL,1,, ,S57,, ,1472688000000,,100.30230496,,07,452,P.048 - BUKIT BENDERA,,04, ,,,,N.24,,Fasa 4,N.24 - KEBUN BUNGA,40139,3,452,100.30230495975609,5.407955379905329
,,BUKIT BENDERA,,KEBUN BUNGA,,Galvanize,20,MBPP,Taman Padang Tembak dekat tempat Letak kereta,1,2,5.41050611,,,TIMOR LAUT,,, , ,Pemantauan Lalulintas dan Keselamatan, ,Wireless dari NR4,P.048, , ,,,DTL,1,, ,S58,, ,1472688000000,,100.29231386,,07,453,P.048 - BUKIT BENDERA,,04, ,,,,N.24,,Fasa 4,N.24 - KEBUN BUNGA,40140,3,453,100.2923138601728,5.410506110401743
,,BUKIT BENDERA,,KEBUN BUNGA,,Galvanize,20,MBPP,Jalan Boundary / Rifle Range Flat,1,3,5.41072921,,,TIMOR LAUT,,, , ,Pemantauan Lalulintas dan Keselamatan, ,-,P.048, , ,,,DTL,1,, ,S59,, ,1472688000000,,100.29022026,,07,454,P.048 - BUKIT BENDERA,,04, ,,,,N.24,,Fasa 4,N.24 - KEBUN BUNGA,40141,4,454,100.29022025956306,5.410729210214635
,,BUKIT GELUGOR,,AIR ITAM,,Galvanize,20,MBPP,Jalan Kampung Melayu Hadapan Sekolah Kebangsaan Sri Aman,1,3,5.39999938,,,TIMOR LAUT,,, , ,Pemantauan Lalulintas dan Keselamatan, ,Wireless dari NR4,P.051, , ,,,DTL,1,, ,S60,, ,1472688000000,,100.2867799,,07,455,P.051 - BUKIT GELUGOR,,04, ,,,,N.33,,Fasa 4,N.33 - AIR ITAM,40142,4,455,100.28677989996764,5.399999379966918
,,BUKIT GELUGOR,,PAYA TERUBONG,,Galvanize,20,MBPP,Simpang Lebuhraya Thean Tiek / Jalan Thean Tiek / Jalan Angsana (apartment desa baiduri),1,2,5.39227609,,,TIMOR LAUT,,, , ,Pemantauan Lalulintas dan Keselamatan, ,-,P.051, , ,,,DTL,1,, ,S61,, ,1472688000000,,100.28546316,,07,456,P.051 - BUKIT GELUGOR,,04, ,,,,N.34,,Fasa 4,N.34 - PAYA TERUBONG,40143,3,456,100.28546316002813,5.392276089642208
,,BUKIT GELUGOR,,PAYA TERUBONG,,Galvanize,20,MBPP,Lebuhraya Thean Teik dekat Hong Leong Bank,1,2,5.39151256,,,TIMOR LAUT,,, , ,Pemantauan Lalulintas dan Keselamatan, ,-,P.051, , ,,,DTL,1,, ,S62,, ,1472688000000,,100.28284424,,07,457,P.051 - BUKIT GELUGOR,,04, ,,,,N.34,,Fasa 4,N.34 - PAYA TERUBONG,40144,3,457,100.28284424024311,5.391512559722847
,,BUKIT GELUGOR,,PAYA TERUBONG,,Galvanize,20,MBPP,Lintang Angsana Dekat BSN,1,2,5.38897907,,,TIMOR LAUT,,, , ,Pemantauan Lalulintas dan Keselamatan, ,-,P.051, , ,,,DTL,1,, ,S63,, ,1472688000000,,100.28180939,,07,458,P.051 - BUKIT GELUGOR,,04, ,,,,N.34,,Fasa 4,N.34 - PAYA TERUBONG,40145,3,458,100.28180939005496,5.3889790696406
,,BUKIT GELUGOR,,PAYA TERUBONG,,Galvanize,20,MBPP,Jalan Paya Terubong / Lebuh Rambai 6,1,2,5.3827123,,,TIMOR LAUT,,, , ,Pemantauan Lalulintas dan Keselamatan, ,-,P.051, , ,,,DTL,1,, ,S64,, ,1472688000000,,100.27533055,,07,459,P.051 - BUKIT GELUGOR,,04, ,,,,N.34,,Fasa 4,N.34 - PAYA TERUBONG,40146,3,459,100.27533055011028,5.382712300369779
,,BUKIT GELUGOR,,PAYA TERUBONG,,Galvanize,20,MBPP,Tingkat Paya Terubong 2 dekat dengan pondok bas,1,3,5.37374856,,,TIMOR LAUT,,, , ,Pemantauan Lalulintas dan Keselamatan, ,-,P.051, , ,,,DTL,1,, ,S65,, ,1472688000000,,100.27800322,,07,460,P.051 - BUKIT GELUGOR,,04, ,,,,N.34,,Fasa 4,N.34 - PAYA TERUBONG,40147,4,460,100.27800321980442,5.373748559835213
,,BUKIT GELUGOR,,PAYA TERUBONG,,Galvanize,20,MBPP,Jalan Bukit Kukus dekat dengan Sunmoon CIty,1,2,5.37184098,,,TIMOR LAUT,,, , ,Pemantauan Lalulintas dan Keselamatan, ,-,P.051, , ,,,DTL,1,, ,S66,, ,1472688000000,,100.27774323,,07,461,P.051 - BUKIT GELUGOR,,04, ,,,,N.34,,Fasa 4,N.34 - PAYA TERUBONG,40148,3,461,100.27774323041025,5.371840980247737
,,BUKIT GELUGOR,,PAYA TERUBONG,,Galvanize,20,MBPP,Persimpangan Tingkat Paya Terubong 2/ Tingkat Paya Terubong 3,1,2,5.37006315,,,TIMOR LAUT,,, , ,Pemantauan Lalulintas dan Keselamatan, ,-,P.051, , ,,,DTL,1,, ,S67,, ,1472688000000,,100.27735124,,07,462,P.051 - BUKIT GELUGOR,,04, ,,,,N.34,,Fasa 4,N.34 - PAYA TERUBONG,40149,3,462,100.277351240165,5.370063149629945
,,BUKIT GELUGOR,,PAYA TERUBONG,,Galvanize,20,MBPP,Tingkat Paya Terubong 4 dekat Suria Vista,1,2,5.36712143,,,TIMOR LAUT,,, , ,Pemantauan Lalulintas dan Keselamatan, ,Wireless dari NR4,P.051, , ,,,DTL,1,, ,S68,, ,1472688000000,,100.27543793,,07,463,P.051 - BUKIT GELUGOR,,04, ,,,,N.34,,Fasa 4,N.34 - PAYA TERUBONG,40150,3,463,100.27543792992165,5.367121430029232
,,BUKIT GELUGOR,,PAYA TERUBONG,,Galvanize,20,MBPP,Jalan Paya Terubong depan Green Garden,1,2,5.36693144,,,TIMOR LAUT,,, , ,Pemantauan Lalulintas dan Keselamatan, ,Wireless dari S68,P.051, , ,,,DTL,1,, ,S69,, ,1472688000000,,100.27329291,,07,464,P.051 - BUKIT GELUGOR,,04, ,,,,N.34,,Fasa 4,N.34 - PAYA TERUBONG,40151,3,464,100.27329290967943,5.3669314399147625
,,BUKIT BENDERA,,KEBUN BUNGA,,Galvanize,20,MBPP,Jalan Lembah Permai (Dari Mount Erskine),1,2,5.45356851,,,TIMOR LAUT,,, , ,Pemantauan Lalulintas dan Keselamatan, ,Wireless dari QR08,P.048, , ,,,DTL,1,, ,S70,, ,1472688000000,,100.29807549,,07,465,P.048 - BUKIT BENDERA,,04, ,,,,N.24,,Fasa 4,N.24 - KEBUN BUNGA,40152,3,465,100.29807548970271,5.453568509571947
,,BUKIT BENDERA,,TANJONG BUNGA,,Galvanize,20,MBPP,Jalan Lembah Permai (Exit),1,2,5.4566781,,,TIMOR LAUT,,, , ,Pemantauan Lalulintas dan Keselamatan, ,Wireless dari QR06,P.048, , ,,,DTL,1,, ,S71,, ,1472688000000,,100.29267574,,07,466,P.048 - BUKIT BENDERA,,04, ,,,,N.22,,Fasa 4,N.22 - TANJONG BUNGA,40153,3,466,100.29267573980263,5.456678100266975
,,BUKIT GELUGOR,,PAYA TERUBONG,,Galvanize,20,MBPP,Simpang 3 Jalan Paya Terubong/Jalan Tun Sardon,1,2,5.35562512,,,TIMOR LAUT,,, , ,Pemantauan Lalulintas dan Keselamatan, ,Wireless dari TR03,P.051, , ,,,DTL,1,, ,T1,, ,1531612800000,,100.27137481,,07,467,P.051 - BUKIT GELUGOR,,04, ,,,,N.34,,Fasa 5,N.34 - PAYA TERUBONG,40154,3,467,100.27137480966202,5.355625119588754
,,BALIK PULAU,,BAYAN LEPAS,,Galvanize,20,MBPP,Jalan Tun Sardon (Anjung Indah),1,2,5.35013037,,,BARAT DAYA,,, , ,Pemantauan Lalulintas dan Keselamatan, ,Sambungan Fiber dari TR2,P.053, , ,,,DBD,1,, ,T2,, ,1531612800000,,100.25242136,,07,468,P.053 - BALIK PULAU,,05, ,,,,N.38,,Fasa 5,N.38 - BAYAN LEPAS,50025,3,468,100.25242136043643,5.3501303702131855
,,JELUTONG,,DATOK KERAMAT,,Galvanize,20,MBPP,Jalan Ismail Cik Mat/Smk Abdullah Munshi,1,2,5.40776291,,,TIMOR LAUT,,, , ,Pemantauan Lalulintas dan Keselamatan, ,-,P.050, , ,,,DTL,1,, ,T3,, ,1531612800000,,100.31281813,,07,469,P.050 - JELUTONG,,04, ,,,,N.29,,Fasa 5,N.29 - DATOK KERAMAT,40155,3,469,100.31281813041007,5.407762910136499
,,BALIK PULAU,,PULAU BETONG,,Galvanize,20,MBPP,Jalan Tun Sardon (Tokong Cina),1,2,5.33762787,,,BARAT DAYA,,, , ,Pemantauan Lalulintas dan Keselamatan, ,Wireless dari TR2,P.053, , ,,,DBD,1,, ,T4,, ,1531612800000,,100.23761406,,07,470,P.053 - BALIK PULAU,,05, ,,,,N.39,,Fasa 5,N.39 - PULAU BETONG,50026,3,470,100.23761406038514,5.337627869933056
,,BALIK PULAU,,PULAU BETONG,,Galvanize,20,MBPP,Jalan Tun Sardon (Terminal Bas Rapid),1,2,5.35107428,,,BARAT DAYA,,, , ,Pemantauan Lalulintas dan Keselamatan, ,Sambungan Fiber (Fasa 3),P.053, , ,,,DBD,1,, ,T5,, ,1531612800000,,100.24026979,,07,471,P.053 - BALIK PULAU,,05, ,,,,N.39,,Fasa 5,N.39 - PULAU BETONG,50027,3,471,100.24026979007913,5.351074279941043
,,BALIK PULAU,,PULAU BETONG,,Galvanize,20,MBPP,Jalan Tun Sardon/Lintang Bukit Penara 3 (Cimb Bank/Sjkc Chong Teik),1,2,5.3511848,,,BARAT DAYA,,, , ,Pemantauan Lalulintas dan Keselamatan, ,Sambungan Fiber (Fasa 3),P.053, , ,,,DBD,1,, ,T6,, ,1531612800000,,100.23894088,,07,472,P.053 - BALIK PULAU,,05, ,,,,N.39,,Fasa 5,N.39 - PULAU BETONG,50028,3,472,100.2389408797822,5.351184799560381
,,BALIK PULAU,,PULAU BETONG,,Galvanize,20,MBPP,Jalan Pondok Upih/Jalan Tun Sardon,1,2,5.35116735,,,BARAT DAYA,,, , ,Pemantauan Lalulintas dan Keselamatan, ,Sambungan Fiber (Fasa 3),P.053, , ,,,DBD,1,, ,T7,, ,1531612800000,,100.2368119,,07,473,P.053 - BALIK PULAU,,05, ,,,,N.39,,Fasa 5,N.39 - PULAU BETONG,50029,3,473,100.23681189969146,5.351167350285641
,,BALIK PULAU,,PULAU BETONG,,Galvanize,20,MBPP,Jalan Balik Pulau (Parking Hadapan Kedai Ceria 99),1,2,5.35177665,,,BARAT DAYA,,, , ,Pemantauan Lalulintas dan Keselamatan, ,Sambungan Fiber (Fasa 3),P.053, , ,,,DBD,1,, ,T8,, ,1531612800000,,100.23575365,,07,474,P.053 - BALIK PULAU,,05, ,,,,N.39,,Fasa 5,N.39 - PULAU BETONG,50030,3,474,100.23575364976666,5.351776650265932
,,BALIK PULAU,,PULAU BETONG,,Galvanize,20,MBPP,Jalan Sungai Pinang/Jalan Balik Pulau (Bulatan Agensi Anti Dadah),1,2,5.35075982,,,BARAT DAYA,,, , ,Pemantauan Lalulintas dan Keselamatan, ,Sambungan Fiber (Fasa 3),P.053, , ,,,DBD,1,, ,T9,, ,1531612800000,,100.23497297,,07,475,P.053 - BALIK PULAU,,05, ,,,,N.39,,Fasa 5,N.39 - PULAU BETONG,50031,3,475,100.23497297030133,5.3507598200006345
,,BALIK PULAU,,PULAU BETONG,,Galvanize,20,MBPP,Jalan Paya Kongsi (Park Villey),1,2,5.35230742,,,BARAT DAYA,,, , ,Pemantauan Lalulintas dan Keselamatan, ,Wireless dari TR2,P.053, , ,,,DBD,1,, ,T10,, ,1531612800000,,100.23001452,,07,476,P.053 - BALIK PULAU,,05, ,,,,N.39,,Fasa 5,N.39 - PULAU BETONG,50032,3,476,100.23001451982545,5.352307420328984
,,BALIK PULAU,,TELOK BAHANG,,Galvanize,20,MBPP,Jalan Sungai Pinang/Jalan Bharu/Jalan Sungai Rusa,1,2,5.3654194,,,BARAT DAYA,,, , ,Pemantauan Lalulintas dan Keselamatan, ,Wireless dari TR2,P.053, , ,,,DBD,1,, ,T12,, ,1531612800000,,100.2167084,,07,477,P.053 - BALIK PULAU,,05, ,,,,N.40,,Fasa 5,N.40 - TELOK BAHANG,50033,3,477,100.21670839975788,5.365419400331727
,,BALIK PULAU,,TELOK BAHANG,,Galvanize,20,MBPP,Jalan Sungai Rusa/Jalan Sungai Air Putih (Bandar Baru Air Puteh),1,2,5.37028991,,,BARAT DAYA,,, , ,Pemantauan Lalulintas dan Keselamatan, ,Wireless dari TR2,P.053, , ,,,DBD,1,, ,T13,, ,1531612800000,,100.2160272,,07,478,P.053 - BALIK PULAU,,05, ,,,,N.40,,Fasa 5,N.40 - TELOK BAHANG,50034,3,478,100.21602719959992,5.370289910356414
,,BALIK PULAU,,PULAU BETONG,,Galvanize,20,MBPP,Jalan Bharu/Jalan Sungai Nipah,1,2,5.33522618,,,BARAT DAYA,,, , ,Pemantauan Lalulintas dan Keselamatan, ,Wireless dari T21,P.053, , ,,,DBD,1,, ,T15,, ,1531612800000,,100.2067116,,07,479,P.053 - BALIK PULAU,,05, ,,,,N.39,,Fasa 5,N.39 - PULAU BETONG,50035,3,479,100.20671160011196,5.335226179562056
,,BALIK PULAU,,PULAU BETONG,,Galvanize,20,MBPP,Kem Bina Negara Balik Pulau (Pekan Pulau Betong),1,2,5.30512514,,,BARAT DAYA,,, , ,Pemantauan Lalulintas dan Keselamatan, ,Wireless dari TR2,P.053, , ,,,DBD,1,, ,T16,, ,1531612800000,,100.19473335,,07,480,P.053 - BALIK PULAU,,05, ,,,,N.39,,Fasa 5,N.39 - PULAU BETONG,50036,3,480,100.19473334974418,5.305125139671699
,,BALIK PULAU,,PULAU BETONG,,Galvanize,20,MBPP,Hadapan Kompleks Sukan Balik Pulau,1,2,5.33969497,,,BARAT DAYA,,, , ,Pemantauan Lalulintas dan Keselamatan, ,Wireless dari TR2,P.053, , ,,,DBD,1,, ,T17,, ,1531612800000,,100.21343254,,07,481,P.053 - BALIK PULAU,,05, ,,,,N.39,,Fasa 5,N.39 - PULAU BETONG,50037,3,481,100.21343253964491,5.339694970166309
,,BALIK PULAU,,PULAU BETONG,,Galvanize,20,MBPP,Jalan Balik Pulau (Kedai Perniagaan One Eight),1,2,5.33368243,,,BARAT DAYA,,, , ,Pemantauan Lalulintas dan Keselamatan, ,Sambungan Fiber (Fasa 3),P.053, , ,,,DBD,1,, ,T18,, ,1531612800000,,100.21710814,,07,482,P.053 - BALIK PULAU,,05, ,,,,N.39,,Fasa 5,N.39 - PULAU BETONG,50038,3,482,100.21710813994473,5.333682429772267
,,BALIK PULAU,,PULAU BETONG,,Galvanize,20,MBPP,Jalan Balik Pulau (Masjid Daerah Barat Daya),1,2,5.3398823,,,BARAT DAYA,,, , ,Pemantauan Lalulintas dan Keselamatan, ,Sambungan Fiber (Fasa 3),P.053, , ,,,DBD,1,, ,T19,, ,1531612800000,,100.22369914,,07,483,P.053 - BALIK PULAU,,05, ,,,,N.39,,Fasa 5,N.39 - PULAU BETONG,50039,3,483,100.2236991398269,5.339882300363872
,,BALIK PULAU,,PULAU BETONG,,Galvanize,20,MBPP,Jalan Pondok Upih (Hadapan Mrsm),1,2,5.33235826,,,BARAT DAYA,,, , ,Pemantauan Lalulintas dan Keselamatan, ,Wireless dari TR2,P.053, , ,,,DBD,1,, ,T20,, ,1531612800000,,100.22681641,,07,484,P.053 - BALIK PULAU,,05, ,,,,N.39,,Fasa 5,N.39 - PULAU BETONG,50040,3,484,100.22681640986087,5.332358260194926
,,BALIK PULAU,,PULAU BETONG,,Galvanize,20,MBPP,Jalan Balik Pulau,1,2,5.32192606,,,BARAT DAYA,,, , ,Pemantauan Lalulintas dan Keselamatan, ,Sambungan Fiber (Fasa 3),P.053, , ,,,DBD,1,, ,T21,, ,1531612800000,,100.2237146,,07,485,P.053 - BALIK PULAU,,05, ,,,,N.39,,Fasa 5,N.39 - PULAU BETONG,50041,3,485,100.22371460012153,5.321926059980327
,,BAYAN BARU,,PANTAI JEREJAK,,Galvanize,20,MBPP,Hadapan S.J.K (C) Kwang Hwa,2,2,5.3355775,,,TIMOR LAUT,,, , ,Pemantauan Lalulintas dan Keselamatan, ,-,P.052, , ,,,DBD,1,, ,T22,, ,1531612800000,,100.29667863,,07,486,P.052 - BAYAN BARU,,04, ,,,,N.36,,Fasa 5,N.36 - PANTAI JEREJAK,40156,3,486,100.29667863010515,5.335577500019189
,,BAYAN BARU,,BATU MAUNG,,Galvanize,20,MBPP,Persimpangan Jalan Batu Maung/Lintang Batu Maung,1,2,5.28846433,,,BARAT DAYA,,, , ,Pemantauan Lalulintas dan Keselamatan, ,Wireless dari T27,P.052, , ,,,DBD,1,, ,T26,, ,1531612800000,,100.28197013,,07,487,P.052 - BAYAN BARU,,05, ,,,,N.37,,Fasa 5,N.37 - BATU MAUNG,50042,3,487,100.28197012970251,5.28846433032845
,,BAYAN BARU,,BATU MAUNG,,Galvanize,20,MBPP,Persimpangan Jalan Batu Maung/Jalan Baru Batu Maung,1,2,5.29062333,,,BARAT DAYA,,, , ,Pemantauan Lalulintas dan Keselamatan, ,Wireless dari T29,P.052, , ,,,DBD,1,, ,T27,, ,1531612800000,,100.27825499,,07,488,P.052 - BAYAN BARU,,05, ,,,,N.37,,Fasa 5,N.37 - BATU MAUNG,50043,3,488,100.27825499015913,5.290623329842872
,,BAYAN BARU,,BATU MAUNG,,Galvanize,20,MBPP,Lebuhraya Tun Dr Lik Chong Eu/Persiaran Bayan Lepas,1,2,5.29209413,,,BARAT DAYA,,, , ,Pemantauan Lalulintas dan Keselamatan, ,Wireless dari TR5,P.052, , ,,,DBD,1,, ,T28,, ,1531612800000,,100.29082052,,07,489,P.052 - BAYAN BARU,,05, ,,,,N.37,,Fasa 5,N.37 - BATU MAUNG,50044,3,489,100.29082052005406,5.292094130326496
,,BAYAN BARU,,BATU MAUNG,,Galvanize,20,MBPP,Lintang Bayan Lepas/Lintang Bayan Lepas 2,1,2,5.29857105,,,BARAT DAYA,,, , ,Pemantauan Lalulintas dan Keselamatan, ,Wireless dari TR5,P.052, , ,,,DBD,1,, ,T29,, ,1531612800000,,100.28899191,,07,490,P.052 - BAYAN BARU,,05, ,,,,N.37,,Fasa 5,N.37 - BATU MAUNG,50045,3,490,100.28899191004307,5.298571050369817
,,BAYAN BARU,,BATU MAUNG,,Galvanize,20,MBPP,Lintang Bayan Lepas/Hilir Sungai Keluang 1,1,2,5.30330695,,,BARAT DAYA,,, , ,Pemantauan Lalulintas dan Keselamatan, ,Wireless dari TR5,P.052, , ,,,DBD,1,, ,T30,, ,1531612800000,,100.29228731,,07,491,P.052 - BAYAN BARU,,05, ,,,,N.37,,Fasa 5,N.37 - BATU MAUNG,50046,3,491,100.29228731020316,5.3033069502463785
,,BAYAN BARU,,BATU MAUNG,,Galvanize,20,MBPP,Hilir Sungai Keluang 2/Hilir Sungai Keluang 1,1,2,5.30543746,,,BARAT DAYA,,, , ,Pemantauan Lalulintas dan Keselamatan, ,Wireless dari T30,P.052, , ,,,DBD,1,, ,T31,, ,1531612800000,,100.29061873,,07,492,P.052 - BAYAN BARU,,05, ,,,,N.37,,Fasa 5,N.37 - BATU MAUNG,50047,3,492,100.29061873032953,5.305437460277696
,,BAYAN BARU,,BATU MAUNG,,Galvanize,20,MBPP,Hilir Sungai Keluang 3/Hilir Sungai Keluang 4,1,2,5.30464318,,,BARAT DAYA,,, , ,Pemantauan Lalulintas dan Keselamatan, ,Wireless dari T30,P.052, , ,,,DBD,1,, ,T32,, ,1531612800000,,100.29426114,,07,493,P.052 - BAYAN BARU,,05, ,,,,N.37,,Fasa 5,N.37 - BATU MAUNG,50048,3,493,100.29426113971103,5.304643179657341
,,BAYAN BARU,,BATU MAUNG,,Galvanize,20,MBPP,Hilir Sungai Keluang 2/Hilir Sungai Keluang 4,1,2,5.30914411,,,BARAT DAYA,,, , ,Pemantauan Lalulintas dan Keselamatan, ,Wireless dari T31,P.052, , ,,,DBD,1,, ,T33,, ,1531612800000,,100.294948,,07,494,P.052 - BAYAN BARU,,05, ,,,,N.37,,Fasa 5,N.37 - BATU MAUNG,50049,3,494,100.29494800011022,5.309144109961659
,,BAYAN BARU,,BATU MAUNG,,Galvanize,20,MBPP,Lorong Sungai Tiram 1/Lorong Sungai Tiram,1,2,5.30933254,,,BARAT DAYA,,, , ,Pemantauan Lalulintas dan Keselamatan, ,Wireless dari LR2,P.052, , ,,,DBD,1,, ,T34,, ,1531612800000,,100.28080456,,07,495,P.052 - BAYAN BARU,,05, ,,,,N.37,,Fasa 5,N.37 - BATU MAUNG,50050,3,495,100.28080455986701,5.309332540242006
,,BAYAN BARU,,PANTAI JEREJAK,,Galvanize,20,MBPP,Persimpangan Jalan Kampung Jawa/Lebuhraya Tun Dr. Lim Chong Eu,1,2,5.32304939,,,BARAT DAYA,,, , ,Pemantauan Lalulintas dan Keselamatan, ,Sambungan Fiber (Fasa 1),P.052, , ,,,DBD,1,, ,T35,, ,1531612800000,,100.30317361,,07,496,P.052 - BAYAN BARU,,05, ,,,,N.36,,Fasa 5,N.36 - PANTAI JEREJAK,50051,3,496,100.30317361000728,5.323049390208241
,,BAYAN BARU,,BATU MAUNG,,Galvanize,20,MBPP,Jalan Tun Dr Awang/Persiaran Paya Terubong 5/Jalan Dato Ismail Hashim,1,3,5.32997584,,,BARAT DAYA,,, , ,Pemantauan Lalulintas dan Keselamatan, ,Wireless dari N25,P.052, , ,,,DBD,1,, ,T36,, ,1531612800000,,100.27698416,,07,497,P.052 - BAYAN BARU,,05, ,,,,N.37,,Fasa 5,N.37 - BATU MAUNG,50052,4,497,100.27698416004415,5.329975839956027
,,BAYAN BARU,,BATU UBAN,,Galvanize,20,MBPP,Jalan Bukit Gambir Depan Pintu Masuk Usm,1,2,5.35456695,,,TIMOR LAUT,,, , ,Pemantauan Lalulintas dan Keselamatan, ,Wireless dari T38,P.052, , ,,,DTL,1,, ,T37,, ,1531612800000,,100.29285547,,07,498,P.052 - BAYAN BARU,,04, ,,,,N.35,,Fasa 5,N.35 - BATU UBAN,40157,3,498,100.29285547016862,5.354566949829913
,,BAYAN BARU,,BATU UBAN,,Galvanize,20,MBPP,Simpang Jalan Sultan Azlan Shah/Jalan Sungai Dua,1,3,5.35344236,,,TIMOR LAUT,,, , ,Pemantauan Lalulintas dan Keselamatan, ,Wireless dari S15,P.052, , ,,,DTL,1,, ,T38,, ,1531612800000,,100.30696139,,07,499,P.052 - BAYAN BARU,,04, ,,,,N.35,,Fasa 5,N.35 - BATU UBAN,40158,4,499,100.30696138955814,5.353442359556967
,,JELUTONG,,BATU LANCANG,,-,,MBPP,Bulatan Udini (250M Scanning For Fibre),1,0,5.380183,,,TIMOR LAUT,,, , ,Pemantauan Lalulintas dan Keselamatan, ,-,P.050, , ,,,DTL,4,, ,T39,, ,1531612800000,,100.307644,,07,500,P.050 - JELUTONG,,04, ,,,,N.31,,Fasa 5,N.31 - BATU LANCANG,40159,4,500,100.30764400031948,5.380182999788881
,,JELUTONG,,BATU LANCANG,,Galvanize,20,MBPP,Jalan Panchor Berhampiran Dengan Apartment,1,2,5.394025,,,TIMOR LAUT,,, , ,Pemantauan Lalulintas dan Keselamatan, ,-,P.050, , ,,,DTL,1,, ,T40,, ,1531612800000,,100.312911,,07,501,P.050 - JELUTONG,,04, ,,,,N.31,,Fasa 5,N.31 - BATU LANCANG,40160,3,501,100.31291100032848,5.394024999828073
,,JELUTONG,,BATU LANCANG,,Galvanize,20,MBPP,Jalan Perak/Jalan Lenggong/Jalan Van Praagh,1,2,5.39631904,,,TIMOR LAUT,,, , ,Pemantauan Lalulintas dan Keselamatan, ,-,P.050, , ,,,DTL,1,, ,T41,, ,1531612800000,,100.31468759,,07,502,P.050 - JELUTONG,,04, ,,,,N.31,,Fasa 5,N.31 - BATU LANCANG,40161,3,502,100.31468759008125,5.396319039846301
,,JELUTONG,,BATU LANCANG,,Galvanize,20,MBPP,Jalan Jelutong/Jalan Lenggong,1,2,5.39552177,,,TIMOR LAUT,,, , ,Pemantauan Lalulintas dan Keselamatan, ,-,P.050, , ,,,DTL,1,, ,T42,, ,1531612800000,,100.31722865,,07,503,P.050 - JELUTONG,,04, ,,,,N.31,,Fasa 5,N.31 - BATU LANCANG,40162,3,503,100.31722865009735,5.39552177036331
,,JELUTONG,,DATOK KERAMAT,,Galvanize,20,MBPP,Jalan Terengganu Dekat Medan Selera Taman Free School (Padang),1,2,5.40335326,,,TIMOR LAUT,,, , ,Pemantauan Lalulintas dan Keselamatan, ,-,P.050, , ,,,DTL,1,, ,T43,, ,1531612800000,,100.3092415,,07,504,P.050 - JELUTONG,,04, ,,,,N.29,,Fasa 5,N.29 - DATOK KERAMAT,40163,3,504,100.30924149977854,5.4033532599407845
,,JELUTONG,,DATOK KERAMAT,,Galvanize,20,MBPP,Jalan P.Ramlee/Jalan Sg. Pinang/Jalan Perak,1,3,5.40967702,,,TIMOR LAUT,,, , ,Pemantauan Lalulintas dan Keselamatan, ,-,P.050, , ,,,DTL,1,, ,T44,, ,1531612800000,,100.31613469,,07,505,P.050 - JELUTONG,,04, ,,,,N.29,,Fasa 5,N.29 - DATOK KERAMAT,40164,4,505,100.31613469035952,5.409677020212856
,,JELUTONG,,DATOK KERAMAT,,Galvanize,20,MBPP,Jalan Dato Keramat/Jalan Air Itam/Jalan Perak,1,2,5.41274222,,,TIMOR LAUT,,, , ,Pemantauan Lalulintas dan Keselamatan, ,-,P.050, , ,,,DTL,1,, ,T45,, ,1531612800000,,100.31599146,,07,506,P.050 - JELUTONG,,04, ,,,,N.29,,Fasa 5,N.29 - DATOK KERAMAT,40165,3,506,100.31599145996475,5.41274221995918
,,TANJONG,,KOMTAR,,-,,MBPP,Komtar Interchange,1,0,5.41406061,,,TIMOR LAUT,,, , ,Pemantauan Lalulintas dan Keselamatan, ,Sambungan Fiber sedia ada,P.049, , ,,,DTL,3,, ,T46,, ,1531612800000,,100.32996715,,07,507,P.049 - TANJONG,,04, ,,,,N.28,,Fasa 5,N.28 - KOMTAR,40166,3,507,100.32996714992511,5.414060610148267
,,TANJONG,,PENGKALAN KOTA,,Galvanize,20,MBPP,Pengkalan Weld Quay/Gat Jalan Prangin,1,3,5.41027943,,,TIMOR LAUT,,, , ,Pemantauan Lalulintas dan Keselamatan, ,Sambungan Fiber (fasa 1),P.049, , ,,,DTL,1,, ,T47,, ,1531612800000,,100.33504519,,07,508,P.049 - TANJONG,,04, ,,,,N.27,,Fasa 5,N.27 - PENGKALAN KOTA,40167,4,508,100.33504519032468,5.410279429771622
,,TANJONG,,PADANG KOTA,,Galvanize,15,MBPP,Dewan Undangai Negeri (Dun) 1,1,2,5.41964715,,,TIMOR LAUT,,, , ,Pemantauan Lalulintas dan Keselamatan, ,Wireless dari L19,P.049, , ,,,DTL,1,, ,T48,, ,1531612800000,,100.34334362,,07,509,P.049 - TANJONG,,04, ,,,,N.26,,Fasa 5,N.26 - PADANG KOTA,40168,3,509,100.34334361995639,5.419647150450294
,,TANJONG,,PADANG KOTA,,Galvanize,15,MBPP,Dewan Undangai Negeri (Dun) 2,1,2,5.41980729,,,TIMOR LAUT,,, , ,Pemantauan Lalulintas dan Keselamatan, ,Wireless dari L19,P.049, , ,,,DTL,1,, ,T49,, ,1531612800000,,100.34295048,,07,510,P.049 - TANJONG,,04, ,,,,N.26,,Fasa 5,N.26 - PADANG KOTA,40169,3,510,100.342950480445,5.419807289914539
,,TANJONG,,PADANG KOTA,,Galvanize,20,MBPP,Persimpangan Jalan Transfer/Jalan Argyll,1,3,5.42131545,,,TIMOR LAUT,,, , ,Pemantauan Lalulintas dan Keselamatan, ,Wireless dari IPK,P.049, , ,,,DTL,1,, ,T50,, ,1531612800000,,100.33093868,,07,511,P.049 - TANJONG,,04, ,,,,N.26,,Fasa 5,N.26 - PADANG KOTA,40170,4,511,100.33093867999669,5.421315450176895
,,TANJONG,,PADANG KOTA,,Galvanize,20,MBPP,Jalan Sultan Ahmad Shah/Jalan Transfer,1,2,5.42359702,,,TIMOR LAUT,,, , ,Pemantauan Lalulintas dan Keselamatan, ,Sambungan Fiber (fasa 2),P.049, , ,,,DTL,1,, ,T51,, ,1531612800000,,100.33168378,,07,512,P.049 - TANJONG,,04, ,,,,N.26,,Fasa 5,N.26 - PADANG KOTA,40171,3,512,100.33168378000555,5.423597019598321
,,JELUTONG,,DATOK KERAMAT,,Galvanize,20,MBPP,Jalan Terengganu/Jalan P.Ramlee,1,2,5.40643356,,,TIMOR LAUT,,, , ,Pemantauan Lalulintas dan Keselamatan, ,-,P.050, , ,,,DTL,1,, ,T52,, ,1531612800000,,100.30880657,,07,513,P.050 - JELUTONG,,04, ,,,,N.29,,Fasa 5,N.29 - DATOK KERAMAT,40172,3,513,100.30880656979669,5.406433560140369
,,BUKIT BENDERA,,PULAU TIKUS,,Galvanize,20,MBPP,Jalan Burma/Lorong Burma,1,2,5.43044616,,,TIMOR LAUT,,, , ,Pemantauan Lalulintas dan Keselamatan, ,-,P.048, , ,,,DTL,1,, ,T53,, ,1531612800000,,100.31286876,,07,514,P.048 - BUKIT BENDERA,,04, ,,,,N.25,,Fasa 5,N.25 - PULAU TIKUS,40173,3,514,100.31286876029131,5.430446160306902
,,BUKIT BENDERA,,PULAU TIKUS,,Galvanize,20,MBPP,Persimpangan Persiaran Kuari/Lengkok Jesselton,1,3,5.42585563,,,TIMOR LAUT,,, , ,Pemantauan Lalulintas dan Keselamatan, ,-,P.048, , ,,,DTL,1,, ,T54,, ,1531612800000,,100.30184067,,07,515,P.048 - BUKIT BENDERA,,04, ,,,,N.25,,Fasa 5,N.25 - PULAU TIKUS,40174,4,515,100.30184067033076,5.425855630185793
,,BUKIT BENDERA,,KEBUN BUNGA,,Galvanize,20,MBPP,Persimpangan Persiaran Kuari/Taman Belia,1,2,5.42889475,,,TIMOR LAUT,,, , ,Pemantauan Lalulintas dan Keselamatan, ,-,P.048, , ,,,DTL,1,, ,T55,, ,1531612800000,,100.29769351,,07,516,P.048 - BUKIT BENDERA,,04, ,,,,N.24,,Fasa 5,N.24 - KEBUN BUNGA,40175,3,516,100.29769350964484,5.4288947497925175
,,BUKIT BENDERA,,KEBUN BUNGA,,Galvanize,20,MBPP,Persimpangan Kuari Berdekatan Dengan Tempat Letak Kereta,1,1,5.43060907,,,TIMOR LAUT,,, , ,Pemantauan Lalulintas dan Keselamatan, ,-,P.048, , ,,,DTL,1,, ,T56,, ,1531612800000,,100.29754903,,07,517,P.048 - BUKIT BENDERA,,04, ,,,,N.24,,Fasa 5,N.24 - KEBUN BUNGA,40176,2,517,100.29754902988738,5.430609070295822
,,BUKIT BENDERA,,KEBUN BUNGA,,Galvanize,20,MBPP,Persiaran Kuari (Padang),1,2,5.43011698,,,TIMOR LAUT,,, , ,Pemantauan Lalulintas dan Keselamatan, ,-,P.048, , ,,,DTL,1,, ,T57,, ,1531612800000,,100.29823952,,07,518,P.048 - BUKIT BENDERA,,04, ,,,,N.24,,Fasa 5,N.24 - KEBUN BUNGA,40177,3,518,100.29823951977664,5.430116979548631
,,BUKIT BENDERA,,KEBUN BUNGA,,Galvanize,20,MBPP,Persimpangan Jalan Kebun Bungah/Persiaran Kuari,1,2,5.43321351,,,TIMOR LAUT,,, , ,Pemantauan Lalulintas dan Keselamatan, ,-,P.048, , ,,,DTL,1,, ,T58,, ,1531612800000,,100.29731572,,07,519,P.048 - BUKIT BENDERA,,04, ,,,,N.24,,Fasa 5,N.24 - KEBUN BUNGA,40178,3,519,100.29731572011514,5.4332135103269605
,,BUKIT BENDERA,,KEBUN BUNGA,,Galvanize,20,MBPP,Kebun Bungah Hadapan Parking,1,2,5.43655847,,,TIMOR LAUT,,, , ,Pemantauan Lalulintas dan Keselamatan, ,-,P.048, , ,,,DTL,1,, ,T59,, ,1531612800000,,100.29155887,,07,520,P.048 - BUKIT BENDERA,,04, ,,,,N.24,,Fasa 5,N.24 - KEBUN BUNGA,40179,3,520,100.29155887016717,5.43655846984219
,,BUKIT BENDERA,,PULAU TIKUS,,Galvanize,20,MBPP,Rizab Sungai Jalan Bagan Jemai 1,1,2,5.439994,,,TIMOR LAUT,,, , ,Pemantauan Lalulintas dan Keselamatan, ,Wireless dari S49,P.048, , ,,,DTL,1,, ,T60,, ,1531612800000,,100.306517,,07,521,P.048 - BUKIT BENDERA,,04, ,,,,N.25,,Fasa 5,N.25 - PULAU TIKUS,40180,3,521,100.30651699973542,5.4399940003297464
,,BUKIT BENDERA,,PULAU TIKUS,,Galvanize,20,MBPP,Rizab Sungai Jalan Bagan Jemai 2,1,2,5.43952248,,,TIMOR LAUT,,, , ,Pemantauan Lalulintas dan Keselamatan, ,Wireless dari T60,P.048, , ,,,DTL,1,, ,T61,, ,1531612800000,,100.30617481,,07,522,P.048 - BUKIT BENDERA,,04, ,,,,N.25,,Fasa 5,N.25 - PULAU TIKUS,40181,3,522,100.30617480982697,5.4395224802914
,,BUKIT BENDERA,,KEBUN BUNGA,,Galvanize,20,MBPP,Jalan Lembah Permai/Jalan Fettes/Lebuhraya Halia/Jalan Mount Eraskine,1,2,5.45260384,,,TIMOR LAUT,,, , ,Pemantauan Lalulintas dan Keselamatan, ,Wireless dari QR8,P.048, , ,,,DTL,1,, ,T62,, ,1531612800000,,100.30206526,,07,523,P.048 - BUKIT BENDERA,,04, ,,,,N.24,,Fasa 5,N.24 - KEBUN BUNGA,40182,3,523,100.30206526043618,5.452603840371466
,,BUKIT BENDERA,,TANJONG BUNGA,,Galvanize,20,MBPP,Lorong Abbas 1,1,2,5.46492237,,,TIMOR LAUT,,, , ,Pemantauan Lalulintas dan Keselamatan, ,Wireless dari T64,P.048, , ,,,DTL,0,, ,T63,, ,1531612800000,,100.3001014,,07,524,P.048 - BUKIT BENDERA,,04, ,,,,N.22,,Fasa 5,N.22 - TANJONG BUNGA,40183,2,524,100.30010140040147,5.464922369872134
,,BUKIT BENDERA,,TANJONG BUNGA,,Galvanize,20,MBPP,Lorong Abbas 2 (Pantai),0,2,5.46546316,,,,,, , ,Pemantauan Lalulintas dan Keselamatan, ,Wireless dari QR7,P.048, , ,,,DTL,0,, ,T64,, ,1531612800000,,100.29986461,,,525,P.048 - BUKIT BENDERA,,, ,,,,N.22,,Fasa 5,N.22 - TANJONG BUNGA,,2,525,100.29986461017418,5.465463160086941
,,BALIK PULAU,,TELOK BAHANG,,Galvanize,20,MBPP,Bulatan Jalan Hassan Abbas/Jalan Teluk Bahang,1,3,5.45768182,,,BARAT DAYA,,, , ,Pemantauan Lalulintas dan Keselamatan, ,Wireless dari TR6,P.053, , ,,,DBD,1,, ,T65,, ,1531612800000,,100.21457695,,07,526,P.053 - BALIK PULAU,,05, ,,,,N.40,,Fasa 5,N.40 - TELOK BAHANG,50053,4,526,100.2145769500736,5.4576818198678225
,,BAYAN BARU,,PANTAI JEREJAK,,-,,MBPP,Market Bayan Baru,1,0,5.32430514,,,BARAT DAYA,,, , ,Pemantauan Lalulintas dan Keselamatan, ,Wireless dari S07,P.052, , ,,,DBD,3,, ,T67,, ,1531612800000,,100.28707631,,07,527,P.052 - BAYAN BARU,,05, ,,,,N.36,,Fasa 5,N.36 - PANTAI JEREJAK,50054,3,527,100.28707630961094,5.324305140072755
,,JELUTONG,,SUNGAI PINANG,,Galvanize,20,MBPP,Jalan Jelutong/Lorong Perak,1,2,5.39881972,,,TIMOR LAUT,,, , ,Pemantauan Lalulintas dan Keselamatan, ,-,P.050, , ,,,DTL,1,, ,T68,, ,1531612800000,,100.32074243,,07,528,P.050 - JELUTONG,,04, ,,,,N.30,,Fasa 5,N.30 - SUNGAI PINANG,40184,3,528,100.32074243035903,5.398819719843132
,,JELUTONG,,SUNGAI PINANG,,-,,MBPP,Jalan Perusahaan Jelutong / Lebuhraya Tun Dr. Lim Chong Eu,1,1,5.39457225,,,TIMOR LAUT,,, , ,Pemantauan Lalulintas dan Keselamatan, ,Sambungan fiber (fasa 1),P.050, , ,,,DTL,1,, ,S21,, ,1531612800000,,100.32262636,,07,529,P.050 - JELUTONG,,04, ,,,,N.30,,Fasa 5 (Dipasang pada tiang sediada),N.30 - SUNGAI PINANG,40185,2,529,100.32262636035756,5.3945722502931615
,,TANJONG,,PENGKALAN KOTA,,-,,MBPP,Simpang Gat Lebuh Macallum / Lintang Lebuh Macallum,1,1,5.40798911,,,TIMOR LAUT,,, , ,Pemantauan Lalulintas dan Keselamatan, ,Sambungan fiber (fasa 1),P.049, , ,,,DTL,0,, ,S23,, ,1531612800000,,100.33224632,,07,530,P.049 - TANJONG,,04, ,,,,N.27,,Fasa 5 (Dipasang pada tiang sediada),N.27 - PENGKALAN KOTA,40186,1,530,100.33224632001485,5.407989110323351
,,TANJONG,,PENGKALAN KOTA,,-,,MBPP,Pengkalan Weld / Kawasan Luar Terminal Feri,1,0,5.41481709,,,TIMOR LAUT,,, , ,Pemantauan Lalulintas dan Keselamatan, ,Wireless dari LR4,P.049, , ,,,DTL,1,, ,S28,, ,1531612800000,,100.3423323,,07,531,P.049 - TANJONG,,04, ,,,,N.27,,Fasa 5 (Dipasang pada tiang sediada),N.27 - PENGKALAN KOTA,40187,1,531,100.34233230037945,5.4148170900375305
,,TANJONG,,KOMTAR,,-,,MBPP,Simpang Jalan Penang / Lebuh Dickens / Ibu Pejabat Polis Kontinjen,1,1,5.41847512,,,TIMOR LAUT,,, , ,Pemantauan Lalulintas dan Keselamatan, ,Wireless dari N01,P.049, , ,,,DTL,1,, ,S39,, ,1531612800000,,100.33136727,,07,532,P.049 - TANJONG,,04, ,,,,N.28,,Fasa 5 (Dipasang pada tiang sediada),N.28 - KOMTAR,40188,2,532,100.33136726959188,5.4184751196076935
,,TANJONG,,KOMTAR,,-,,MBPP,Jejantas Octopus,1,3,5.41677863,,,TIMOR LAUT,,, , ,Pemantauan Lalulintas dan Keselamatan, ,Sambungan Fiber Optik sedia ada,P.049, , ,,,DTL,0,, ,OCT,, ,1531612800000,,100.33014797,,07,533,P.049 - TANJONG,,04, ,,,,N.28,,Fasa 5,N.28 - KOMTAR,40189,3,533,100.3301479701748,5.4167786301190395
,,BALIK PULAU,,PULAU BETONG,,Galvanize,20,MBPP,Jalan Sungai Rusa (Sek Keb Titi Teras),1,2,5.35901724,,,BARAT DAYA,,, , ,Pemantauan Lalulintas dan Keselamatan, ,Wireless dari TR2,P.053, , ,,,DBD,1,, ,T11,, ,1531612800000,,100.22441211,,07,534,P.053 - BALIK PULAU,,05, ,,,,N.39,,Fasa 5,N.39 - PULAU BETONG,50055,3,534,100.22441210966696,5.359017239953243
,,BUKIT GELUGOR,,SERI DELIMA,,-,,MBPP,Jalan Lembah Hilir Pemancar,1,1,5.37373084,,,TIMOR LAUT,,, , ,Pemantauan Lalulintas dan Keselamatan, ,-,P.051, , ,,,DTL,1,, ,SR02,, ,1531612800000,,100.30704828,,07,535,P.051 - BUKIT GELUGOR,,04, ,,,,N.32,,Fasa 5 (Dipasang pada tiang sediada),N.32 - SERI DELIMA,40190,2,535,100.3070482796051,5.37373084027675
,,BUKIT BENDERA,,TANJONG BUNGA,,-,,MBPP,Jalan Batu Ferringgi Hadapan Bayu Ferringgi,1,1,5.47954067,,,TIMOR LAUT,,, , ,Pemantauan Lalulintas dan Keselamatan, ,Sambungan fiber (fasa 2),P.048, , ,,,DTL,0,, ,QR02,, ,1531612800000,,100.2557066,,07,536,P.048 - BUKIT BENDERA,,04, ,,,,N.22,,Fasa 5 (Dipasang pada tiang sediada),N.22 - TANJONG BUNGA,40191,1,536,100.25570660023405,5.479540670399955
,,BUKIT BENDERA,,TANJONG BUNGA,,-,,MBPP,Jalan Batu Ferringgi Hadapan Double Tree Resort,1,1,5.47825319,,,TIMOR LAUT,,, , ,Pemantauan Lalulintas dan Keselamatan, ,Sambungan fiber (fasa 2),P.048, , ,,,DTL,0,, ,QR04,, ,1531612800000,,100.26883975,,07,537,P.048 - BUKIT BENDERA,,04, ,,,,N.22,,Fasa 5 (Dipasang pada tiang sediada),N.22 - TANJONG BUNGA,40192,1,537,100.26883975036424,5.478253189890273
,,BAYAN BARU,,BATU MAUNG,,Galvanize,20,MBPP,Jalan Permatang Damar Laut (Kampung Binjai) (Sungai Bayan Lepas),1,2,5.282558,,,BARAT DAYA,,, , ,Pemantauan Lalulintas dan Keselamatan, ,Sambungan fiber (fasa 3),P.052, , ,,,DBD,1,, ,U1,, ,1563148800000,,100.258214,,07,538,P.052 - BAYAN BARU,,05, ,,,,N.37,,FASA 6,N.37 - BATU MAUNG,50056,3,538,100.25821400002543,5.282558000219133
,,BAYAN BARU,,BATU MAUNG,,Galvanize,20,MBPP,Lebuhraya Batu Maung,1,2,5.285258,,,BARAT DAYA,,, , ,Pemantauan Lalulintas dan Keselamatan, ,Wireless dari T26,P.052, , ,,,DBD,1,, ,U2,, ,1563148800000,,100.282014,,07,539,P.052 - BAYAN BARU,,05, ,,,,N.37,,FASA 6,N.37 - BATU MAUNG,50057,3,539,100.28201400044863,5.2852579998395575
,,BALIK PULAU,,BAYAN LEPAS,,Dipasang pada L24,,MBPP,"Lapangan Terbang Pulau Pinang (Tiang Cctv Sedia Ada, L24)",1,2,5.295619,,,BARAT DAYA,,, , ,Pemantauan Lalulintas dan Keselamatan, ,-,P.053, , ,,,DBD,0,, ,U3,, ,1563148800000,,100.266714,,07,540,P.053 - BALIK PULAU,,05, ,,,,N.38,,FASA 6,N.38 - BAYAN LEPAS,50058,2,540,100.26671399986078,5.2956189998963366
,,BALIK PULAU,,BAYAN LEPAS,,Jejantas,,MBPP,Jalan Sultan Azlan Shah Menghala Airport (Papan Tanda Lalulintas / Jejantas Pejalan Kaki),1,6,5.297753,,,BARAT DAYA,,, , ,Pemantauan Lalulintas dan Keselamatan, ,-,P.053, , ,,,DBD,0,, ,U4,, ,1563148800000,,100.269575,,07,541,P.053 - BALIK PULAU,,05, ,,,,N.38,,FASA 6,N.38 - BAYAN LEPAS,50059,6,541,100.26957500005557,5.297752999784897
,,JELUTONG,,SUNGAI PINANG,,Galvanize,20,MBPP,Jalan Perak / Jalan Free School,1,2,5.403111,,,TIMOR LAUT,,, , ,Pemantauan Lalulintas dan Keselamatan, ,-,P.050, , ,,,DTL,1,, ,U5,, ,1563148800000,,100.315381,,07,542,P.050 - JELUTONG,,04, ,,,,N.30,,FASA 6,N.30 - SUNGAI PINANG,40193,3,542,100.31538099980801,5.403110999790884
,,,,,, ,,MBPP,Terminal Feri Pangkalan Raja Tun Uda,0,8,5.413867,,,,,, , ,Pemantauan Lalulintas dan Keselamatan, ,Wireless dari LR4,, , ,,,,0,,Heritage - Buffer Zone,U6,, ,1563148800000,,100.342997,,,543,,,, ,,,,,,FASA 6,,,8,543,100.34299699963273,5.413866999570449
,,BAYAN BARU,,BATU UBAN,,Galvanize,20,MBPP,Lebuhraya Tun Dr Lim Chong Eu / Jalan Batu Uban,1,2,5.349736,,,TIMOR LAUT,,, , ,Pemantauan Lalulintas dan Keselamatan, ,Wireless dari UR1,P.052, , ,,,DTL,1,, ,U7,, ,1563148800000,,100.309414,,07,544,P.052 - BAYAN BARU,,04, ,,,,N.35,,FASA 6,N.35 - BATU UBAN,40194,3,544,100.3094140004121,5.349736000400072
,,TANJONG,,KOMTAR,,Galvanize,20,MBPP,Jalan Lim Eow Thoon / Jalan Nirwana,1,2,5.417678,,,TIMOR LAUT,,, , ,Pemantauan Lalulintas dan Keselamatan, ,-,P.049, , ,,,DTL,1,, ,U8,, ,1563148800000,,100.318817,,07,545,P.049 - TANJONG,,04, ,,,,N.28,,FASA 6,N.28 - KOMTAR,40195,3,545,100.31881699987531,5.417677999800194
,,BUKIT GELUGOR,,SERI DELIMA,,Galvanize,20,MBPP,Simpang Jalan Delima / Lorong Delima 10,1,2,5.38115,,,TIMOR LAUT,,, , ,Pemantauan Lalulintas dan Keselamatan, ,-,P.051, , ,,,DTL,1,, ,U9,, ,1563148800000,,100.298839,,07,546,P.051 - BUKIT GELUGOR,,04, ,,,,N.32,,FASA 6,N.32 - SERI DELIMA,40196,3,546,100.29883899976394,5.381150000335678
,,BUKIT GELUGOR,,SERI DELIMA,,Jejantas,,MBPP,Jalan Masjid Negeri (Jejantas Pejalan Kaki),1,6,5.385194,,,TIMOR LAUT,,, , ,Pemantauan Lalulintas dan Keselamatan, ,-,P.051, , ,,,DTL,0,, ,U10,, ,1563148800000,,100.305447,,07,547,P.051 - BUKIT GELUGOR,,04, ,,,,N.32,,FASA 6,N.32 - SERI DELIMA,40197,6,547,100.30544699990912,5.385194000006968
,,BUKIT GELUGOR,,SERI DELIMA,,Galvanize,20,MBPP,Jalan Gangsa (Hadapan Apartment Jay Series),1,2,5.391314,,,TIMOR LAUT,,, , ,Pemantauan Lalulintas dan Keselamatan, ,-,P.051, , ,,,DTL,1,, ,U11,, ,1563148800000,,100.295594,,07,548,P.051 - BUKIT GELUGOR,,04, ,,,,N.32,,FASA 6,N.32 - SERI DELIMA,40198,3,548,100.29559399972379,5.391314000142848
,,BUKIT GELUGOR,,AIR ITAM,,Galvanize,20,MBPP,Jalan Masjid Negeri Berdekatan Penang Free School (Jejantas Pejalan Kaki),1,6,5.403797,,,TIMOR LAUT,,, , ,Pemantauan Lalulintas dan Keselamatan, ,Wireless dari NR4,P.051, , ,,,DTL,0,, ,U12,, ,1563148800000,,100.303783,,07,549,P.051 - BUKIT GELUGOR,,04, ,,,,N.33,,FASA 6,N.33 - AIR ITAM,40199,6,549,100.30378300008903,5.403796999621199
,,BUKIT BENDERA,,KEBUN BUNGA,,Jejantas,,MBPP,Jalan Air Itam / Jalan Masjid Negeri (Flyover Masjid Negeri) Sek. Al Mashoor,1,5,5.407892,,,TIMOR LAUT,,, , ,Pemantauan Lalulintas dan Keselamatan, ,Wireless dari S57(B),P.048, , ,,,DTL,0,, ,U13,, ,1563148800000,,100.302628,,07,550,P.048 - BUKIT BENDERA,,04, ,,,,N.24,,FASA 6,N.24 - KEBUN BUNGA,40200,5,550,100.30262800008752,5.407891999987926
,,BUKIT BENDERA,,KEBUN BUNGA,,Jejantas,,MBPP,Jalan Air Itam / Jalan Masjid Negeri (Flyover Masjid Negeri) Menghadap Masjid Negeri,1,5,5.407892,,,TIMOR LAUT,,, , ,Pemantauan Lalulintas dan Keselamatan, ,Wireless dari S57(B),P.048, , ,,,DTL,0,, ,U14,, ,1563148800000,,100.302628,,07,551,P.048 - BUKIT BENDERA,,04, ,,,,N.24,,FASA 6,N.24 - KEBUN BUNGA,40201,5,551,100.30262800008752,5.407891999987926
,,BUKIT GELUGOR,,AIR ITAM,,Galvanize,20,MBPP,Lorong Batu Lanchang / Lebuhraya Thean Teik,1,2,5.400619,,,TIMOR LAUT,,, , ,Pemantauan Lalulintas dan Keselamatan, ,Wireless dari NR4,P.051, , ,,,DTL,1,, ,U15,, ,1563148800000,,100.297031,,07,552,P.051 - BUKIT GELUGOR,,04, ,,,,N.33,,FASA 6,N.33 - AIR ITAM,40202,3,552,100.29703099981586,5.400618999832817
,,BUKIT GELUGOR,,AIR ITAM,,Galvanize,20,MBPP,Jalan Shaik Madar (Sungai Air Itam / Sungai Dondang),1,2,5.4011,,,TIMOR LAUT,,, , ,Pemantauan Lalulintas dan Keselamatan, ,Wireless dari NR4,P.051, , ,,,DTL,1,, ,U16,, ,1563148800000,,100.290883,,07,553,P.051 - BUKIT GELUGOR,,04, ,,,,N.33,,FASA 6,N.33 - AIR ITAM,40203,3,553,100.29088299962758,5.401099999580747
,,BUKIT GELUGOR,,AIR ITAM,,Galvanize,20,MBPP,Jalan Zoo (Sungai Air Itam),1,2,5.399989,,,TIMOR LAUT,,, , ,Pemantauan Lalulintas dan Keselamatan, ,Wireless dari NR4,P.051, , ,,,DTL,1,, ,U17,, ,1563148800000,,100.283786,,07,554,P.051 - BUKIT GELUGOR,,04, ,,,,N.33,,FASA 6,N.33 - AIR ITAM,40204,3,554,100.28378599967388,5.39998900001839
,,BUKIT GELUGOR,,AIR ITAM,,Galvanize,20,MBPP,Jalan Balik Pulau / Jalan Ayer Itam,1,2,5.402825,,,TIMOR LAUT,,, , ,Pemantauan Lalulintas dan Keselamatan, ,Wireless dari NR4,P.051, , ,,,DTL,1,, ,U18,, ,1563148800000,,100.278394,,07,555,P.051 - BUKIT GELUGOR,,04, ,,,,N.33,,FASA 6,N.33 - AIR ITAM,40205,3,555,100.27839399979099,5.402824999563664
,,BUKIT GELUGOR,,AIR ITAM,,Tiang Sedaya Emas,,MBPP,Bulatan Jalan Ayer Itam / Jalan Bukit Bendera / Jalan Khoo Hye Keat,1,2,5.405456,,,TIMOR LAUT,,, , ,Pemantauan Lalulintas dan Keselamatan, ,Wireless dari NR4,P.051, , ,,,DTL,1,, ,U19,, ,1563148800000,,100.282858,,07,556,P.051 - BUKIT GELUGOR,,04, ,,,,N.33,,FASA 6,N.33 - AIR ITAM,40206,3,556,100.28285800033362,5.405456000082182
,,BUKIT BENDERA,,KEBUN BUNGA,,Galvanize,20,MBPP,Taman Lumba Kuda / Jalan Goh Guan Ho,1,2,5.410069,,,TIMOR LAUT,,, , ,Pemantauan Lalulintas dan Keselamatan, ,Wireless dari NR4,P.048, , ,,,DTL,1,, ,U20,, ,1563148800000,,100.297439,,07,557,P.048 - BUKIT BENDERA,,04, ,,,,N.24,,FASA 6,N.24 - KEBUN BUNGA,40207,3,557,100.29743899978752,5.410069000259661
,,JELUTONG,,DATOK KERAMAT,,Galvanize,20,MBPP,Lorong Perak (Yee Tai Kopitiam),1,2,5.403561,,,TIMOR LAUT,,, , ,Pemantauan Lalulintas dan Keselamatan, ,-,P.050, , ,,,DTL,1,, ,U21,, ,1563148800000,,100.316083,,07,558,P.050 - JELUTONG,,04, ,,,,N.29,,FASA 6,N.29 - DATOK KERAMAT,40208,3,558,100.31608299969147,5.403561000126389
,,BUKIT BENDERA,,TANJONG BUNGA,,Tiang Lampu Jalan,,MBPP,Jalan Tanjong Tokong (Belakang Tesco),1,1,5.459108,,,TIMOR LAUT,,, , ,Pemantauan Lalulintas dan Keselamatan, ,Wireless dari U39,P.048, , ,,,DTL,0,, ,U22,, ,1563148800000,,100.310522,,07,559,P.048 - BUKIT BENDERA,,04, ,,,,N.22,,FASA 6,N.22 - TANJONG BUNGA,40209,1,559,100.31052199995551,5.459107999702141
,,JELUTONG,,DATOK KERAMAT,,Galvanize,20,MBPP,Lilitan Stadium (Sungai Pinang),1,2,5.410842,,,TIMOR LAUT,,, , ,Pemantauan Lalulintas dan Keselamatan, ,-,P.050, , ,,,DTL,1,, ,U23,, ,1563148800000,,100.316117,,07,560,P.050 - JELUTONG,,04, ,,,,N.29,,FASA 6,N.29 - DATOK KERAMAT,40210,3,560,100.31611700017007,5.4108419999605
,,JELUTONG,,DATOK KERAMAT,,Galvanize,20,MBPP,Jalan Langkawi / Taman Rampas (Masjid Acheh - Sungai Pinang),1,2,5.41115,,,TIMOR LAUT,,, , ,Pemantauan Lalulintas dan Keselamatan, ,-,P.050, , ,,,DTL,1,, ,U24,, ,1563148800000,,100.309681,,07,561,P.050 - JELUTONG,,04, ,,,,N.29,,FASA 6,N.29 - DATOK KERAMAT,40211,3,561,100.30968100016085,5.411149999925353
,,BUKIT BENDERA,,PULAU TIKUS,,Galvanize,20,MBPP,Jalan Dato Keramat / Lorong Kebun Nyiur,1,2,5.41335,,,TIMOR LAUT,,, , ,Pemantauan Lalulintas dan Keselamatan, ,-,P.048, , ,,,DTL,1,, ,U25,, ,1563148800000,,100.314931,,07,562,P.048 - BUKIT BENDERA,,04, ,,,,N.25,,FASA 6,N.25 - PULAU TIKUS,40212,3,562,100.31493099992065,5.413349999985255
,,TANJONG,,KOMTAR,,Galvanize,20,MBPP,Jalan Merican / Jalan Pahang,1,2,5.413297,,,TIMOR LAUT,,, , ,Pemantauan Lalulintas dan Keselamatan, ,-,P.049, , ,,,DTL,1,, ,U26,, ,1563148800000,,100.321472,,07,563,P.049 - TANJONG,,04, ,,,,N.28,,FASA 6,N.28 - KOMTAR,40213,3,563,100.32147200028055,5.413297000317115
,,BUKIT BENDERA,,PULAU TIKUS,,Galvanize,20,MBPP,Simpang Jalan Lim Eow Toon,1,2,5.418142,,,TIMOR LAUT,,, , ,Pemantauan Lalulintas dan Keselamatan, ,-,P.048, , ,,,DTL,1,, ,U27,, ,1563148800000,,100.316931,,07,564,P.048 - BUKIT BENDERA,,04, ,,,,N.25,,FASA 6,N.25 - PULAU TIKUS,40214,3,564,100.31693099975475,5.418141999911576
,,TANJONG,,PADANG KOTA,,Galvanize,20,MBPP,Jalan Anson / Jalan Logan,1,2,5.418189,,,TIMOR LAUT,,, , ,Pemantauan Lalulintas dan Keselamatan, ,Wireless dari U28,P.049, , ,,,DTL,1,, ,U28,, ,1563148800000,,100.322411,,07,565,P.049 - TANJONG,,04, ,,,,N.26,,FASA 6,N.26 - PADANG KOTA,40215,3,565,100.32241099995763,5.418189000360764
,,TANJONG,,PADANG KOTA,,Galvanize,20,MBPP,Sultan Ahmad Shah / Lebuh Farquhar,1,2,5.423317,,,TIMOR LAUT,,, , ,Pemantauan Lalulintas dan Keselamatan, ,Sambungan fiber (fasa 2),P.049, , ,,,DTL,1,,Heritage - Buffer Zone,U29,, ,1563148800000,,100.333039,,07,566,P.049 - TANJONG,,04, ,,,,N.26,,FASA 6,N.26 - PADANG KOTA,40216,3,566,100.33303899995539,5.423316999897838
,,TANJONG,,PADANG KOTA,,Galvanize,20,MBPP,Jalan Larut / Jalan Argyll,1,2,5.422333,,,TIMOR LAUT,,, , ,Pemantauan Lalulintas dan Keselamatan, ,-,P.049, , ,,,DTL,1,, ,U30,, ,1563148800000,,100.326339,,07,567,P.049 - TANJONG,,04, ,,,,N.26,,FASA 6,N.26 - PADANG KOTA,40217,3,567,100.3263389998151,5.422333000077077
,,TANJONG,,PADANG KOTA,,Galvanize,20,MBPP,Lebuhraya Pykett / Lorong Pykett,1,2,5.422308,,,TIMOR LAUT,,, , ,Pemantauan Lalulintas dan Keselamatan, ,-,P.049, , ,,,DTL,1,, ,U31,, ,1563148800000,,100.323461,,07,568,P.049 - TANJONG,,04, ,,,,N.26,,FASA 6,N.26 - PADANG KOTA,40218,3,568,100.32346099982712,5.422308000192035
,,BUKIT BENDERA,,PULAU TIKUS,,Galvanize,20,MBPP,Jalan Utama (Hospital Pulau Pinang),1,3,5.416608,,,TIMOR LAUT,,, , ,Pemantauan Lalulintas dan Keselamatan, ,-,P.048, , ,,,DTL,1,, ,U32,, ,1563148800000,,100.308419,,07,569,P.048 - BUKIT BENDERA,,04, ,,,,N.25,,FASA 6,N.25 - PULAU TIKUS,40219,4,569,100.30841900007988,5.416608000248333
,,BUKIT BENDERA,,PULAU TIKUS,,Galvanize,20,MBPP,Simpang Lebuhraya Peel / Jalan Macalister / Lebuhraya Codrington,1,3,5.422142,,,TIMOR LAUT,,, , ,Pemantauan Lalulintas dan Keselamatan, ,-,P.048, , ,,,DTL,1,, ,U33,, ,1563148800000,,100.312797,,07,570,P.048 - BUKIT BENDERA,,04, ,,,,N.25,,FASA 6,N.25 - PULAU TIKUS,40220,4,570,100.31279699991677,5.42214199995663
,,BUKIT BENDERA,,PULAU TIKUS,,Dipasang pada N19,,MBPP,Persiaran Gurney (Dipasang Pada Tiang Cctv N19),1,2,5.439975,,,TIMOR LAUT,,, , ,Pemantauan Lalulintas dan Keselamatan, ,Wireless dari N19,P.048, , ,,,DTL,0,, ,U34,, ,1563148800000,,100.309361,,07,571,P.048 - BUKIT BENDERA,,04, ,,,,N.25,,FASA 6,N.25 - PULAU TIKUS,40221,2,571,100.30936100003204,5.439974999868125
,,JELUTONG,,SUNGAI PINANG,,Tiang Lampu Jalan,,MBPP,"Rumah Pam, Jalan Hilir Sungai Pinang",1,1,5.402506,,,TIMOR LAUT,,, , ,Pemantauan Lalulintas dan Keselamatan, ,-,P.050, , ,,,DTL,0,,MPOD,U35,, ,1563148800000,,100.328417,,07,572,P.050 - JELUTONG,,04, ,,,,N.30,,FASA 6,N.30 - SUNGAI PINANG,40222,1,572,100.3284170002314,5.402506000045582
,,JELUTONG,,DATOK KERAMAT,,Tiang Lampu Jalan,,MBPP,"Rumah Pam, Jalan Makloom",1,1,5.406942,,,TIMOR LAUT,,, , ,Pemantauan Lalulintas dan Keselamatan, ,-,P.050, , ,,,DTL,0,,"MPOD
MPOD",U36,, ,1563148800000,,100.317111,,07,573,P.050 - JELUTONG,,04, ,,,,N.29,,FASA 6,N.29 - DATOK KERAMAT,40223,1,573,100.31711099962399,5.406941999859841
,,JELUTONG,,DATOK KERAMAT,,Tiang Lampu Jalan,,MBPP,"Rumah Pam, Jalan Ismail Cik Mat",1,1,5.406667,,,TIMOR LAUT,,, , ,Pemantauan Lalulintas dan Keselamatan, ,-,P.050, , ,,,DTL,0,,MPOD,U37,, ,1563148800000,,100.313964,,07,574,P.050 - JELUTONG,,04, ,,,,N.29,,FASA 6,N.29 - DATOK KERAMAT,40224,1,574,100.31396399960056,5.4066670002159585
,,JELUTONG,,DATOK KERAMAT,,Tiang Lampu Jalan,,MBPP,Jalan Munshi Abdullah (Sebelah Rumah Flat),1,1,5.408589,,,TIMOR LAUT,,, , ,Pemantauan Lalulintas dan Keselamatan, ,-,P.050, , ,,,DTL,0,,MPOD,U38,, ,1563148800000,,100.314278,,07,575,P.050 - JELUTONG,,04, ,,,,N.29,,FASA 6,N.29 - DATOK KERAMAT,40225,1,575,100.31427799993884,5.408589000260942
,,BUKIT BENDERA,,TANJONG BUNGA,,Galvanize,20,MBPP,Straits Green Park By The Sea (Jalan Tanjong Tokong),1,2,5.459528,,,TIMOR LAUT,,, , ,Pemantauan Lalulintas dan Keselamatan, ,Wireless dari Q12,P.048, , ,,,DTL,1,, ,U39,, ,1563148800000,,100.309792,,07,576,P.048 - BUKIT BENDERA,,04, ,,,,N.22,,FASA 6,N.22 - TANJONG BUNGA,40226,3,576,100.30979200003313,5.459528000066561
,,BALIK PULAU,,TELOK BAHANG,,Galvanize,20,MBPP,Jalan Hassan Abas (Sungai Teluk Bahang),1,2,5.457469,,,BARAT DAYA,,, , ,Pemantauan Lalulintas dan Keselamatan, ,Wireless dari TR6,P.053, , ,,,DBD,1,, ,U40,, ,1563148800000,,100.209111,,07,577,P.053 - BALIK PULAU,,05, ,,,,N.40,,FASA 6,N.40 - TELOK BAHANG,50060,3,577,100.20911100043925,5.457468999662278
,,BUKIT BENDERA,,AIR PUTEH,,Galvanize,20,MBPP,Bukit Bendera (Viaduct Station),1,2,5.420958,,,TIMOR LAUT,,, , ,Pemantauan Lalulintas dan Keselamatan, ,-,P.048, , ,,,DTL,1,, ,U41,, ,1563148800000,,100.271031,,07,578,P.048 - BUKIT BENDERA,,04, ,,,,N.23,,FASA 6,N.23 - AIR PUTEH,40227,3,578,100.2710309996178,5.420957999692352
,,BUKIT BENDERA,,AIR PUTEH,,Galvanize,20,MBPP,Bukit Bendera,1,2,5.424958,,,TIMOR LAUT,,, , ,Pemantauan Lalulintas dan Keselamatan, ,-,P.048, , ,,,DTL,1,, ,U42,, ,1563148800000,,100.268703,,07,579,P.048 - BUKIT BENDERA,,04, ,,,,N.23,,FASA 6,N.23 - AIR PUTEH,40228,3,579,100.26870299962553,5.424957999922478
,,BUKIT BENDERA,,AIR PUTEH,,Galvanize,20,MBPP,Bukit Bendera,1,2,5.424286,,,TIMOR LAUT,,, , ,Pemantauan Lalulintas dan Keselamatan, ,-,P.048, , ,,,DTL,1,, ,U43,, ,1563148800000,,100.268361,,07,580,P.048 - BUKIT BENDERA,,04, ,,,,N.23,,FASA 6,N.23 - AIR PUTEH,40229,3,580,100.26836099988137,5.424285999800862
,,,,,,Dipasang pada S31,,MBPP,Padang Kota Lama (Tugu) S31,1,2,5.422225,,,TIMOR LAUT,,, , ,Face Recognition, ,Spur dari City hall,, , ,,,,0,,Heritage - Buffer Zone,U44,, ,1563148800000,,100.341936,,07,581,,,04, ,,,,,,FASA 6,,40230,2,581,100.34193600027477,5.422224999877132
,,BUKIT BENDERA,,PULAU TIKUS,, ,,MBPP,Gurney (Near Bus Stop),1,2,5.439544,,,TIMOR LAUT,,, , ,Face Recognition, ,Wireless dari U34,P.048, , ,,,DTL,0,, ,U45,, ,1563148800000,,100.309531,,07,582,P.048 - BUKIT BENDERA,,04, ,,,,N.25,,FASA 6,N.25 - PULAU TIKUS,40231,2,582,100.30953100024534,5.439544000052205
,,TANJONG,,KOMTAR,, ,,MBPP,Jalan Penang (Near Kedai Kopi),1,1,5.417706,,,TIMOR LAUT,,, , ,Face Recognition, ,Wireless dari N01,P.049, , ,,,DTL,0,,Heritage - Buffer Zone,U46,, ,1563148800000,,100.330969,,07,583,P.049 - TANJONG,,04, ,,,,N.28,,FASA 6,N.28 - KOMTAR,40232,1,583,100.330968999957,5.4177059998126
,,JELUTONG,,SUNGAI PINANG,, ,,MBPP,Karpal Singh Drive (Bertentangan Starbucks),1,1,5.397558,,,TIMOR LAUT,,, , ,Face Recognition, ,Sambungan dengan fiber sedia ada,P.050, , ,,,DTL,0,, ,U47,, ,1563148800000,,100.329617,,07,584,P.050 - JELUTONG,,04, ,,,,N.30,,FASA 6,N.30 - SUNGAI PINANG,40233,1,584,100.32961700003625,5.397558000170935
,,TANJONG,,PENGKALAN KOTA,, ,,MBPP,Jetty (Inside Building),1,2,5.413983,,,TIMOR LAUT,,, , ,Face Recognition, ,Wireless dari L16,P.049, , ,,,DTL,0,,Heritage - Buffer Zone,U48,, ,1563148800000,,100.341997,,07,585,P.049 - TANJONG,,04, ,,,,N.27,,FASA 6,N.27 - PENGKALAN KOTA,40234,2,585,100.34199700015873,5.41398299996288
,,BAYAN BARU,,PANTAI JEREJAK,, ,,MBPP,Queensbay (Jejantas),1,2,5.333714,,,BARAT DAYA,,, , ,Face Recognition, ,Wireless dari L29,P.052, , ,,,DBD,0,, ,U49,, ,1563148800000,,100.3068,,07,586,P.052 - BAYAN BARU,,05, ,,,,N.36,,FASA 6,N.36 - PANTAI JEREJAK,50061,2,586,100.30679999996445,5.333714000318222
,,TANJONG,,KOMTAR,, ,,MBPP,"Stesen Bas Komtar Laluan Pejalan Kaki Ke Stesen Bas,Komtar",1,2,5.414563,,,TIMOR LAUT,,, , ,Face Recognition, ,Sambungan fiber optik sedia ada,P.049, , ,,,DTL,0,, ,U50,, ,1563148800000,,100.330523,,07,587,P.049 - TANJONG,,04, ,,,,N.28,,FASA 6,N.28 - KOMTAR,40235,2,587,100.33052299970207,5.414562999994262
,,TANJONG,,KOMTAR,, ,,MBPP,Perangin Mall Laluan Pejalan Kaki Keluar/Masuk,1,1,5.414342,,,TIMOR LAUT,,, , ,Face Recognition, ,Sambungan fiber optik sedia ada,P.049, , ,,,DTL,0,, ,U51,, ,1563148800000,,100.331378,,07,588,P.049 - TANJONG,,04, ,,,,N.28,,FASA 6,N.28 - KOMTAR,40236,1,588,100.33137799996766,5.4143420003502225
,,BUKIT BENDERA,,TANJONG BUNGA,, ,,MBPP,Night Market Batu Feringghi (Q19),1,1,5.474844,,,TIMOR LAUT,,, , ,Face Recognition, ,Wireless dari Q19,P.048, , ,,,DTL,0,, ,U52,, ,1563148800000,,100.249478,,07,589,P.048 - BUKIT BENDERA,,04, ,,,,N.22,,FASA 6,N.22 - TANJONG BUNGA,40237,1,589,100.24947799990217,5.474844000430842
,,BUKIT BENDERA,,KEBUN BUNGA,, ,,MBPP,Taman Botani,1,1,5.437694,,,TIMOR LAUT,,, , ,Face Recognition, ,-,P.048, , ,,,DTL,0,, ,U53,, ,1563148800000,,100.290792,,07,590,P.048 - BUKIT BENDERA,,04, ,,,,N.24,,FASA 6,N.24 - KEBUN BUNGA,40238,1,590,100.29079199960528,5.4376939998535185
,,BUKIT BENDERA,,AIR PUTEH,, ,,MBPP,Entrance Bukit Bendera,1,1,5.408147,,,TIMOR LAUT,,, , ,Face Recognition, ,Wireless dari N29,P.048, , ,,,DTL,0,, ,U54,, ,1563148800000,,100.277275,,07,591,P.048 - BUKIT BENDERA,,04, ,,,,N.23,,FASA 6,N.23 - AIR PUTEH,40239,1,591,100.2772749996189,5.408146999915738
,,BAYAN BARU,,BATU UBAN,, ,,MBPP,Bukit Jambul,1,1,5.333372,,,TIMOR LAUT,,, , ,Face Recognition, ,Wireless dari N25,P.052, , ,,,DTL,0,, ,U55,, ,1563148800000,,100.291103,,07,592,P.052 - BAYAN BARU,,04, ,,,,N.35,,FASA 6,N.35 - BATU UBAN,40240,1,592,100.29110299986152,5.333372000214116
,,TANJONG,,KOMTAR,,Dipasang pada N01,,MBPP,Jalan Penang Bersebelahan Jejantas (N01),1,0,5.416933,,,TIMOR LAUT,,, , ,Pemantauan Lalulintas dan Keselamatan, ,Wireless dari N01,P.049, , ,,,DTL,1,,Heritage - Buffer Zone,U56,, ,1563148800000,,100.3303,,07,593,P.049 - TANJONG,,04, ,,,,N.28,,FASA 6,N.28 - KOMTAR,40241,1,593,100.33029999988139,5.4169330003138745
,,TANJONG,,KOMTAR,, ,,MBPP,Simpang Jalan Penang/Lebuh Teik Soon (N05),1,0,5.415533,,,TIMOR LAUT,,, , ,Pemantauan Lalulintas dan Keselamatan, ,Wireless dari N04,P.049, , ,,,DTL,1,, ,U57,, ,1563148800000,,100.3293,,07,594,P.049 - TANJONG,,04, ,,,,N.28,,FASA 6,N.28 - KOMTAR,40242,1,594,100.32929999963237,5.4155329996781925
,,BUKIT GELUGOR,,PAYA TERUBONG,,Tiang Sedaya Emas,,MBPP,Persimpangan Lebuhraya Thean Teik/Jalan Paya Terubong (Hadapan Shell),1,2,5.384728,,,TIMOR LAUT,,, , ,Pemantauan Lalulintas dan Keselamatan, ,-,P.051, , ,,,DTL,1,, ,U58,, ,1563148800000,,100.275217,,07,595,P.051 - BUKIT GELUGOR,,04, ,,,,N.34,,FASA 6,N.34 - PAYA TERUBONG,40243,3,595,100.27521700022267,5.38472799979745
,,BUKIT GELUGOR,,AIR ITAM,, ,,MBPP,Jalan Air Putih / Jalan Air Itam,1,3,5.404292,,,TIMOR LAUT,,, , ,Pemantauan Lalulintas dan Keselamatan, ,Wireless dari N28,P.051, , ,,,DTL,0,, ,U59,, ,1563148800000,,100.286494,,07,596,P.051 - BUKIT GELUGOR,,04, ,,,,N.33,,FASA 6,N.33 - AIR ITAM,40244,3,596,100.28649399969488,5.4042920003495585
,,BUKIT BENDERA,,AIR PUTEH,,Galvanize,20,MBPP,Jalan Air Putih / Jalan Taman Ria,1,2,5.405539,,,TIMOR LAUT,,, , ,Face Recognition, ,Wireless dari NR4,P.048, , ,,,DTL,1,, ,U60,, ,1563148800000,,100.286494,,07,597,P.048 - BUKIT BENDERA,,04, ,,,,N.23,,FASA 6,N.23 - AIR PUTEH,40245,3,597,100.2864939998262,5.405538999645445
,,BUKIT BENDERA,,TANJONG BUNGA,,Tiang Repeater,,MBPP,Night Market Batu Feringghi,1,1,5.474525,,,TIMOR LAUT,,, , ,Pemantauan Lalulintas dan Keselamatan, ,Wireless dari Q19,P.048, , ,,,DTL,0,, ,U61,, ,1563148800000,,100.249161,,07,598,P.048 - BUKIT BENDERA,,04, ,,,,N.22,,FASA 6,N.22 - TANJONG BUNGA,40246,1,598,100.2491609997149,5.474525000339672
,,BUKIT BENDERA,,PULAU TIKUS,,-,,MBPP,Persimpangan Jalan Tanjong Tokong/ Tingkat Hock Hin,1,0,5.44637809,,,TIMOR LAUT,,, , ,Pemantauan Bukit, ,Sambungan fiber (Fasa 2),P.048, , ,,,DTL,1,, ,Q10 (B),, ,1498867200000,,100.3053582,,07,599,P.048 - BUKIT BENDERA,,04, ,,,,N.25,,Bukit (Dipasang pada tiang CCTV sediada),N.25 - PULAU TIKUS,40247,1,599,100.30535820026817,5.446378090255972
,,BUKIT BENDERA,,TANJONG BUNGA,,-,,MBPP,Persimpangan Jalan Tanjong Tokong / Jalan  Seri Tanjong Pinang,1,0,5.45822794,,,TIMOR LAUT,,, , ,Pemantauan Bukit, ,Sambungan fiber (Fasa 2),P.048, , ,,,DTL,1,, ,Q11 (B),, ,1498867200000,,100.30778396,,07,600,P.048 - BUKIT BENDERA,,04, ,,,,N.22,,Bukit (Dipasang pada tiang CCTV sediada),N.22 - TANJONG BUNGA,40248,1,600,100.30778396008634,5.458227940368919
,,BUKIT BENDERA,,TANJONG BUNGA,,-,,MBPP,Puncak Bukit Mutiara,1,0,5.46000436,,,TIMOR LAUT,,, , ,Pemantauan Bukit, ,Wireless dari Q13,P.048, , ,,,DTL,1,, ,QR06 (B),, ,1498867200000,,100.2952123,,07,601,P.048 - BUKIT BENDERA,,04, ,,,,N.22,,Bukit (Dipasang pada tiang CCTV sediada),N.22 - TANJONG BUNGA,40249,1,601,100.29521229996045,5.460004360380857
,,BUKIT BENDERA,,TANJONG BUNGA,,-,,MBPP,Persimpangan Jalan Tanjong Bungah / Jalan  Cheah Seng Kim,1,0,5.46605167,,,TIMOR LAUT,,, , ,Pemantauan Bukit, ,Sambungan fiber (Fasa 2),P.048, , ,,,DTL,1,, ,Q13 (B),, ,1498867200000,,100.28805633,,07,602,P.048 - BUKIT BENDERA,,04, ,,,,N.22,,Bukit (Dipasang pada tiang CCTV sediada),N.22 - TANJONG BUNGA,40250,1,602,100.28805632990269,5.466051670054609
,,BUKIT BENDERA,,TANJONG BUNGA,,-,,MBPP,Lorong Lembah Permai 3 / Jalan Lembah Permai,1,0,5.4575629,,,TIMOR LAUT,,, , ,Pemantauan Bukit, ,Wireless dari QR6,P.048, , ,,,DTL,1,, ,S51 (B),, ,1498867200000,,100.28863965,,07,603,P.048 - BUKIT BENDERA,,04, ,,,,N.22,,Bukit (Dipasang pada tiang CCTV sediada),N.22 - TANJONG BUNGA,40251,1,603,100.28863964969335,5.457562899942663
,,BUKIT BENDERA,,TANJONG BUNGA,,Galvanize,20,MBPP,Jalan Lembah Permai (Ambank/ Appartment Permai Ria),1,0,5.46428033,,,TIMOR LAUT,,, , ,Pemantauan Bukit, ,Wireless dari Q34,P.048, , ,,,DTL,1,, ,B1,, ,1498867200000,,100.27993043,,07,604,P.048 - BUKIT BENDERA,,04, ,,,,N.22,,Bukit (Tiang Baru),N.22 - TANJONG BUNGA,40252,1,604,100.27993043005215,5.464280329931759
,,TANJONG,,PADANG KOTA,,Galvanize,20,KPKT,Lorong Selamat,1,0,5.417969,,,TIMOR LAUT,,, , ,Pemantauan Lalulintas dan Keselamatan, , ,P.049, , ,,,DTL,1,, ,C04,, ,,,100.325567,,07,605,P.049 - TANJONG,,04, ,,,,N.26,,KPKT,N.26 - PADANG KOTA,40253,1,605,100.32556700011618,5.417968999751648
,,BUKIT BENDERA,,TANJONG BUNGA,,-,,MBPP,Persimpangan Jalan Batu Ferringgi Dekat Hotel Lone Pine,1,0,5.47511762,,,TIMOR LAUT,,, , ,Pemantauan Bukit, ,Wireless dari Q19,P.048, , ,,,DTL,1,, ,Q18 (B),, ,1498867200000,,100.25049196,,07,606,P.048 - BUKIT BENDERA,,04, ,,,,N.22,,Bukit (Dipasang pada tiang CCTV sediada),N.22 - TANJONG BUNGA,40254,1,606,100.25049196017731,5.475117620193438
,,,,,,-,,MBPP,Jalan Batu Ferringgi Bertentangan Bayview Beach,1,0,5.46689599,,,TIMOR LAUT,,, , ,Pemantauan Bukit, ,Wireless dari Q25,, , ,,,,1,, ,Q23 (B),, ,1498867200000,,100.24000191,,07,607,,,04, ,,,,,,Bukit (Dipasang pada tiang CCTV sediada),,40255,1,607,100.24000191003299,5.466895989592643
,,BUKIT BENDERA,,TANJONG BUNGA,,-,,MBPP,Jalan Sungai Emas Dekat Eden Fairway Condo,1,0,5.47601224,,,TIMOR LAUT,,, , ,Pemantauan Bukit, ,Sambungan fiber (Fasa 2),P.048, , ,,,DTL,1,, ,Q32 (B),, ,1498867200000,,100.25177618,,07,608,P.048 - BUKIT BENDERA,,04, ,,,,N.22,,Bukit (Dipasang pada tiang CCTV sediada),N.22 - TANJONG BUNGA,40256,1,608,100.251776179837,5.476012239570878
,,BUKIT BENDERA,,TANJONG BUNGA,,-,,MBPP,Jalan Batu Ferringgi Dekat Laluan Masuk Ke Bayu Senja,1,0,5.47071179,,,TIMOR LAUT,,, , ,Pemantauan Bukit, ,Wireless dari QR1,P.048, , ,,,DTL,1,, ,Q21 (B),, ,1498867200000,,100.24555078,,07,609,P.048 - BUKIT BENDERA,,04, ,,,,N.22,,Bukit (Dipasang pada tiang CCTV sediada),N.22 - TANJONG BUNGA,40257,1,609,100.2455507803621,5.47071178992381
,,BUKIT BENDERA,,PULAU TIKUS,,-,,MBPP,Jalan Mount Erskine / Tingkat Mount Erskine 1 (Ng Hock Seng Estate),1,0,5.44019279,,,TIMOR LAUT,,, , ,Pemantauan Bukit, ,Wireless dari S47,P.048, , ,,,DTL,1,, ,S48 (B),, ,1498867200000,,100.30292457,,07,610,P.048 - BUKIT BENDERA,,04, ,,,,N.25,,Bukit (Dipasang pada tiang CCTV sediada),N.25 - PULAU TIKUS,40258,1,610,100.30292457033016,5.440192789817494
,,BUKIT BENDERA,,KEBUN BUNGA,,-,,MBPP,Persimpangan Jalan Kebun Bunga / Jalan Gottlieb / Jalan Utama,1,0,5.43049856,,,TIMOR LAUT,,, , ,Pemantauan Bukit, ,-,P.048, , ,,,DTL,1,, ,S46 (B),, ,1498867200000,,100.29919665,,07,611,P.048 - BUKIT BENDERA,,04, ,,,,N.24,,Bukit (Dipasang pada tiang CCTV sediada),N.24 - KEBUN BUNGA,40259,1,611,100.29919665044304,5.430498559620274
,,BUKIT BENDERA,,AIR PUTEH,,-,,MBPP,Penang Hill (Upper Tunnel Station),1,0,5.423094,,,TIMOR LAUT,,, , ,Pemantauan Bukit, ,-,P.048, , ,,,DTL,1,, ,NR04 (B),, ,1498867200000,,100.270456,,07,612,P.048 - BUKIT BENDERA,,04, ,,,,N.23,,Bukit (Dipasang pada tiang CCTV sediada),N.23 - AIR PUTEH,40260,1,612,100.27045599984764,5.423093999760939
,,BUKIT GELUGOR,,PAYA TERUBONG,,-,,MBPP,Lintang Angsana Dekat Bsn,1,0,5.38897907,,,TIMOR LAUT,,, , ,Pemantauan Bukit, ,-,P.051, , ,,,DTL,1,, ,S63 (B),, ,1498867200000,,100.28180939,,07,613,P.051 - BUKIT GELUGOR,,04, ,,,,N.34,,Bukit (Dipasang pada tiang CCTV sediada),N.34 - PAYA TERUBONG,40261,1,613,100.28180939005496,5.3889790696406
,,BUKIT GELUGOR,,PAYA TERUBONG,,-,,MBPP,Bukit Penara,1,0,5.38174019,,,TIMOR LAUT,,, , ,Pemantauan Bukit, ,-,P.051, , ,,,DTL,1,, ,SR01 (B),, ,1498867200000,,100.2646256,,07,614,P.051 - BUKIT GELUGOR,,04, ,,,,N.34,,Bukit (Dipasang pada tiang CCTV sediada),N.34 - PAYA TERUBONG,40262,1,614,100.26462560026937,5.381740190345795
,,BAYAN BARU,,BATU UBAN,,-,,MBPP,Lebuh Bukit Jambul / Persiaran Bukit Jambul,1,0,5.34020694,,,TIMOR LAUT,,, , ,Pemantauan Bukit, ,Wireless dari N24,P.052, , ,,,DTL,1,, ,S12 (B),, ,1498867200000,,100.28314743,,07,615,P.052 - BAYAN BARU,,04, ,,,,N.35,,Bukit (Dipasang pada tiang CCTV sediada),N.35 - BATU UBAN,40263,1,615,100.28314742971297,5.34020693995932
,,BALIK PULAU,,BAYAN LEPAS,,-,,MBPP,Lapangan Terbang Antarabangsa Bayan Lepas,1,0,5.29567823,,,BARAT DAYA,,, , ,Pemantauan Bukit, ,-,P.053, , ,,,DBD,1,, ,L24 (B),, ,1498867200000,,100.26671648,,07,616,P.053 - BALIK PULAU,,05, ,,,,N.38,,Bukit (Dipasang pada tiang CCTV sediada),N.38 - BAYAN LEPAS,50062,1,616,100.26671647964281,5.295678230383768
,,BAYAN BARU,,BATU MAUNG,,-,,MBPP,Jalan Tengah / Jalan Tun Dr. Awang,1,0,5.32225396,,,BARAT DAYA,,, , ,Pemantauan Bukit, ,Wireless dari S06,P.052, , ,,,DBD,1,, ,S8 (B),, ,1498867200000,,100.27718033,,07,617,P.052 - BAYAN BARU,,05, ,,,,N.37,,Bukit (Dipasang pada tiang CCTV sediada),N.37 - BATU MAUNG,50063,1,617,100.27718032999668,5.3222539603022625
,,BAYAN BARU,,BATU UBAN,,-,,MBPP,Pintu Keluar Terminal Bas Ekspres Sungai Nibong,1,0,5.34259931,,,TIMOR LAUT,,, , ,Pemantauan Bukit, ,-,P.052, , ,,,DTL,1,, ,N23 (B),, ,1498867200000,,100.29972381,,07,618,P.052 - BAYAN BARU,,04, ,,,,N.35,,Bukit (Dipasang pada tiang CCTV sediada),N.35 - BATU UBAN,40264,1,618,100.29972380980948,5.342599310432199
,,BUKIT GELUGOR,,SERI DELIMA,,-,,MBPP,Simpang Jalan Sultan Azlan Shah / Hilir Pemancar / Kuil Hindu / Perodua Glugor,1,0,5.36868925,,,TIMOR LAUT,,, , ,Pemantauan Bukit, ,-,P.051, , ,,,DTL,1,, ,S17 (B),, ,1498867200000,,100.31030192,,07,619,P.051 - BUKIT GELUGOR,,04, ,,,,N.32,,Bukit (Dipasang pada tiang CCTV sediada),N.32 - SERI DELIMA,40265,1,619,100.31030191956283,5.368689249600859
,,BUKIT BENDERA,,KEBUN BUNGA,,-,,MBPP,Simpang Jalan Masjid Negeri / Jalan Ayer Hitam / Wisma Pengakap Negeri,1,0,5.40795538,,,TIMOR LAUT,,, , ,Pemantauan Bukit, ,-,P.048, , ,,,DTL,1,, ,S57 (B),, ,1498867200000,,100.30230496,,07,620,P.048 - BUKIT BENDERA,,04, ,,,,N.24,,Bukit (Dipasang pada tiang CCTV sediada),N.24 - KEBUN BUNGA,40266,1,620,100.30230495975609,5.407955379905329
,,JELUTONG,,BATU LANCANG,,Galvanize,20,MBPP,Jalan Masjid Negeri/Jalan Delima,1,0,5.38380915,,,TIMOR LAUT,,, , ,Pemantauan Bukit, ,-,P.050, , ,,,DTL,1,, ,B2,, ,1498867200000,,100.30622059,,07,621,P.050 - JELUTONG,,04, ,,,,N.31,,Bukit (Tiang Baru),N.31 - BATU LANCANG,40267,1,621,100.30622058955323,5.383809150127081
,,BUKIT BENDERA,,TANJONG BUNGA,1560124800000,Galvanized,20,Diserah kepada MBPP,Persimpangan Jalan Tanjong Tokong / Jalan Desiran Tanjung 1,1,2,5.454547,,,TIMOR LAUT,,,JKR,2,Pemantauan Lalulintas dan Keselamatan,1,Sambungan fiber optik (fasa 2),P.048,Ideal Property Sdn Bhd,2,,,DTL,1,, ,D01,,Caturan ElemenSdn Bhd,1560124800000,,100.307,,07,622,P.048 - BUKIT BENDERA,,04,Terra Matrix Sdn Bhd,,,,N.22,,PEMAJU,N.22 - TANJONG BUNGA,40268,3,622,100.30700000007072,5.454546999866504
,,BUKIT BENDERA,,TANJONG BUNGA,1560124800000,Galvanized,20,Diserah kepada MBPP,Bulatan Jalan Desiran Tanjung 1 / Jalan Desiran Tanjung / Jalan Seri Tanjung Pinang 1,1,2,5.453917,,,TIMOR LAUT,,,JKR,1,Pemantauan Lalulintas dan Keselamatan,1,Wireless dari D01,P.048,Ideal Property Sdn Bhd,2,,,DTL,1,, ,D02,,Caturan ElemenSdn Bhd,1560124800000,,100.308547,,07,623,P.048 - BUKIT BENDERA,,04,Terra Matrix Sdn Bhd,,,,N.22,,PEMAJU,N.22 - TANJONG BUNGA,40269,3,623,100.30854700027507,5.453917000027407
,,BAYAN BARU,,BATU MAUNG,1568764800000,Galvanized,20,Diserah kepada MBPP,Persimpangan Jalan Permatang Damar Laut / Jalan Muzium Perang,1,2,5.283814,,,BARAT DAYA,,,JKR,2,Pemantauan Lalulintas dan Keselamatan,1,Sambungan fiber optik (fasa 3,P.052,Vienna View Development Sdn Bhd,2,,,DBD,1,, ,D03,,GH Tag Consultancy,1568764800000,,100.286608,,07,624,P.052 - BAYAN BARU,,05,Terra Matrix Sdn Bhd,,,,N.37,,PEMAJU,N.37 - BATU MAUNG,50064,3,624,100.2866080000686,5.28381400021616
,,BAYAN BARU,,BATU MAUNG,1568764800000,Galvanized,20,Diserah kepada MBPP,Persimpangan  Jalan Permatang Damar Laut / Jalan Teluk Tempoyak,1,2,5.283103,,,BARAT DAYA,,,JKR,1,Pemantauan Lalulintas dan Keselamatan,1,Sambungan fiber optik (fasa 3,P.052,Vienna View Development Sdn Bhd,2,,,DBD,1,, ,D04,,GH Tag Consultancy,1568764800000,,100.285519,,07,625,P.052 - BAYAN BARU,,05,Terra Matrix Sdn Bhd,,,,N.37,,PEMAJU,N.37 - BATU MAUNG,50065,3,625,100.2855190000783,5.283103000016495
,,BAYAN BARU,,PANTAI JEREJAK,1552521600000,Galvanized,20,Diserah kepada MBPP,Persimpangan Persiaran Pantai Jerjak 4 / Lebuh Pantai Jerjak 1,1,2,5.338394,,,BARAT DAYA,,,JKR,1,Pemantauan Lalulintas dan Keselamatan,1,-,P.052,JKP Sdn Bhd,2,,,DBD,1,, ,D05,,Nyaman Sdn Bhd,1552521600000,,100.300819,,07,626,P.052 - BAYAN BARU,,05,Kiwitech Sdn Bhd,,,,N.36,,PEMAJU,N.36 - PANTAI JEREJAK,50066,3,626,100.30081900011939,5.33839399998597
,,JELUTONG,,SUNGAI PINANG,1593388800000,Galvanized,20,Diserah kepada MBPP,Persimpangan Lebuh Sungai Pinang / Lebuh Sungai Pinang 1,1,2,5.397611,,,TIMOR LAUT,,,MBPP,1,Pemantauan Lalulintas dan Keselamatan,1,-,P.050,Jelutong Developement Sdn Bhd,2,,,DTL,1,, ,D06,,GH Consultans Sdn Bhd,1593388800000,,100.327778,,07,627,P.050 - JELUTONG,,04,Terra Matrix Sdn Bhd,,,,N.30,,PEMAJU,N.30 - SUNGAI PINANG,40270,3,627,100.32777800002977,5.397611000194054
,,JELUTONG,,SUNGAI PINANG,1593388800000,Galvanized,20,Diserah kepada MBPP,Persimpangan Lebuh Sungai Pinang / Lebuhraya Tun Dr. Lim Chong Eu,1,2,5.398778,,,TIMOR LAUT,,,MBPP,1,Pemantauan Lalulintas dan Keselamatan,1,Wireless dari D06,P.050,Jelutong Developement Sdn Bhd,2,,,DTL,1,, ,D07,,GH Consultans Sdn Bhd,1593388800000,,100.3265,,07,628,P.050 - JELUTONG,,04,Terra Matrix Sdn Bhd,,,,N.30,,PEMAJU,N.30 - SUNGAI PINANG,40271,3,628,100.32650000032203,5.398777999935444
,,BUKIT BENDERA,,TANJONG BUNGA,1596412800000,Galvanized,20,Diserah kepada MBPP,Selekoh Jalan Peter Paul Dason,1,2,5.444906,,,TIMOR LAUT,,,MBPP,1,Pemantauan Lalulintas dan Keselamatan,1,Wireless dari Q10,P.048,Ewein Zenith Sdn Bhd,2,,,DTL,1,, ,D08,,GH Consultans Sdn Bhd,1596412800000,,100.308983,,07,629,P.048 - BUKIT BENDERA,,04,Terra Matrix Sdn Bhd,,,,N.22,,PEMAJU,N.22 - TANJONG BUNGA,40272,3,629,100.30898300009865,5.444906000103084
,,JELUTONG,,BATU LANCANG,1616025600000,Galvanized,20,Diserah kepada MBPP,Persimpangan Jalan Hamilton / Lintang Hijau,1,2,5.397694,,,TIMOR LAUT,,,MBPP,1,Pemantauan Lalulintas dan Keselamatan,1,-,P.050,Kay Pride Sdn Bhd,2,,,DTL,1,, ,D09,,Setia Sky Ville,1616025600000,,100.307333,,07,630,P.050 - JELUTONG,,04,Sunway Digital Wave Sdn Bhd,,,,N.31,,PEMAJU,N.31 - BATU LANCANG,40273,3,630,100.3073330002162,5.397694000216324
,,JELUTONG,,BATU LANCANG,1616025600000,Galvanized,20,Diserah kepada MBPP,Persimpangan Jalan Van Praagh / Jalan Sir Ibrahim,1,2,5.398278,,,TIMOR LAUT,,,MBPP,1,Pemantauan Lalulintas dan Keselamatan,1,-,P.050,Kay Pride Sdn Bhd,2,,,DTL,1,, ,D10,,Setia Sky Ville,1616025600000,,100.309917,,07,631,P.050 - JELUTONG,,04,Sunway Digital Wave Sdn Bhd,,,,N.31,,PEMAJU,N.31 - BATU LANCANG,40274,3,631,100.30991700003617,5.398278000335664
,,JELUTONG,,BATU LANCANG,1616025600000,Galvanized,20,Diserah kepada MBPP,Persimpangan Jalan Van Praagh / Solok Slim,1,2,5.3977,,,TIMOR LAUT,,,MBPP,1,Pemantauan Lalulintas dan Keselamatan,1,-,P.050,Kay Pride Sdn Bhd,2,,,DTL,1,, ,D11,,Setia Sky Ville,1616025600000,,100.3112,,07,632,P.050 - JELUTONG,,04,Sunway Digital Wave Sdn Bhd,,,,N.31,,PEMAJU,N.31 - BATU LANCANG,40275,3,632,100.31120000040801,5.3977000001834385
,,BALIK PULAU,,BAYAN LEPAS,1609372800000,Galvanized,20,Diserah kepada MBPP,Persimpangan Persiaran Relau / Cangkat Sungai Ara 19,1,2,5.335264,,,BARAT DAYA,,,JKR,2,Pemantauan Lalulintas dan Keselamatan,1,-,P.053,Corfield Development Sdn Bhd,2,,,DBD,1,, ,D12,,GH Tag Consultancy,1609372800000,,100.267483,,07,633,P.053 - BALIK PULAU,,05,Terra Matrix Sdn Bhd,,,,N.38,,PEMAJU,N.38 - BAYAN LEPAS,50067,3,633,100.26748300012554,5.335264000325715
,,JELUTONG,,BATU LANCANG,,Galvanize,20,KPKT,Jalan The Ewe Lim - Jalan Sir Ibrahim,1,0,5.392561,,,TIMOR LAUT,,, , ,Pemantauan Lalulintas dan Keselamatan, , ,P.050, , ,,,DTL,1,, ,C23,, ,,,100.308072,,07,634,P.050 - JELUTONG,,04, ,,,,N.31,,KPKT,N.31 - BATU LANCANG,40276,1,634,100.30807199960054,5.39256099958287
,,BUKIT GELUGOR,,PAYA TERUBONG,1609372800000,Galvanized,20,Diserah kepada MBPP,Persimpangan Persiaran Relau / Lintang Sungai Ara 7,2,2,5.337597,,,TIMOR LAUT,,,JKR,1,Pemantauan Lalulintas dan Keselamatan,1,-,P.051,Corfield Development Sdn Bhd,2,,,DTL,1,, ,D13,,GH Tag Consultancy,1609372800000,,100.270514,,07,635,P.051 - BUKIT GELUGOR,,04,Terra Matrix Sdn Bhd,,,,N.34,,PEMAJU,N.34 - PAYA TERUBONG,40277,3,635,100.27051400037156,5.33759699980331
,,BAYAN BARU,,PANTAI JEREJAK,1620604800000,Galvanized,20,Diserah kepada MBPP,Persiaran Bayan Indah - Queens Waterfront (Fasa 1),1,2,5.333133,,,BARAT DAYA,,,JKR,1,Pemantauan Lalulintas dan Keselamatan,1,Wireless dari LR3,P.052,Ideal Property Sdn Bhd,2,,,DBD,1,, ,D14,,Ideal GIM Venture Sdn Bhd,1620604800000,,100.309017,,07,636,P.052 - BAYAN BARU,,05,Terra Matrix Sdn Bhd,,,,N.36,,PEMAJU,N.36 - PANTAI JEREJAK,50068,3,636,100.30901699976249,5.33313300023602
,,BAYAN BARU,,PANTAI JEREJAK,1646265600000,Galvanized,20,Diserah kepada MBPP,Persiaran Bayan Indah -Queens Waterfront (Fasa 2),1,2,5.334259,,,BARAT DAYA,,,JKR,2,Pemantauan Lalulintas dan Keselamatan,1,Wireless dari D14,P.052,Ideal Property Sdn Bhd,2,,,DBD,1,, ,D15,,Ideal GIM Venture Sdn Bhd,1646265600000,,100.309569,,07,637,P.052 - BAYAN BARU,,05,Terra Matrix Sdn Bhd,,,,N.36,,PEMAJU,N.36 - PANTAI JEREJAK,50069,3,637,100.30956899964264,5.3342589997683065
,,BAYAN BARU,,PANTAI JEREJAK,1646265600000,Galvanized,20,Diserah kepada MBPP,Persiaran Bayan Indah - Queens Waterfront (Fasa 2),1,2,5.336933,,,BARAT DAYA,,,JKR,2,Pemantauan Lalulintas dan Keselamatan,1,Wireless dari D15,P.052,Ideal Property Sdn Bhd,2,,,DBD,1,, ,D16,,Ideal GIM Venture Sdn Bhd,1646265600000,,100.310624,,07,638,P.052 - BAYAN BARU,,05,Terra Matrix Sdn Bhd,,,,N.36,,PEMAJU,N.36 - PANTAI JEREJAK,50070,3,638,100.31062399991283,5.336932999920473
,,BAYAN BARU,,BATU UBAN,1615420800000,Galvanized,20,Diserah kepada MBPP,Persimpangan Jalan Tun Dr. Awang / Persiaran Mahsuri,1,2,5.331194,,,TIMOR LAUT,,,JKR,2,Pemantauan Lalulintas dan Keselamatan,1,Wireless dari N25,P.052,Eco Meridian Sdn Bhd,2,,,DTL,1,, ,D17,,GH Consultans Sdn Bhd,1615420800000,,100.281694,,07,639,P.052 - BAYAN BARU,,04,Terra Matrix Sdn Bhd,,,,N.35,,PEMAJU,N.35 - BATU UBAN,40278,3,639,100.28169400021208,5.3311939996597895
,,BAYAN BARU,,PANTAI JEREJAK,1615420800000,Galvanized,20,Diserah kepada MBPP,Bulatan Persiaran Mahsuri,1,2,5.329528,,,BARAT DAYA,,,JKR,1,Pemantauan Lalulintas dan Keselamatan,1,Wireless dari D17,P.052,Eco Meridian Sdn Bhd,2,,,DBD,1,, ,D18,,GH Consultans Sdn Bhd,1615420800000,,100.282194,,07,640,P.052 - BAYAN BARU,,05,Terra Matrix Sdn Bhd,,,,N.36,,PEMAJU,N.36 - PANTAI JEREJAK,50071,3,640,100.28219400004065,5.32952800014021
,,BUKIT BENDERA,,TANJONG BUNGA,1628035200000,Galvanized,20,Diserah kepada MBPP,Persimpangan Lintang Lembah Permai 1 / Lorong Lembah Permai 3,1,2,5.45425,,,TIMOR LAUT,,,JKR,1,Pemantauan Lalulintas dan Keselamatan,1,-,P.048,Taman Sri Bunga Sdn Bhd,2,,,DTL,1,, ,D19,,GH Tag Consultancy,1628035200000,,100.282111,,07,641,P.048 - BUKIT BENDERA,,04,Terra Matrix Sdn Bhd,,,,N.22,,PEMAJU,N.22 - TANJONG BUNGA,40279,3,641,100.28211099994508,5.454249999911945
,,TANJONG,,KOMTAR,,Galvanize,20,KPKT,Simpang Jalan Macalister / Jalan Anson,1,0,5.417344,,,TIMOR LAUT,,, , ,Pemantauan Lalulintas dan Keselamatan, , ,P.049, , ,,,DTL,1,, ,C01,, ,,,100.321528,,07,642,P.049 - TANJONG,,04, ,,,,N.28,,KPKT,N.28 - KOMTAR,40280,1,642,100.32152800007823,5.417344000148655
,,TANJONG,,KOMTAR,,Galvanize,20,KPKT,Jalan Macalister - Depan BSN,1,0,5.414558,,,TIMOR LAUT,,, , ,Pemantauan Lalulintas dan Keselamatan, , ,P.049, , ,,,DTL,1,, ,C02,, ,,,100.327489,,07,643,P.049 - TANJONG,,04, ,,,,N.28,,KPKT,N.28 - KOMTAR,40281,1,643,100.3274890002942,5.414557999583437
,,TANJONG,,KOMTAR,,Galvanize,20,KPKT,Jalan Burmah - Telekom,1,0,5.418489,,,TIMOR LAUT,,, , ,Pemantauan Lalulintas dan Keselamatan, , ,P.049, , ,,,DTL,1,, ,C03,, ,,,100.327939,,07,644,P.049 - TANJONG,,04, ,,,,N.28,,KPKT,N.28 - KOMTAR,40282,1,644,100.32793900018582,5.41848899958351
,,TANJONG,,PADANG KOTA,,Galvanize,20,KPKT,Lebuh Cecil - Lebuh McNair (Pasar),1,0,5.424553,,,TIMOR LAUT,,, , ,Pemantauan Lalulintas dan Keselamatan, , ,P.049, , ,,,DTL,1,, ,C05,, ,,,100.3289,,07,645,P.049 - TANJONG,,04, ,,,,N.26,,KPKT,N.26 - PADANG KOTA,40283,1,645,100.32890000013577,5.424552999638583
,,TANJONG,,PADANG KOTA,,Galvanize,20,KPKT,Jalan Burmah / Jalan Zainal Abidin,1,0,5.41915,,,TIMOR LAUT,,, , ,Pemantauan Lalulintas dan Keselamatan, , ,P.049, , ,,,DTL,1,, ,C06,, ,,,100.327139,,07,646,P.049 - TANJONG,,04, ,,,,N.26,,KPKT,N.26 - PADANG KOTA,40284,1,646,100.3271390000735,5.419150000066964
,,TANJONG,,KOMTAR,,Galvanize,20,KPKT,Jalan Dato Keramat / New Lane (Times Square),1,0,5.413036,,,TIMOR LAUT,,, , ,Pemantauan Lalulintas dan Keselamatan, , ,P.049, , ,,,DTL,1,, ,C07,, ,,,100.325772,,07,647,P.049 - TANJONG,,04, ,,,,N.28,,KPKT,N.28 - KOMTAR,40285,1,647,100.32577199964177,5.413036000055051
,,JELUTONG,,SUNGAI PINANG,,Galvanize,20,KPKT,Jalan Sungai - Jalan Veterina,1,0,5.40595,,,TIMOR LAUT,,, , ,Pemantauan Lalulintas dan Keselamatan, , ,P.050, , ,,,DTL,1,, ,C08,, ,,,100.323472,,07,648,P.050 - JELUTONG,,04, ,,,,N.30,,KPKT,N.30 - SUNGAI PINANG,40286,1,648,100.3234720001247,5.405950000002021
,,BUKIT BENDERA,,PULAU TIKUS,,Galvanize,20,KPKT,Jalan Cantonment - Maybank,1,0,5.432381,,,TIMOR LAUT,,, , ,Pemantauan Lalulintas dan Keselamatan, , ,P.048, , ,,,DTL,1,, ,C09,, ,,,100.312133,,07,649,P.048 - BUKIT BENDERA,,04, ,,,,N.25,,KPKT,N.25 - PULAU TIKUS,40287,1,649,100.31213300006492,5.432380999893281
,,BUKIT BENDERA,,PULAU TIKUS,,Galvanize,20,KPKT,Jalan Burmah - Belissa Row,1,0,5.432719,,,TIMOR LAUT,,, , ,Pemantauan Lalulintas dan Keselamatan, , ,P.048, , ,,,DTL,1,, ,C10,, ,,,100.302308,,07,650,P.048 - BUKIT BENDERA,,04, ,,,,N.25,,KPKT,N.25 - PULAU TIKUS,40288,1,650,100.30230799969583,5.432718999631006
,,BUKIT BENDERA,,PULAU TIKUS,,Galvanize,20,KPKT,Jalan Gottlied - Goodall Café,1,0,5.432797,,,TIMOR LAUT,,, , ,Pemantauan Lalulintas dan Keselamatan, , ,P.048, , ,,,DTL,1,, ,C11,, ,,,100.302305,,07,651,P.048 - BUKIT BENDERA,,04, ,,,,N.25,,KPKT,N.25 - PULAU TIKUS,40289,1,651,100.30230500027959,5.432796999671804
,,BUKIT BENDERA,,PULAU TIKUS,,Galvanize,20,KPKT,Persiaran Gurney - Silverton,1,0,5.43559,,,TIMOR LAUT,,, , ,Pemantauan Lalulintas dan Keselamatan, , ,P.048, , ,,,DTL,1,, ,C12,, ,,,100.3136,,07,652,P.048 - BUKIT BENDERA,,04, ,,,,N.25,,KPKT,N.25 - PULAU TIKUS,40290,1,652,100.31359999991209,5.435589999723446
,,BUKIT BENDERA,,PULAU TIKUS,,Galvanize,20,KPKT,Simpang Burmah - Lorong Kucing,1,0,5.432361,,,TIMOR LAUT,,, , ,Pemantauan Lalulintas dan Keselamatan, , ,P.048, , ,,,DTL,1,, ,C13,, ,,,100.309381,,07,653,P.048 - BUKIT BENDERA,,04, ,,,,N.25,,KPKT,N.25 - PULAU TIKUS,40291,1,653,100.3093809998549,5.432360999914849
,,TANJONG,,PADANG KOTA,,Galvanize,20,KPKT,Simpang Lebuh Leith - Lebuh Muntri,1,0,5.420572,,,TIMOR LAUT,,, , ,Pemantauan Lalulintas dan Keselamatan, , ,P.049, , ,,,DTL,1,, ,C14,, ,,,100.333925,,07,654,P.049 - TANJONG,,04, ,,,,N.26,,KPKT,N.26 - PADANG KOTA,40292,1,654,100.33392499970105,5.420572000047935
,,TANJONG,,PADANG KOTA,,Galvanize,20,KPKT,Simpang Lebuh Chulia - Love Lane,1,0,5.41837056,,,TIMOR LAUT,,, , ,Pemantauan Lalulintas dan Keselamatan, , ,P.049, , ,,,DTL,1,, ,C15,, ,,,100.33624372,,07,655,P.049 - TANJONG,,04, ,,,,N.26,,KPKT,N.26 - PADANG KOTA,40293,1,655,100.3362437201391,5.418370560021706
,,TANJONG,,PADANG KOTA,,Galvanize,20,KPKT,Simpang Lebuh Farquhar - Lebuh Light,1,0,5.420889,,,TIMOR LAUT,,, , ,Pemantauan Lalulintas dan Keselamatan, , ,P.049, , ,,,DTL,1,, ,C16,, ,,,100.338283,,07,656,P.049 - TANJONG,,04, ,,,,N.26,,KPKT,N.26 - PADANG KOTA,40294,1,656,100.33828299982223,5.420889000252314
,,TANJONG,,PADANG KOTA,,Galvanize,20,KPKT,Simpang Jalan Masjid Kapitan Keling - Lebuh China,1,0,5.418336,,,TIMOR LAUT,,, , ,Pemantauan Lalulintas dan Keselamatan, , ,P.049, , ,,,DTL,1,, ,C17,, ,,,100.338794,,07,657,P.049 - TANJONG,,04, ,,,,N.26,,KPKT,N.26 - PADANG KOTA,40295,1,657,100.33879399969769,5.418336000143735
,,TANJONG,,PADANG KOTA,,Galvanize,20,KPKT,Simpang Lebuh Campbell - Lebuh Cintra,1,0,5.417594,,,TIMOR LAUT,,, , ,Pemantauan Lalulintas dan Keselamatan, , ,P.049, , ,,,DTL,1,, ,C18,, ,,,100.334708,,07,658,P.049 - TANJONG,,04, ,,,,N.26,,KPKT,N.26 - PADANG KOTA,40296,1,658,100.33470799997536,5.4175939997844065
,,JELUTONG,,BATU LANCANG,,Galvanize,20,KPKT,Simpang Jalan Jelutong - Jalan Perak,1,0,5.390989,,,TIMOR LAUT,,, , ,Pemantauan Lalulintas dan Keselamatan, , ,P.050, , ,,,DTL,1,, ,C19,, ,,,100.313172,,07,659,P.050 - JELUTONG,,04, ,,,,N.31,,KPKT,N.31 - BATU LANCANG,40297,1,659,100.31317199991429,5.390989000065982
,,BUKIT BENDERA,,PULAU TIKUS,,Galvanize,20,KPKT,Jalan Perak - Jalan Slim,1,0,5.431975,,,TIMOR LAUT,,, , ,Pemantauan Lalulintas dan Keselamatan, , ,P.048, , ,,,DTL,1,, ,C20,, ,,,100.3149,,07,660,P.048 - BUKIT BENDERA,,04, ,,,,N.25,,KPKT,N.25 - PULAU TIKUS,40298,1,660,100.31490000021716,5.431974999710654
,,JELUTONG,,BATU LANCANG,,Galvanize,20,KPKT,Jalan Penaga / Lorong Juru - Pasar,1,0,5.38994,,,TIMOR LAUT,,, , ,Pemantauan Lalulintas dan Keselamatan, , ,P.050, , ,,,DTL,1,, ,C21,, ,,,100.31169,,07,661,P.050 - JELUTONG,,04, ,,,,N.31,,KPKT,N.31 - BATU LANCANG,40299,1,661,100.3116899997404,5.389940000383186
,,JELUTONG,,BATU LANCANG,,Galvanize,20,KPKT,Jalan Jelutong - Pejabat Pos,1,0,5.387383,,,TIMOR LAUT,,, , ,Pemantauan Lalulintas dan Keselamatan, , ,P.050, , ,,,DTL,1,, ,C22,, ,,,100.31266,,07,662,P.050 - JELUTONG,,04, ,,,,N.31,,KPKT,N.31 - BATU LANCANG,40300,1,662,100.3126599995957,5.387382999774867
,,BUKIT GELUGOR,,PAYA TERUBONG,,Galvanize,20,KPKT,Jalan Tun Dr Awang'- Kompleks Sri Relau,1,0,5.330778,,,TIMOR LAUT,,, , ,Pemantauan Lalulintas dan Keselamatan, , ,P.051, , ,,,DTL,1,, ,C24,, ,,,100.279686,,07,663,P.051 - BUKIT GELUGOR,,04, ,,,,N.34,,KPKT,N.34 - PAYA TERUBONG,40301,1,663,100.27968600006454,5.3307779999188565
,,BAYAN BARU,,BATU UBAN,,Galvanize,20,KPKT,Solok Kampung Relau - BJ Kompleks,1,0,5.333442,,,TIMOR LAUT,,, , ,Pemantauan Lalulintas dan Keselamatan, , ,P.052, , ,,,DTL,1,, ,C25,, ,,,100.289894,,07,664,P.052 - BAYAN BARU,,04, ,,,,N.35,,KPKT,N.35 - BATU UBAN,40302,1,664,100.28989399981937,5.33344199977987
,,BUKIT GELUGOR,,PAYA TERUBONG,,Galvanize,20,KPKT,Jalan Semarak Api - Lorong Semarak Api 1,1,0,5.385753,,,TIMOR LAUT,,, , ,Pemantauan Lalulintas dan Keselamatan, , ,P.051, , ,,,DTL,1,, ,C26,, ,,,100.282831,,07,665,P.051 - BUKIT GELUGOR,,04, ,,,,N.34,,KPKT,N.34 - PAYA TERUBONG,40303,1,665,100.28283099964706,5.385752999702642
,,JELUTONG,,DATOK KERAMAT,,Galvanize,20,KPKT,Jalan Kampar / Jalan Kemaman,1,0,5.409028,,,TIMOR LAUT,,, , ,Pemantauan Lalulintas dan Keselamatan, , ,P.050, , ,,,DTL,1,, ,C27,, ,,,100.307906,,07,666,P.050 - JELUTONG,,04, ,,,,N.29,,KPKT,N.29 - DATOK KERAMAT,40304,1,666,100.30790600015209,5.409027999889658
,,BAYAN BARU,,PANTAI JEREJAK,,Galvanize,20,KPKT,Parking Motosikal belakang Sunshine - Eden Bakery,1,0,5.326381,,,BARAT DAYA,,, , ,Pemantauan Lalulintas dan Keselamatan, , ,P.052, , ,,,DBD,1,, ,C28,, ,,,100.286792,,07,667,P.052 - BAYAN BARU,,05, ,,,,N.36,,KPKT,N.36 - PANTAI JEREJAK,50072,1,667,100.28679200035957,5.326380999768557
,,BAYAN BARU,,PANTAI JEREJAK,,Galvanize,20,KPKT,Simpang Jalan Mahsuri - Jalan Mayang Pasir,1,0,5.326708,,,BARAT DAYA,,, , ,Pemantauan Lalulintas dan Keselamatan, , ,P.052, , ,,,DBD,1,, ,C29,, ,,,100.287597,,07,668,P.052 - BAYAN BARU,,05, ,,,,N.36,,KPKT,N.36 - PANTAI JEREJAK,50073,1,668,100.28759699975966,5.326708000417217
,,BAYAN BARU,,BATU MAUNG,,Galvanize,20,KPKT,Desa Mayan - Pasar Awam,1,0,5.318797,,,BARAT DAYA,,, , ,Pemantauan Lalulintas dan Keselamatan, , ,P.052, , ,,,DBD,1,, ,C30,, ,,,100.278611,,07,669,P.052 - BAYAN BARU,,05, ,,,,N.37,,KPKT,N.37 - BATU MAUNG,50074,1,669,100.27861099959611,5.318796999806935
,,BAYAN BARU,,PANTAI JEREJAK,,Galvanize,20,KPKT,Jalan Sultan Azlan Shah (Shell & Caltex),1,0,5.334583,,,BARAT DAYA,,, , ,Pemantauan Lalulintas dan Keselamatan, , ,P.052, , ,,,DBD,1,, ,C31,, ,,,100.296658,,07,670,P.052 - BAYAN BARU,,05, ,,,,N.36,,KPKT,N.36 - PANTAI JEREJAK,50075,1,670,100.29665800013137,5.334583000240999
,,BAYAN BARU,,PANTAI JEREJAK,,Galvanize,20,KPKT,Simpang Jalan Sultan Azlan Shah / Jalan Mahsuri,1,0,5.326153,,,BARAT DAYA,,, , ,Pemantauan Lalulintas dan Keselamatan, , ,P.052, , ,,,DBD,1,, ,C32,, ,,,100.292031,,07,671,P.052 - BAYAN BARU,,05, ,,,,N.36,,KPKT,N.36 - PANTAI JEREJAK,50076,1,671,100.29203099967042,5.326152999792786
,,BUKIT GELUGOR,,PAYA TERUBONG,,Galvanize,12,MBPP,Lebuhraya Berkembar Bukit Kukus - Lokasi 1,1,2,5.359389,,,TIMOR LAUT,,, ,0,Pemantauan Lalulintas dan Keselamatan,1, ,P.051, ,2,,,DTL,1,, ,PTH1,, ,1640995200000,,100.27444,,07,672,P.051 - BUKIT GELUGOR,,04,Datasonic Technologies Sdn Bhd,,,,N.34,,Projek Pembinaan Lebuhraya Berkembar Bukit Kukus,N.34 - PAYA TERUBONG,40305,3,672,100.27443999999886,5.359389000110044
,,BUKIT GELUGOR,,PAYA TERUBONG,,Galvanize,12,MBPP,Lebuhraya Berkembar Bukit Kukus - Lokasi 2,1,2,5.355778,,,TIMOR LAUT,,, ,0,Pemantauan Lalulintas dan Keselamatan,1, ,P.051, ,2,,,DTL,1,, ,PTH2,, ,1640995200000,,100.275278,,07,673,P.051 - BUKIT GELUGOR,,04,Datasonic Technologies Sdn Bhd,,,,N.34,,Projek Pembinaan Lebuhraya Berkembar Bukit Kukus,N.34 - PAYA TERUBONG,40306,3,673,100.27527800007437,5.355778000338282
,,BUKIT GELUGOR,,PAYA TERUBONG,,Galvanize,12,MBPP,Lebuhraya Berkembar Bukit Kukus - Lokasi 3,1,2,5.352417,,,TIMOR LAUT,,, ,0,Pemantauan Lalulintas dan Keselamatan,1, ,P.051, ,2,,,DTL,1,, ,PTH3,, ,1640995200000,,100.271064,,07,674,P.051 - BUKIT GELUGOR,,04,Datasonic Technologies Sdn Bhd,,,,N.34,,Projek Pembinaan Lebuhraya Berkembar Bukit Kukus,N.34 - PAYA TERUBONG,40307,3,674,100.27106399959227,5.3524169998621165
,,BUKIT GELUGOR,,PAYA TERUBONG,,Galvanize,12,MBPP,Lebuhraya Berkembar Bukit Kukus - Lokasi 4,1,2,5.34645,,,TIMOR LAUT,,, ,0,Pemantauan Lalulintas dan Keselamatan,1, ,P.051, ,2,,,DTL,1,, ,PTH4,, ,1640995200000,,100.277689,,07,675,P.051 - BUKIT GELUGOR,,04,Datasonic Technologies Sdn Bhd,,,,N.34,,Projek Pembinaan Lebuhraya Berkembar Bukit Kukus,N.34 - PAYA TERUBONG,40308,3,675,100.27768899978382,5.346450000387553
,,BUKIT GELUGOR,,PAYA TERUBONG,,Galvanize,12,MBPP,Lebuhraya Berkembar Bukit Kukus - Lokasi 5,1,2,5.343144,,,TIMOR LAUT,,, ,1,Pemantauan Lalulintas dan Keselamatan,1, ,P.051, ,2,,,DTL,1,, ,PTH5,, ,1640995200000,,100.281175,,07,676,P.051 - BUKIT GELUGOR,,04,Datasonic Technologies Sdn Bhd,,,,N.34,,Projek Pembinaan Lebuhraya Berkembar Bukit Kukus,N.34 - PAYA TERUBONG,40309,3,676,100.28117499995092,5.343143999614071
,,BAYAN BARU,,BATU MAUNG,1679616000000,Galvanize,20,Diserah kepada MBPP,Jalan Batu Maung / Lintang Beringin 3,1,2,5.279554,,,BARAT DAYA,,,JKR,1,Pemantauan Lalulintas dan Keselamatan,1, ,P.052,Beechwood Capital Sdn Bhd,2,,,DBD,1,, ,D20,,Perunding Jurutera CSN,1679616000000,,100.271371,,07,677,P.052 - BAYAN BARU,,05,Terra Matrix Sdn Bhd,,,,N.37,,PEMAJU,N.37 - BATU MAUNG,50077,3,677,100.27137100020632,5.279554000365931
,,TANJONG,,PADANG KOTA,,Galvanize,12,MBPP,Lebuh King (Persimpangan Lebuh King / Lebuh Pasar),1,1,5.41719859,,,TIMOR LAUT,,,, ,Pemantauan Lalulintas Dan Keselamatan, ,Wireless dari L02 (Fasa 1),P.049, , ,,,DTL,1,,,L01,, ,1388534400000,,100.33937949,,07,678,P.049 - TANJONG,,04, ,,,,N.26,,Fasa 1,N.26 - PADANG KOTA,40310,2,678,100.33937948996795,5.417198589621659
