no,jalan,seksyen,remark,muk_bdr,alamat_pepasangan,pic,jumlah_bilangan_unit_pengecas,long,kod_negeri,bil_,location_coordinate,ac_bay,kg_tmn,nam_par,lat,dc_bay,kod_daerah,a,ac,id_ev,tarikkkemaskini,nam_adm,catatan,kod_dun,nama_pemegang_lesen_,upi,jumlah_bay,kod_par,unit_tkt,negeri,nam_dun,bangunan,no__lesen,daerah,daerah_1,kapasiti_pepasangan__kw_,tempoh_sah_lesen,objectid,dc,geometry_x,geometry_y
10,LEBUH FARQUHAR,SEK. 14,,GEORGE TOWN,"EASTERN & ORIENTAL HOTEL, 10, LEBUH FARQUHAR, GEORGETOWN, 10200 GEORGETOWN PULAU PINANG",,2,100.33597287,07,46,"5.423470610721827, 100.33597286891687",2,,P.049 - TANJONG,5.42347061,0,04,1,2,40001,1767052800000,DTL GEORGE TOWN SEK. 14,,N.26,PIXELBYTE SDN BHD,070444014,2,P.049,,PULAU PINANG,N.26 - PADANG KOTA,EASTERN & ORIENTAL HOTEL,LA 12/1/16/130 (D-EVCS),DTL,TIMOR LAUT,22,16/6/2023 - 15/6/2033,1,0,100.33597286900005,5.4234706110000275
15,JALAN ANSON,SEK. 16,,GEORGE TOWN,"BANGUNAN KOMERSIL AUTO BAVARIA PENANG,15, JALAN ANSON, 10400 GEORGETOWN PULAU PINANG",,3,100.32487223,07,65,"5.4210293200924005, 100.32487223163088",2,,P.049 - TANJONG,5.42102932,1,04,1,2,40002,1767052800000,DTL GEORGE TOWN SEK. 16,"Exact LC: 5.4209580226182, 100.3250647821259",N.26,KINETA SDN. BHD,070444016,3,P.049,,PULAU PINANG,N.26 - PADANG KOTA,BANGUNAN KOMERSIL AUTO BAVARIA PENANG,LA 12/1/16/94 (D-EVCS),DTL,TIMOR LAUT,38,11/7/2023 - 10/7/2033,2,1,100.32487223200008,5.421029320000059
,GURNEU DR,SEK. 1,,GEORGE TOWN,"BANGUNAN KOMERSIL HYUNDAI PENANG CITY STORE, L1.18 GROUND FLOOR, GURNEU DR, 10250 GEORGETOWN  PULAU PINANG",,1,100.31096958,07,76,"5.4350955514310595, 100.31096958055876",1,,P.048 - BUKIT BENDERA,5.43509555,0,04,1,1,40003,1767052800000,DTL GEORGE TOWN SEK. 1,,N.25,KINETA SDN. BHD,070444001,1,P.048,L1.18 GROUND FLOOR,PULAU PINANG,N.25 - PULAU TIKUS,BANGUNAN KOMERSIL HYUNDAI PENANG CITY STORE,LA 12/1/16/100 (D-EVCS),DTL,TIMOR LAUT,22,11/7/2023 - 10/7/2033,3,0,100.31096958100005,5.4350955510000745
NO.3,JALAN SUNGAI PINANG,SEK. 9(w),,GEORGE TOWN,"NO.3, JALAN SUNGAI PINANG, TAMAN LITA, 10150 GEORGETOWN PULAU PINANG",,1,100.32280087,07,77,"5.4015741808726965, 100.32280086521523",1,TAMAN LITA,P.050 - JELUTONG,5.40157418,0,04,1,1,40004,1767052800000,DTL GEORGE TOWN SEK. 9(w),"More accurate LC: 5.401951117924516, 100.32332293692214",N.30,KINETA SDN. BHD,070444025,1,P.050,,PULAU PINANG,N.30 - SUNGAI PINANG,AUTO BAVARIA SUNGAI PINANG,LA 12/1/16/95 (D-EVCS),DTL,TIMOR LAUT,22,6/7/2023 - 7/7/2033,4,0,100.32280086500003,5.401574181000058
,JALAN BARU, ,,MUKIM 1,"BANGUNAN KOMERSIL PORSCHE CENTRE PENANG, LOT 6985, JALAN BARU, MUKIM 1 KAMPUNG JAWA, SEBERANG PERAI, 13700 PERAI PULAU PINANG",,4,100.40718111,07,85,"5.375076454476257, 100.40718111124492",2,KAMPUNG JAWA,P.044 - PERMATANG PAUH,5.37507645,4,01,1,2,10001,1767052800000,SPT MUKIM 1,,N.10,SIME DARBY AUTO PERFORMANCE SDN BHD,070101000,6,P.044,LOT 6985,PULAU PINANG,N.10 - SEBERANG JAYA,BANGUNAN KOMERSIL PORSCHE CENTRE PENANG,LA 12/1/16/51 (D-EVCS),SPT,SEBERANG PERAI TENGAH,394,11/7/2023 - 10/7/2033,5,2,100.40718111100006,5.375076454000066
,JALAN KAMPUNG BARU, ,,MUKIM 15,"PANGSAPURI SERI JAYA, JALAN KAMPUNG BARU, TAMAN SERI JAYA BUKIT MERTAJAM,  14000 BUKIT MERTAJAM PULAU PINANG",,2,100.47283194,07,137,"5.350034572411059, 100.47283193822982",2,TAMAN SERI JAYA BUKIT MERTAJAM,P.045 - BUKIT MERTAJAM,5.35003457,0,01,1,2,10002,1767052800000,SPT MUKIM 15,,N.13,CHARGEHERE EV SOLUTION SDN BHD,070115000,2,P.045,,PULAU PINANG,N.13 - BERAPIT,PANGSAPURI SERI JAYA JALAN KAMPUNG BARU,LA 12/1/16/216 (D-EVCS),SPT,SEBERANG PERAI TENGAH,22,25/10/2023 - 24/10/2033,6,0,100.47283193800007,5.350034572000027
1874,LORONG IKS BUKIT TENGAH, ,,MUKIM 11,"TEMPAT LETAK KERETA, AUDI JURU 4S, 1874, LORONG IKS BUKIT TENGAH, TAMAN IKS, BUKIT TENGAH MUKIM 11 , 14000 SEBERANG PERAI TENGAH PULAU PINANG",,1,100.43482938,07,150,"5.336855041222335, 100.4348293805581",0,TAMAN IKS,P.046 - BATU KAWAN,5.33685504,2,01,1,0,10004,1767052800000,SPT MUKIM 11,,N.17,GOH BROTHERS MOTOR SDN. BHD.,070111000,2,P.046,,PULAU PINANG,N.17 - BUKIT TENGAH,TEMPAT LETAK KERETA  AUDI JURU 4S,LA 12/1/16/197 (D-EVCS),SPT,SEBERANG PERAI TENGAH,180,24/10/2023 - 23/10/2033,7,1,100.43482938100004,5.336855041000035
" 28A,",JALAN DESIRAN TANJUNG 4,SEK. 1,,TANJONG TOKONG,"MARINOX SKY VILLAS, 28A, JALAN DESIRAN TANJUNG 4, SERI TANJUNG PINANG, 10470 TANJUNG TOKONG PULAU PINANG",,3,100.31004827,07,172,"5.454611599636634, 100.31004826521553",0,,P.048 - BUKIT BENDERA,5.4546116,3,04,1,0,40005,1767052800000,DTL TANJONG TOKONG SEK. 1,,N.22,CHARGEHERE EV SOLUTION SDN BHD,070447001,3,P.048,,PULAU PINANG,N.22 - TANJONG BUNGA,MARINOX SKY VILLAS,LA 12/1/16/229 (D-EVCS),DTL,TIMOR LAUT,66,21/11/2023 - 20/11/2033,8,3,100.31004826500003,5.454611600000021
,LORONG ABU SITI ,SEK. 16,,GEORGE TOWN,"CARPARK GROUND FLOOR, LOT 103, CHOO PLAZA, LORONG ABU SITI GEORGETOWN TIMOR LAUT, 10400 GEORGETOWN PULAU PINANG",,1,100.32375077,07,205,"5.417984354218417, 100.32375077141181",1,,P.049 - TANJONG,5.41798435,0,04,1,1,40006,1767052800000,DTL GEORGE TOWN SEK. 16,,N.26,HANDAL GREEN MOBILITY SDN. BHD.,070444016,1,P.049,CARPARK GROUND FLOOR,PULAU PINANG,N.26 - PADANG KOTA,"LOT 103, CHOO PLAZA",LA 12/1/16/258 (D-EVCS),DTL,TIMOR LAUT,120,5/12/2023 - 4/12/2033,9,0,100.32375077100005,5.417984354000055
11,JALAN TELUK BAHANG, ,,MUKIM 2,"ANGSANA TELUK BAHANG 11, JALAN TELUK BAHANG, 11050 TELUK BAHANG PULAU PINANG",,3,100.21929717,07,228,"5.461725341666678, 100.21929716931346",2,,P.053 - BALIK PULAU,5.46172534,2,05,1,2,50001,1767052800000,DBD MUKIM 2,,N.40,CHARGEHERE EV SOLUTION SDN BHD,070502000,4,P.053,,PULAU PINANG,N.40 - TELOK BAHANG,ANGSANA TELUK BAHANG ,LA 12/1/16/416 (D-EVCS),DBD,BARAT DAYA,62,19/2/2024 - 18/2/2034,10,1,100.21929716900007,5.4617253420000225
,JALAN PENGKALAN, ,,MUKIM 11,"CYCLE & CARRIAGE BUKIT TENGAH, LOT 1619, JALAN PENGKALAN , KAMPUNG BUKIT TENGAH, 14000 BUKIT MERTAJAM PULAU PINANG",,1,100.42463312,07,236,"5.349848600886936, 100.42463312288656",0,KAMPUNG BUKIT TENGAH,P.046 - BATU KAWAN,5.3498486,2,01,1,0,10005,1767052800000,SPT MUKIM 11,,N.17,CYCLE & CARRIAGE BINTANG (NORTHERN) SDN BHD,070111000,2,P.046,LOT 1619,PULAU PINANG,N.17 - BUKIT TENGAH,CYCLE & CARRIAGE BUKIT TENGAH,LA 12/1/16/355 (D-EVCS),SPT,SEBERANG PERAI TENGAH,180,7/2/2024 - 6/2/2034,11,1,100.42463312300004,5.349848601000076
,LEBUHRAYA BUTTERWORTH - KULIM, ,,MUKIM 4,"STESEN MINYAK PETRONAS BKE 1, LOT 119 & 123, LEBUHRAYA BUTTERWORTH - KULIM, PERMATANG PAUH MUKIM 4 SEBERANG PERAI TENGAH, 13700 SEBERANG PERAI TENGAH PULAU PINANG",,1,100.41109318,07,245,"5.397877489291228, 100.41109317625057",0,,P.044 - PERMATANG PAUH,5.39787749,1,01,1,0,10006,1767052800000,SPT MUKIM 4,,N.10,GENTARI GREEN MOBILITY SDN. BHD.,070104000,1,P.044,LOT 119 & 123,PULAU PINANG,N.10 - SEBERANG JAYA,STESEN MINYAK PETRONAS BKE 1,LA 12/1/16/373 (D-EVCS),SPT,SEBERANG PERAI TENGAH,24,16/2/2024 - 15/2/2034,12,1,100.41109317600007,5.397877489000052
,LEBUH TUNKU KUDIN 3,SEK. 4,,JELUTONG,"LOT 776, UDINI SQUARE, LEBUH TUNKU KUDIN 3, 11700 GELUGOR PULAU PINANG",,1,100.31423915,07,260,"5.378405503957347, 100.31423914917231",0,,P.051 - BUKIT GELUGOR,5.3784055,3,04,1,0,40007,1767052800000,DTL JELUTONG SEK. 4,,N.32,HANDAL GREEN MOBILITY SDN. BHD.,070445004,3,P.051,"LOT 776,",PULAU PINANG,N.32 - SERI DELIMA,UDINI SQUARE,LA 12/1/16/342 (D-EVCS),DTL,TIMOR LAUT,50,9/2/2024 - 8/2/2034,13,1,100.31423914900006,5.378405504000057
,LEBUH THEAN TEIK, ,,MUKIM 13,"ALL SEASONS PLACE, MUKIM AYER HITAM, 11500  GEORGETOWN PULAU PINANG",,4,100.29044443,07,265,"5.396598831408358, 100.29044442836353",4,,P.051 - BUKIT GELUGOR,5.39659883,0,04,1,4,40008,1767052800000,DTL MUKIM 13,,N.33,TESLA SDN BHD,070401000,4,P.051,,PULAU PINANG,N.33 - AIR ITAM,ALL SEASONS PLACE,LA 12/1/16/347 (D-EVCS),DTL,TIMOR LAUT,44,19/2/2024 - 18/2/2034,14,0,100.29044442800006,5.3965988310000625
NO.1,EDUCATION BOULEVARD, ,,MUKIM 13,"NO.1 13 BATU KAWAN, 14110 PULAU PINANG",,8,100.4262708,07,267,"5.223541943254531, 100.42627079590068",8,KAMPUNG BATU KAWAN,P.046 - BATU KAWAN,5.22354194,0,03,0,8,30001,1767052800000,SPS MUKIM 13,,N.18,TESLA SDN.BHD.,070313000,8,P.046,,PULAU PINANG,N.18 - BUKIT TAMBUN,BATU KAWAN INDUSTRIAL PARK,LA 12/1/16/370 (D-EVCS),SPS,SEBERANG PERAI SELATAN,88,20/2/2024 - 19/2/2034,15,0,100.42627079600004,5.223541943000043
,LORONG SETIA SENTRAL 2, ,,MUKIM 6,"JURU SETIA SENTRAL, LOT 6154 MUKIM 6 SEBERANG PERAI TENGAH, 13600 SEBERANG PERAI TENGAH PULAU PINANG",,1,100.41845018,07,270,"5.355406504812474, 100.41845017843869",0,,P.046 - BATU KAWAN,5.3554065,2,01,0,0,10007,1767052800000,SPT MUKIM 6,,N.17,TNBX SDN. BHD.,070106000,2,P.046, LOT 6154,PULAU PINANG,N.17 - BUKIT TENGAH,JURU SETIA SENTRAL,LA 12/1/16/351 (D-EVCS),SPT,SEBERANG PERAI TENGAH,20,7/3/2024 - 6/3/2034,16,1,100.41845017800006,5.355406505000076
102,JALAN BURMA,SEK. 15,,GEORGE TOWN,"NEW WORLD PARK, 102, JALAN BURMA, MUKIM GEORGETOWN, 10050 GEORGETOWN PULAU PINANG",,1,100.32690878,07,275,"5.420626234161724, 100.32690878465745",0,,P.049 - TANJONG,5.42062623,2,04,1,0,40009,1767052800000,DTL GEORGE TOWN SEK. 15,,N.26,CARPUT ZAP NETWORK SDN BHD,070444015,2,P.049,,PULAU PINANG,N.26 - PADANG KOTA,NEW WORLD PARK,LA 12/1/16/349 (D-EVCS),DTL,TIMOR LAUT,120,7/3/2024 - 6/3/2034,17,1,100.32690878500006,5.4206262340000535
163D,PERSIARAN GURNEY ,SEK. 1,,GEORGE TOWN,"DECATHLON GURNEY PARAGON, 163D, PERSIARAN GURNEY GEORGETOWN , 10250 GEORGETOWN PULAU PINANG",,3,100.31123512,07,289,"5.43563787457691, 100.31123512152739",3,,P.048 - BUKIT BENDERA,5.43563787,0,04,1,3,40010,1767052800000,DTL GEORGE TOWN SEK. 1,,N.25,DECATHLON MALAYSIA SDN BHD,070444001,3,P.048,,PULAU PINANG,N.25 - PULAU TIKUS,DECATHLON GURNEY PARAGON,LA 12/1/16/400 (D-EVCS),DTL,TIMOR LAUT,66,4/3/2024 - 3/3/2034,18,0,100.31123512100004,5.4356378750000545
168,JALAN TANJUNG TOKONG,SEK. 1,,TANJONG TOKONG,"168 JALAN TANJUNG TOKONG, KAMPUNG MASJID , 10470 TANJUNG TOKONG PULAU PINANG",,2,100.30562488,07,331,"5.4525240806866115, 100.30562487968622",2, KAMPUNG MASJID,P.048 - BUKIT BENDERA,5.45252408,0,04,1,2,40011,1767052800000,DTL TANJONG TOKONG SEK. 1,,N.24,ROCKETVILLE SDN BHD,070447001,2,P.048,,PULAU PINANG,N.24 - KEBUN BUNGA,FETTES RESIDENCES,LA 12/1/16/346 (D-EVCS),DTL,TIMOR LAUT,44,26/2/2024- 25/2/2034,19,0,100.30562488000004,5.4525240810000355
,JALAN SUNGAI BAKAP, ,,MUKIM 11,"LOT 10609, MUKIM, 11, JALAN SUNGAI BAKAP, 14200 SUNGAI JAWI, PULAU PINANG",,1,100.48919427,07,371,"5.193362419524151, 100.48919426784437",0,,P.047 - NIBONG TEBAL,5.19336242,2,03,1,0,30009,1770768000000,SPS MUKIM 11,,N.19,HANDAL GREEN MOBILITY SDN. BHD.,070311000,2,P.047,LOT 10609,PULAU PINANG,N.19 - JAWI,IJM BAYOURI GALLERY,LA 12/1/16/526 (D-EVCS),SPS,SEBERANG PERAI SELATAN,47,4/4/2024 - 3/4/2034,20,1,100.48919426800006,5.193362420000028
15,LEBUH LEITH,SEK. 19,,GEORGE TOWN,"THE EDISON GEORGETOWN, 15, MUKIM LEBUH LEITH, GEORGETOWN, DAERAH GEORGETOWN, 10200 GEORGETOWN PULAU PINANG",,2,100.334877,07,374,"5.420897207368989, 100.33487699502871",2,,P.049 - TANJONG,5.42089721,0,04,1,2,40012,1767052800000,DTL GEORGE TOWN SEK. 19,,N.26,JUSEV CHARGING NETWORK SDN. BHD.,070444019,2,P.049,,PULAU PINANG,N.26 - PADANG KOTA,THE EDISON GEORGETOWN,LA 12/1/16/469 (D-EVCS),DTL,TIMOR LAUT,44,21/3/2024 - 20/3/2034,21,0,100.33487699500006,5.420897207000053
34C,JALAN BATU FERRINGHI,SEK. 1,,BATU FERRINGGI,"34C, JALAN BATU FERRINGHI, 11100 BATU FERRINGHI PULAU PINANG",,1,100.24478642,07,381,"5.471116515407067, 100.24478641850705",0,KAMPUNG BATU FERRINGHI,P.048 - BUKIT BENDERA,5.47111652,2,04,1,0,40013,1767052800000,DTL BATU FERRINGGI SEK. 1,,N.22,TEMASEK LEADERS SDN. BHD.,070441001,2,P.048,,PULAU PINANG,N.22 - TANJONG BUNGA,FERRINGHI GARDEN RESTAURANT,LA 12/1/16/472 (D-EVCS),DTL,TIMOR LAUT,47,27/3/2024 - 26/3/2034,22,1,100.24478641800005,5.4711165150000625
3068,JALAN TODAK, ,,MUKIM 1,"GROUND FLOOR VALET CAR PARK, SUNWAY CARNIVAL MALL, 3068, JALAN TODAK PUSAT BANDAR SEBARANG JAYA , 13700 SEBERANG JAYA PULAU PINANG",,1,100.39861128,07,382,"5.399746064779581, 100.39861127734302",0,,P.044 - PERMATANG PAUH,5.39974606,4,01,1,0,10009,1767052800000,SPT MUKIM 1,,N.10,TESLA SDN. BHD.,070101000,4,P.044,GROUND FLOOR VALET CAR PARK,PULAU PINANG,N.10 - SEBERANG JAYA,SUNWAY CARNIVAL MALL,LA 12/1/16/521 (D-EVCS),SPT,SEBERANG PERAI TENGAH,250,4/4/2024 - 3/4/2034,23,1,100.39861127700004,5.399746065000045
33,LORONG SETIA SENTRAL 1, ,,MUKIM 6,"33, LORONG SETIA SENTRAL 1, PUSAT PERNIAGAAN SETIA SENTRAL N/A SETIA SENTRAL, 14000 PULAU PINANG",,1,100.41899468,07,393,"5.355209809741574, 100.41899467739879",0,,P.046 - BATU KAWAN,5.35520981,2,01,1,0,10010,1767052800000,SPT MUKIM 6,,N.17,EV CONNECTION SDN BHD,070106000,2,P.046,,PULAU PINANG,N.17 - BUKIT TENGAH,PUSAT PERNIAGAAN SETIA SENTRAL,LA 12/1/16/474 (D-EVCS),SPT,SEBERANG PERAI TENGAH,80,20/3/2024 - 19/3/2034,24,1,100.41899467700006,5.355209810000076
,JALAN BARU PERAI, ,,MUKIM 1,"BMW TIAN SIANG PREMIUM AUTO, LOT 6235 JALAN BARU PERAI, 13700 PERAI PULAU PINANG",,1,100.40760408,07,415,"5.3736436818473505, 100.40760407968591",1,,P.046 - BATU KAWAN,5.37364368,0,01,1,1,10011,1767052800000,SPT MUKIM 1,,N.17,GREEN EV CHARGE SDN BHD,070101000,1,P.046,LOT 6235,PULAU PINANG,N.17 - BUKIT TENGAH,BMW TIAN SIANG PREMIUM AUTO,LA 12/1/16/517 (D-EVCS),SPT,SEBERANG PERAI TENGAH,3.7,22/4/2024 - 21/4/2034,25,0,100.40760408000006,5.373643682000022
,SOLOK THEAN TEIK,SEK. 5,,GEORGE TOWN,"BOULEVARD CONDOMINIUM, SOLOK THEAN TEIK, 11500 AIR ITAM PULAU PINANG",,3,100.29439631,07,424,"5.39790923221821, 100.29439630852167",3,,P.051 - BUKIT GELUGOR,5.39790923,0,04,1,3,40014,1767052800000,DTL GEORGE TOWN SEK. 5,,N.33,CHARGEHERE EV SOLUTION SDN BHD,070444005,3,P.051,,PULAU PINANG,N.33 - AIR ITAM,BOULEVARD CONDOMINIUM,LA 12/1/16/580 (D-EVCS),DTL,TIMOR LAUT,33,4/6/2024 - 3/6/2034,26,0,100.29439630800005,5.3979092320000746
,LORONG SETIA SENTRAL 2, ,,MUKIM 6,"LOT 2A, LRG SETIA SENTRAL 2, PUSAT PERNIAGAAN SETIA SENTRAL , 14000 BUKIT MERTAJAM PULAU PINANG",,1,100.41793535,07,435,"5.354830116318838, 100.41793535400244",1,,P.046 - BATU KAWAN,5.35483012,0,01,1,1,10012,1767052800000,SPT MUKIM 6,,N.17,EV CONNECTION SDN BHD,070106000,1,P.046,LOT 2A,PULAU PINANG,N.17 - BUKIT TENGAH,PUSAT PERNIAGAAN SETIA SENTRAL,LA 12/1/16/593 (D-EVCS),SPT,SEBERANG PERAI TENGAH,22,27/5/2024 - 26/5/2034,27,0,100.41793535400006,5.354830116000073
4767,LORONG PERMATANG PAUH,SEK. 3,,BUTTERWORTH,"4767, LORONG PERMATANG PAUH TAMAN BAGAN , 13400 BUTTERWORTH PULAU PINANG",,3,100.38432614,07,437,"5.41373852338978, 100.38432613735738",3,TAMAN BAGAN,P.043 - BAGAN,5.41373852,0,02,1,3,20001,1767052800000,SPU BUTTERWORTH SEK. 3,,N.09,EV CONNECTION SDN BHD,070240003,3,P.043,,PULAU PINANG,N.09 - BAGAN DALAM,BAGAN SUITE HOTEL,LA 12/1/16/634 (D-EVCS),SPU,SEBERANG PERAI UTARA,66,27/5/2024 - 26/5/2034,28,0,100.38432613700007,5.413738523000063
118,JALAN TANJUNG TOKONG ,SEK. 2,,TANJONG TOKONG,"118, JALAN TANJUNG TOKONG SERI TANJUNG PINANG , 10470 GEORGETOWN PULAU PINANG",,4,100.3060831,07,440,"5.45079494035841, 100.30608309687827",3,,P.048 - BUKIT BENDERA,5.45079494,1,04,1,3,40015,1767052800000,DTL TANJONG TOKONG SEK. 2,,N.25,EV CONNECTION SDN BHD,070447002,4,P.048,,PULAU PINANG,N.25 - PULAU TIKUS,ISLAND 88,LA 12/1/16/482 (D-EVCS),DTL,TIMOR LAUT,81,30/4/2024 - 29/4/2034,29,1,100.30608309700006,5.450794940000037
,JALAN OREN,SEK. 1,,BUTTERWORTH,"TEALIVE BAGAN AJAM, JALAN OREN, MUKIM TAMAN TERBILANG, 13000 BUTTERWORTH PULAU PINANG",,1,100.38213184,07,450,"5.440393263186072, 100.38213183550805",1,,P.043 - BAGAN,5.44039326,0,02,1,1,20002,1767052800000,SPU BUTTERWORTH SEK. 1,,N.07,EV CONNECTION SDN BHD,070240001,1,P.043,,PULAU PINANG,N.07 - SUNGAI PUYU,TEALIVE BAGAN AJAM,LA 12/1/16/578 (D-EVCS),SPU,SEBERANG PERAI UTARA,22,30/4/2024 - 29/4/2034,30,0,100.38213183500005,5.440393263000033
191,JALAN MAGAZINE,SEK. 11(w),,GEORGE TOWN,"THE GRANITE LUXURY HOTEL PENANG, 191, JALAN MAGAZINE, GEORGETOWN, 10300 GEORGETOWN PULAU PINANG",,1,100.32961858,07,466,"5.413502382304582, 100.32961858335123",0,,P.049 - TANJONG,5.41350238,1,04,1,0,40016,1767052800000,DTL GEORGE TOWN SEK. 11(w),,N.27,EV CONNECTION SDN BHD,070444026,1,P.049,,PULAU PINANG,N.27 - PENGKALAN KOTA,THE GRANITE LUXURY HOTEL PENANG,LA 12/1/16/629 (D-EVCS),DTL,TIMOR LAUT,50,28/5/2024 - 27/5/2034,31,1,100.32961858300007,5.413502382000047
570,JALAN PERDA UTAMA, ,,MUKIM 7,"KPJ PENANG SPECIALIST HOSPITAL, 570, JLN PERDA UTAMA, BANDAR BARU PERDA MUKIM 7 SEBERANG PERAI TENGAH, 14000 SEBERANG PERAI TENGAH PULAU PINANG",,3,100.434293,07,470,"5.369311584569674, 100.43429299502853",3,,P.044 - PERMATANG PAUH,5.36931158,0,01,1,3,10013,1767052800000,SPT MUKIM 7,,N.10,GENTARI GREEN MOBILITY SDN. BHD.,070107000,3,P.044,,PULAU PINANG,N.10 - SEBERANG JAYA,KPJ PENANG SPECIALIST HOSPITAL,LA 12/1/16/572 (D-EVCS),SPT,SEBERANG PERAI TENGAH,21,17/5/2024 - 16/5/2034,32,0,100.43429299500008,5.369311585000048
746,PERSIARAN CASSIA SELATAN 3 , ,,MUKIM 13,"INDUSTRIAL PARK, 746, PERSIARAN CASSIA SELATAN 3 BANDAR CASSIA BATU KAWAN, 14110 PULAU PINANG",,3,100.44260881,07,501,"5.226926879239229, 100.44260881037049",3,,P.046 - BATU KAWAN,5.22692688,0,03,1,3,30003,1767052800000,SPS MUKIM 13,,N.18,POWERBEE SDN BHD,070313000,3,P.046,,PULAU PINANG,N.18 - BUKIT TAMBUN,VITROX TECHNOLOGIES,LA 12/1/16/589 (D-EVCS),SPS,SEBERANG PERAI SELATAN,66,27/5/2024 - 26/5/2034,33,0,100.44260881000008,5.226926879000075
NO. 28,PERSIARAN GURNEY,SEK. 4,,GEORGE TOWN,"GURNEY BEACH RESORT CONDOMINIUM, NO. 28, PERSIARAN GURNEY , 10250 GEORGETOWN PULAU PINANG",,3,100.31863454,07,502,"5.430485427554577, 100.31863453735741",3,,P.048 - BUKIT BENDERA,5.43048543,0,04,1,3,40017,1767052800000,DTL GEORGE TOWN SEK. 4,,N.25,POWERBEE SDN BHD,070444004,3,P.048,,PULAU PINANG,N.25 - PULAU TIKUS,GURNEY BEACH RESORT CONDOMINIUM,LA 12/1/16/605 (D-EVCS),DTL,TIMOR LAUT,66,27/5/2024 - 26/5/2034,34,0,100.31863453700004,5.430485428000054
,JALAN JELUTONG,SEK. 9(w),,GEORGE TOWN,"SMART PENANG BANDAR GEORGETOWN DAERAH TIMOR LAUT, 11600 GEORGETOWN PULAU PINANG",,1,100.32335904,07,519,"5.400815223624767, 100.32335904315129",0,,P.050 - JELUTONG,5.40081522,2,04,1,0,40018,1767052800000,DTL GEORGE TOWN SEK. 9(w),,N.30,ELEGANZ LIFESTYLE SDN. BHD.,070444025,2,P.050,,PULAU PINANG,N.30 - SUNGAI PINANG,SMART PENANG ,LA 12/1/16/575 (D-EVCS),DTL,TIMOR LAUT,120,24/6/2024 - 23/6/2034,35,1,100.32335904300004,5.400815224000041
55,PERSIARAN GURNEY,SEK. 4,,GEORGE TOWN,"MARRIOTT HOTEL & RESIDENCES PENANG, 55, PERSIARAN GURNEY, N/A , 10250 GEORGETOWN PULAU PINANG",,13,100.31754711,07,521,"5.431967330444378, 100.31754710812145",13,,P.048 - BUKIT BENDERA,5.43196733,0,04,1,13,40019,1767052800000,DTL GEORGE TOWN SEK. 4,,N.25,EV CONNECTION SDN BHD,070444004,13,P.048,,PULAU PINANG,N.25 - PULAU TIKUS,MARRIOTT HOTEL & RESIDENCES PENANG,LA 12/1/16/709 (D-EVCS),DTL,TIMOR LAUT,132,18/6/2024 - 17/6/2034,36,0,100.31754710800004,5.43196733000002
,LEBUHRAYA BANDAR CASSIA, ,,MUKIM 13,"ECO HORIZON CLUBHOUSE, LOT 12245 (PT5261), MUKIM 13, LEBUHRAYA BANDAR CASIA, 14100 SEBERANG PERAI PULAU PINANG ",,1,100.44447314,07,528,"5.238784786347686, 100.4444731439914",1,,P.046 - BATU KAWAN,5.23878479,0,03,1,1,30004,1767052800000,SPS MUKIM 13,,N.18,EV CONNECTION SDN BHD,070313000,1,P.046,LOT 12245 (PT5261),PULAU PINANG,N.18 - BUKIT TAMBUN,ECO HORIZON CLUBHOUSE,LA 12/1/16/653 (D-EVCS),SPS,SEBERANG PERAI SELATAN,11,18/6/2024 - 17/6/2034,37,0,100.44447314400009,5.238784786000053
,JALAN JURU SENTRAL, ,,MUKIM 11,"G-01, MENARA SENTRAL, JALAN JURU SENTRAL, 14000 BUKIT MERTAJAM, PULAU PINANG. ",,4,100.43465715,07,532,"5.3417978883081245, 100.43465714573718",3,,P.046 - BATU KAWAN,5.34179789,1,01,1,3,10015,1767052800000,SPT MUKIM 11,,N.17,EV CONNECTION SDN BHD,070111000,4,P.046,G-01,PULAU PINANG,N.17 - BUKIT TENGAH,MENARA SENTRAL,LA 12/1/16/702 (D-EVCS),SPT,SEBERANG PERAI TENGAH,50,18/6/2024 - 17/6/2034,38,1,100.43465714600006,5.3417978880000305
,JALAN PERDA UTARA 1, ,,MUKIM 7,"PARKING BAY G57, G58 & G59, PANGSAPURI SERVIS METRO, JALAN PERDA UTARA 1, BANDAR BARU PERDA , 14000 BUKIT MERTAJAM PULAU PINANG",,3,100.43720968,07,533,"5.3700316787931515, 100.4372096798278",3,,P.044 - PERMATANG PAUH,5.37003168,0,01,1,3,10016,1767052800000,SPT MUKIM 7,,N.10,EV CONNECTION SDN BHD,070107000,3,P.044,"PARKING BAY G57, G58 & G59",PULAU PINANG,N.10 - SEBERANG JAYA,PANGSAPURI SERVIS METRO,LA 12/1/16/736 (D-EVCS),SPT,SEBERANG PERAI TENGAH,66,4/7/2024 - 3/7/2034,39,0,100.43720968000008,5.3700316790000215
NO. 3974,JALAN INDUSTRI CENDERAWASIH 1, ,,MUKIM 11,"C-MART NIBONG TEBAL, NO. 3974, JALAN INDUSTRI CENDERAWASIH 1, KOMPLEKS INDUSTRI CENDERAWASIH, 14300 NIBONG TEBAL  PULAU PINANG",,1,100.48129968,07,562,"5.178454387275407, 100.48129967718938",0,,P.047 - NIBONG TEBAL,5.17845439,2,03,1,0,30005,1767052800000,SPS MUKIM 11,,N.19,HANDAL GREEN MOBILITY SDN BHD,070311000,2,P.047,,PULAU PINANG,N.19 - JAWI,C-MART NIBONG TEBAL,LA 12/1/16/643 (D-EVCS),SPS,SEBERANG PERAI SELATAN,47,14/6/2024 - 13/6/2034,40,1,100.48129967700004,5.178454387000045
56,JALAN LOW YAT,SEK. 2,,BATU FERRINGGI,"DOUBLETREE RESORT BY HILTON PENANG, 56, JALAN LOW YAT, PUNCAK RIA, 11100 BATU FERRINGHI  PULAU PINANG",,1,100.26971043,07,590,"5.477560186506854, 100.26971043155022",0,,P.048 - BUKIT BENDERA,5.47756019,1,04,1,0,40022,1767052800000,DTL BATU FERRINGGI SEK. 2,,N.22,CARPUT ZAP NETWORK SDN BHD,070441002,1,P.048,,PULAU PINANG,N.22 - TANJONG BUNGA,DOUBLETREE RESORT BY HILTON PENANG,LA 12/1/16/786 (D-EVCS),DTL,TIMOR LAUT,30,29/7/2024 - 28/7/2034,41,1,100.26971043200007,5.477560187000051
,JALAN BARU, ,,MUKIM 6,"MYDIN BUKIT MERTAJAM, GROUND FLOOR MYDIN WHOLESALE HYPERMARKET BUKIT MERTAJAM, MUKIM 06, JALAN BARU, 13600 SEBERANG PERAI TENGAH PULAU PINANG",,1,100.4150731,07,601,"5.368614456854936, 100.41507310016061",0,,P.044 - PERMATANG PAUH,5.36861446,6,01,1,0,10018,1767052800000,SPT MUKIM 6,,N.10,CHARGEHERE EV SOLUTION SDN BHD,070106000,6,P.044,GROUND FLOOR ,PULAU PINANG,N.10 - SEBERANG JAYA,MYDIN WHOLESALE HYPERMARKET BUKIT MERTAJAM,LA 12/1/16/654 (D-EVCS),SPT,SEBERANG PERAI TENGAH,80,11/7/2024 - 10/7/2034,42,1,100.41507310000009,5.368614457000035
, LORONG SERI TANJUNG PINANG,SEK. 1,,TANJONG PINANG,"QUAYSIDE SEAFRONT RESORT CONDOMINIUM LORONG SERI TANJUNG PINANG TANJONG TOKONG, 10470 PULAU PINANG",,4,100.31200368,07,613,"5.459512258899513, 100.31200367834782",4,,P.048 - BUKIT BENDERA,5.45951226,0,04,1,4,40023,1767052800000,DTL TANJONG PINANG SEK. 1,,N.22,CHARGEHERE EV SOLUTION SDN BHD,070448001,4,P.048,,PULAU PINANG,N.22 - TANJONG BUNGA,QUAYSIDE SEAFRONT RESORT CONDOMINIUM,LA 12/1/16/699 (D-EVCS),DTL,TIMOR LAUT,44,11/7/2024 - 10/7/2034,43,0,100.31200367800005,5.459512259000064
88,JALAN SUNGAI KELIAN, ,,TANJONG BUNGAH,"TREE SQUARE, 88, JALAN SUNGAI KELIAN, 11200 TANJUNG BUNGA  PULAU PINANG",,2,100.28376601,07,627,"5.463357071161076, 100.28376600981808",2,,P.048 - BUKIT BENDERA,5.46335707,0,04,1,2,40024,1767052800000,DTL TANJONG BUNGAH,,N.22,EV CONNECTION SDN BHD,070446000,2,P.048,,PULAU PINANG,N.22 - TANJONG BUNGA,TREE SQUARE,LA 12/1/16/794 (D-EVCS),DTL,TIMOR LAUT,22,24/7/2024 - 23/7/2034,44,0,100.28376601000008,5.463357071000075
15,JALAN ANSON,SEK. 16,,GEORGE TOWN,"AUTO BAVARIA PENANG, 15, JALAN ANSON, 10400 GEORGETOWN, PULAU PINANG",,1,100.32513066,07,635,"5.4209571984958895, 100.3251306645859",1,,P.049 - TANJONG,5.4209572,0,04,0,1,40026,1767052800000,DTL GEORGE TOWN SEK. 16,,N.26,GREEN EV CHARGE SDN BHD,070444016,1,P.049,,PULAU PINANG,N.26 - PADANG KOTA,AUTO BAVARIA PENANG,LA 12/1/16/726 (D-EVCS),DTL,TIMOR LAUT,3.7,12/7/2024 - 11/7/2034,45,0,100.32513066500007,5.420957198000053
7,JALAN KELAWEI,SEK. 4,,GEORGE TOWN,"CARPARK UOB JALAN KELAWEI, 7, BANDAR GEORGETOWN, 10250 GEORGETOWN  PULAU PINANG",,1,100.31864167,07,652,"5.429412479000844, 100.31864167116419",0,,P.048 - BUKIT BENDERA,5.42941248,2,04,1,0,40027,1767052800000,DTL GEORGE TOWN SEK. 4,,N.25,OPENSYS TECHNOLOGIES SDN BHD,070444004,2,P.048,,PULAU PINANG,N.25 - PULAU TIKUS,CARPARK UOB,LA 12/1/16/828 (D-EVCS),DTL,TIMOR LAUT,40,25/7/2024 - 24/7/2034,46,1,100.31864167100008,5.429412479000064
NO. 3-2-1,JALAN SERI TANJUNG PINANG 1,SEK. 1,,TANJONG PINANG,"THE TAMARIND CONDOMINIUM, NO. 3-2-1, JALAN SERI TANJUNG PINANG 1, 10470 TANJUNG TOKONG, PULAU PINANG",,2,100.30959638,07,673,"5.45684087689838, 100.30959638153574",2,,P.048 - BUKIT BENDERA,5.45684088,0,04,1,2,40028,1767052800000,DTL TANJONG PINANG SEK. 1,,N.22,CHARGEHERE EV SOLUTION SDN BHD,070448001,2,P.048,,PULAU PINANG,N.22 - TANJONG BUNGA,THE TAMARIND CONDOMINIUM,LA 12/1/16/830 (D-EVCS),DTL,TIMOR LAUT,22,14/8/2024-13/8/2034,47,0,100.30959638100006,5.456840877000047
2,PERSIARAN MAKTAB,SEK. 1,,GEORGE TOWN,"G HOTEL KELAWAI, 2 PERSIARAN MAKTAB, 10250 GEORGETOWN, PULAU PINANG",,2,100.30993129,07,685,"5.435770146447416, 100.3099312896632",2,,P.048 - BUKIT BENDERA,5.43577015,0,04,1,2,40029,1767052800000,DTL GEORGE TOWN SEK. 1,,N.25,CHARGEHERE EV SOLUTION SDN BHD,070444001,2,P.048,,PULAU PINANG,N.25 - PULAU TIKUS,G HOTEL KELAWAI,LA 12/1/16/808 (D-EVCS),DTL,TIMOR LAUT,22,14/8/2024-13/8/2034,48,0,100.30993129000007,5.4357701460000385
,JALAN CHAIN FERRY,SEK. 4,,BUTTERWORTH,"WOODSBURY SUITES, JALAN CHAIN FERRY, KAMPUNG PERLIS, 12100 BUTTERWORTH  PULAU PINANG",,4,100.37533297,07,688,"5.399117887065005, 100.37533296707302",4,KAMPUNG PERLIS,P.043 - BAGAN,5.39911789,0,02,1,4,20003,1767052800000,SPU BUTTERWORTH SEK. 4,,N.09,CHARGEHERE EV SOLUTION SDN BHD,070240004,4,P.043,,PULAU PINANG,N.09 - BAGAN DALAM,WOODSBURY SUITES,LA 12/1/16/811 (D-EVCS),SPU,SEBERANG PERAI UTARA,44,14/8/2024-13/8/2034,49,0,100.37533296700008,5.399117887000045
NO.2258,PERSIARAN DAGANGAN 1, ,,MUKIM 6,"LOTUS'S BERTAM PERDANA, NO.2258, PERSIARAN DAGANGAN 1, PUSAT BANDAR BERTAM PERDANA, KEPALA BATAS, 13200 SEBERAI PERAI UTARA  PULAU PINANG",,1,100.44306482,07,699,"5.517159677180956, 100.44306482473839",0,PUSAT BANDAR BERTAM PERDANA,P.041 - KEPALA BATAS,5.51715968,2,02,0,0,20004,1767052800000,SPU MUKIM 6,,N.02,CHARGEHERE EV SOLUTION SDN BHD,070206000,2,P.041,,PULAU PINANG,N.02 - BERTAM,LOTUS'S BERTAM PERDANA,LA 12/1/16/841 (D-EVCS),SPU,SEBERANG PERAI UTARA,60,14/8/2024-13/8/2034,50,1,100.44306482500008,5.517159677000052
,GAT LEBUH SANDILANDS,SEK. 11(e),,GEORGE TOWN,"LOWER LEVEL FLOOR, THE SANDILANDS, GAT LEBUH SANDILANDS, 10300 GEORGETOWN PULAU PINANG",,5,100.32920438,07,700,"5.405293374557699, 100.32920438120344",5,,P.049 - TANJONG,5.40529337,0,04,1,5,40030,1767052800000,DTL GEORGE TOWN SEK. 11(e),,N.27,CHARGEHERE EV SOLUTION SDN BHD,070444011,5,P.049,,PULAU PINANG,N.27 - PENGKALAN KOTA,THE SANDILANDS,LA 12/1/16/842 (D-EVCS),DTL,TIMOR LAUT,55,14/8/2024-13/8/2034,51,0,100.32920438100007,5.405293375000042
 2-2-2,LEBUH TUNKU KUDIN 2,SEK. 4,,JELUTONG,"PARKING LOT GROUND FLOOR, BAYSWATER RESORT CONDOMINIUM, 2-2-2, LEBUH TUNKU KUDIN 2, 11700 GELUGOR  PULAU PINANG",,3,100.3144229,07,702,"5.376655267547829, 100.31442290489777",3,,P.051 - BUKIT GELUGOR,5.37665527,0,04,1,3,40031,1767052800000,DTL JELUTONG SEK. 4,,N.32,CHARGEHERE EV SOLUTION SDN BHD,070445004,3,P.051,PARKING LOT GROUND FLOOR,PULAU PINANG,N.32 - SERI DELIMA,BAYSWATER RESORT CONDOMINIUM,LA 12/1/16/844 (D-EVCS),DTL,TIMOR LAUT,33,14/8/2024-13/8/2034,52,0,100.31442290500007,5.376655268000036
NO.1,JALAN SERI TANJUNG PINANG,SEK. 1,,TANJONG PINANG,"LOTUS'S TANJUNG PINANG NO.1, JALAN SERI TANJUNG PINANG, 10470 TANJUNG TOKONG, PULAU PINANG",,1,100.30898101,07,705,"5.459024008575729, 100.30898101063067",0,,P.048 - BUKIT BENDERA,5.45902401,2,04,1,0,40032,1767052800000,DTL TANJONG PINANG SEK. 1,,N.22,CHARGEHERE EV SOLUTION SDN BHD,070448001,2,P.048,,PULAU PINANG,N.22 - TANJONG BUNGA,LOTUS'S TANJUNG PINANG,LA 12/1/16/857 (D-EVCS),DTL,TIMOR LAUT,60,14/8/2024-13/8/2034,53,1,100.30898101100007,5.459024009000075
NO. 169,JALAN JELUTONG,SEK. 9(w),,GEORGE TOWN,"ELEGANZ LIFESTYLE (SMART PENANG), NO. 169, JALAN JELUTONG, 11600 GEORGETOWN, PULAU PINANG",,6,100.32326596,07,714,"5.40085554480763, 100.32326596348176",6,,P.050 - JELUTONG,5.40085554,3,04,0,6,40033,1767052800000,DTL GEORGE TOWN SEK. 9(w),,N.30,ELEGANZ LIFESTYLE SDN. BHD.,070444025,9,P.050,,PULAU PINANG,N.30 - SUNGAI PINANG,ELEGANZ LIFESTYLE (SMART PENANG),LA 12/1/16/949 (D-EVCS),DTL,TIMOR LAUT,113.7,21/8/2024 - 20/8/2034,54,0,100.32326596400009,5.40085554500007
18,PERSIARAN GURNEY,SEK. 4,,GEORGE TOWN,"ASCOTT GURNEY HOTEL, 18, PERSIARAN GURNEY, GEORGETOWN, PULAU PINANG",,2,100.31926236,07,725,"5.430285763198395, 100.31926236062405",2,,P.048 - BUKIT BENDERA,5.43028576,0,04,1,2,40091,1767052800000,DTL GEORGE TOWN SEK. 4,,N.25,GREEN EV CHARGE SDN BHD,070444004,2,P.048,,PULAU PINANG,N.25 - PULAU TIKUS,ASCOTT GURNEY HOTEL,LA 12/1/16/818 (D-EVCS),DTL,TIMOR LAUT,44,23/8/2024 - 22/8/2034,55,0,100.31926236100009,5.430285763000029
,JALAN RAJA UDA,SEK. 3,,BUTTERWORTH,"STARBUCKS JALAN RAJA UDA DT, JALAN RAJA UDA, TELOK AIR TAWAR, 12300 BUTTERWORTH PULAU PINANG",,1,100.38144109,07,729,"5.415238366303823, 100.38144109381768",0,TELOK AIR TAWAR,P.043 - BAGAN,5.41523837,2,02,1,0,20005,1767052800000,SPU BUTTERWORTH SEK. 3,,N.08,GREEN EV CHARGE SDN BHD,070240003,2,P.043,,PULAU PINANG,N.08 - BAGAN JERMAL,STARBUCKS JALAN RAJA UDA DT,LA 12/1/16/937 (D-EVCS),SPU,SEBERANG PERAI UTARA,60,23/8/2024 - 22/8/2034,56,1,100.38144109400008,5.41523836600004
830,JALAN TELUK BAHANG, ,,MUKIM 2,"ENTOPIA BY PENANG BUTTERFLY FARM 830 JALAN TELUK BAHANG , 11050 TELUK BAHANG  PULAU PINANG",,2,100.21507212,07,734,"5.447648965364234, 100.21507211503337",2,,P.053 - BALIK PULAU,5.44764897,0,05,1,2,50002,1767052800000,DBD MUKIM 2,,N.40,GREEN EV CHARGE SDN BHD,070502000,2,P.053,,PULAU PINANG,N.40 - TELOK BAHANG,ENTOPIA BY PENANG BUTTERFLY FARM,LA 12/1/16/800 (D-EVCS),DBD,BARAT DAYA,44,23/8/2024 - 22/8/2034,57,0,100.21507211500005,5.447648965000042
,JALAN MASJID NEGERI ,SEK. 5,,GEORGE TOWN,"STARBUCKS ISLAND GLADES, 2-D, JALAN MASJID NEGERI, TAMAN ISLAND GLADES, JELUTONG, 11600 PULAU PINANG",,1,100.3042345,07,740,"5.38685172678976, 100.30423450367637",1,TAMAN ISLAND GLADES ,P.051 - BUKIT GELUGOR,5.38685173,0,04,1,1,40034,1767052800000,DTL GEORGE TOWN SEK. 5,,N.32,GREEN EV CHARGE SDN BHD,070444005,1,P.051,2-D,PULAU PINANG,N.32 - SERI DELIMA,STARBUCKS ISLAND GLADES,LA 12/1/16/868 (D-EVCS),DTL,TIMOR LAUT,22,23/8/2024 - 22/8/2034,58,0,100.30423450400008,5.386851727000021
62A ,LORONG PERMAI, ,,MUKIM 13,"RAFFEL TOWER, 62A LORONG PERMAI, TAMAN BROWN, 11700 GELUGOR, PULAU PINANG",,2,100.29803371,07,749,"5.371030607349528, 100.29803370918515",2,TAMAN BROWN,P.052 - BAYAN BARU,5.37103061,0,04,1,2,40035,1767052800000,DTL MUKIM 13,,N.35,GREENERGY EV SDN BHD,070401000,2,P.052,,PULAU PINANG,N.35 - BATU UBAN,RAFFEL TOWER,LA 12/1/16/915 (D-EVCS),DTL,TIMOR LAUT,44,2/8/2024 - 1/8/2034,59,0,100.29803370900004,5.371030607000023
,LENGKOK MAYANG PASIR 1, ,,MUKIM 12,"PL-D'PIAZZA CONDOMINIUM, PARKING LEVEL 1, NO.B-3A-2, LENGKOK MAYANG PASIR 1, 11950 BAYAN BARU  PULAU PINANG",,4,100.28271745,07,768,"5.326632327703594, 100.28271744905132",4,,P.052 - BAYAN BARU,5.32663233,0,05,1,4,50003,1767052800000,DBD MUKIM 12,,N.36,BLH ECOENERGY SDN BHD,070512000,4,P.052," PARKING LEVEL 1, NO.B-3A-2",PULAU PINANG,N.36 - PANTAI JEREJAK,PL-D'PIAZZA CONDOMINIUM,LA 12/1/16/966 (D-EVCS),DBD,BARAT DAYA,88,10/9/2024 - 9/9/2034,60,0,100.28271744900007,5.326632328000073
NO. 54,JALAN LOW YAT,SEK. 2,,BATU FERRINGGI,"THE REEF CONDOMINIUM, NO. 54 JALAN LOW YAT, PUNCAK RAYA, 11100 BATU FERRINGHI  PULAU PINANG",,2,100.2699996,07,789,"5.477950911138742, 100.26999960017662",2, PUNCAK RAYA,P.048 - BUKIT BENDERA,5.47795091,0,04,1,2,40036,1767052800000,DTL BATU FERRINGGI SEK. 2,,N.22,CHARGEHERE EV SOLUTION SDN BHD,070441002,2,P.048,,PULAU PINANG,N.22 - TANJONG BUNGA,THE REEF CONDOMINIUM,LA 12/1/16/1028 (D-EVCS),DTL,TIMOR LAUT,22,20/9/2024 - 19/9/2034,61,0,100.26999960000006,5.47795091100005
NO.2323,JALAN ROZHAN, ,,MUKIM 14,"LOTUS'S BUKIT MERTAJAM NO.2323, JALAN ROZHAN, PUSAT PERNIAGAAN SERI IMPIAN BUKIT MERTAJAM, 14000 BUKIT MERTAJAM PULAU PINANG",,1,100.47602738,07,796,"5.3161781989749555, 100.4760273796571",0, PUSAT PERNIAGAAN SERI IMPIAN BUKIT MERTAJAM,P.045 - BUKIT MERTAJAM,5.3161782,2,01,1,0,10020,1767052800000,SPT MUKIM 14,,N.14,CHARGEHERE EV SOLUTION SDN BHD,070114000,2,P.045,,PULAU PINANG,N.14 - MACHANG BUBUK,LOTUS'S BUKIT MERTAJAM,LA 12/1/16/873 (D-EVCS),SPT,SEBERANG PERAI TENGAH,60,20/9/2024 - 19/9/2034,62,1,100.47602738000006,5.316178199000035
 NO.1,LEBUH TENGKU KUDIN 1,SEK. 4,,JELUTONG,"LOTUS'S PENANG E-GATE NO.1 LEBUH TENGKU KUDIN 1 BANDAR JELUTONG, 11700 PULAU PINANG",,1,100.31517638,07,801,"5.37739692423176, 100.31517638118716",0,,P.051 - BUKIT GELUGOR,5.37739692,2,04,1,0,40037,1767052800000,DTL JELUTONG SEK. 4,,N.32,CHARGEHERE EV SOLUTION SDN BHD,070445004,2,P.051,,PULAU PINANG,N.32 - SERI DELIMA,LOTUS'S PENANG E-GATE,LA 12/1/16/900 (D-EVCS),DTL,TIMOR LAUT,60,20/9/2024 - 19/9/2034,63,1,100.31517638100007,5.377396924000038
"PMT 7528,",JALAN BAGAN AJAM,SEK. 1,,BUTTERWORTH,"LOTUS'S BAGAN AJAM, PMT 7528, JALAN BAGAN AJAM, 13000 BUTTERWORTH  PULAU PINANG",,1,100.38186372,07,804,"5.439238112305097, 100.38186371857635",0,,P.043 - BAGAN,5.43923811,2,02,1,0,20006,1767052800000,SPU BUTTERWORTH SEK. 1,,N.07,CHARGEHERE EV SOLUTION SDN BHD,070240001,2,P.043,,PULAU PINANG,N.07 - SUNGAI PUYU,LOTUS'S BAGAN AJAM,LA 12/1/16/904 (D-EVCS),SPU,SEBERANG PERAI UTARA,60,20/9/2024 - 19/9/2034,64,1,100.38186371900008,5.439238112000055
(P1D) 3106,LEBUH TENGGIRI 2, ,,MUKIM 1,"SUNWAY MEDICAL CENTRE PENANG (P1D) 3106, LEBUH TENGGIRI 2, PUSAT BANDAR SEBERANG JAYA, 13700 PERAI PULAU PINANG",,1,100.39674669,07,810,"5.395648594612216, 100.39674668809123",0,,P.044 - PERMATANG PAUH,5.39564859,2,01,1,0,10021,1767052800000,SPT MUKIM 1,,N.10,CHARGEHERE EV SOLUTION SDN BHD,070101000,2,P.044,,PULAU PINANG,N.10 - SEBERANG JAYA,SUNWAY MEDICAL CENTRE PENANG,LA 12/1/16/913 (D-EVCS),SPT,SEBERANG PERAI TENGAH,60,20/9/2024 - 19/9/2034,65,1,100.39674668800006,5.395648595000068
NO.2-6-1,MEDAN RAJAWALI, ,,MUKIM 12,"SOLARIA RESIDENCES AND SOLARIA SQUARE, NO.2-6-1, MEDAN RAJAWALI SUNGAI ARA, 11900 BAYAN LEPAS PULAU PINANG",,4,100.26597329,07,824,"5.300648336415467, 100.26597328675355",4,,P.053 - BALIK PULAU,5.30064834,0,05,0,4,50004,1767052800000,DBD MUKIM 12,,N.38,CHARGEHERE EV SOLUTION SDN BHD,070512000,4,P.053,,PULAU PINANG,N.38 - BAYAN LEPAS,SOLARIA RESIDENCES AND SOLARIA SQUARE,LA 12/1/16/990 (D-EVCS),DBD,BARAT DAYA,44,20/9/2024 - 19/9/2034,66,0,100.26597328700007,5.300648336000052
NO.1,PERSIARAN TUNKU KUDIN,SEK. 4,,JELUTONG,"PLATINO CONDOMINIUM NO.1, PERSIARAN TUNKU KUDIN, GELUGOR, 11700  GELUGOR  PINANG",,4,100.31312899,07,826,"5.377262217793589, 100.31312899256875",4,,P.051 - BUKIT GELUGOR,5.37726222,0,04,1,4,40038,1767052800000,DTL JELUTONG SEK. 4,,N.32,CHARGEHERE EV SOLUTION SDN BHD,070445004,4,P.051,,PULAU PINANG,N.32 - SERI DELIMA,PLATINO CONDOMINIUM,LA 12/1/16/999 (D-EVCS),DTL,TIMOR LAUT,44,20/9/2024 - 19/9/2034,67,0,100.31312899300008,5.377262218000055
,JALAN PERUSAHAAN JURU INTERCHANGE, ,,MUKIM 11,"CYCLE & CARRIAGE JURU, LOT 1798, JALAN PERUSAHAAN JURU INTERCHANGE, 13600 PERAI  PULAU PINANG",,1,100.42963881,07,827,"5.340855600509412, 100.42963880535413",1,,P.046 - BATU KAWAN,5.3408556,0,01,0,1,10022,1767052800000,SPT MUKIM 11,,N.17,CYCLE & CARRIAGE BINTANG BERHAD,070111000,1,P.046,LOT 1798,PULAU PINANG,N.17 - BUKIT TENGAH,CYCLE & CARRIAGE JURU,LA 12/1/14/875 (D-EVCS),SPT,SEBERANG PERAI TENGAH,22,27/8/2024 - 26/8/2034,68,0,100.42963880500008,5.340855601000044
1619,JALAN PENGKALAN, ,,MUKIM 11,"1619 JALAN PENGKALAN, KAMPUNG BUKIT TENGAH, 14000 BUKIT MERTAJAM, PULAU PINANG",,1,100.42474041,07,829,"5.349827236685405, 100.42474041124474",1, KAMPUNG BUKIT TENGAH,P.046 - BATU KAWAN,5.34982724,0,01,0,1,10023,1767052800000,SPT MUKIM 11,,N.17,CYCLE & CARRIAGE BINTANG BERHAD,070111000,1,P.046,,PULAU PINANG,N.17 - BUKIT TENGAH,CYCLE & CARRIAGE BUKIT TENGAH,LA 12/1/16/884 (D-EVCS),SPT,SEBERANG PERAI TENGAH,22,27/8/2024 - 26/8/2034,69,0,100.42474041100007,5.349827237000056
22,JALAN SULTAN AHMAD SHAH,SEK. 14,,GEORGE TOWN,"22 JLN SULTAN AHMAD SHAH, 10050  GEORGETOWN PULAU PINANG",,1,100.33410637,07,830,"5.42291370117352, 100.33410636980166",1,,P.049 - TANJONG,5.4229137,0,04,1,1,40039,1767052800000,DTL GEORGE TOWN SEK. 14,,N.26,CYCLE & CARRIAGE BINTANG BERHAD,070444014,1,P.049,,PULAU PINANG,N.26 - PADANG KOTA,CYCLE & CARRIAGE GEORGETOWN,LA 12/1/16/885 (D-EVCS),DTL,TIMOR LAUT,22,27/8/2024 - 26/8/2034,70,0,100.33410637000009,5.422913701000027
79,JALAN SUNGAI PINANG,SEK. 9(w),,GEORGE TOWN,"CYCLE & CARRIAGE SUNGAI PINANG, 79, JALAN SUNGAI PINANG, 10150 GEORGETOWN  PULAU PINANG",,4,100.32148605,07,831,"5.404038926857123, 100.3214860452381",3,,P.050 - JELUTONG,5.40403893,2,04,1,3,40040,1767052800000,DTL GEORGE TOWN SEK. 9(w),,N.29,CYCLE & CARRIAGE BINTANG BERHAD,070444025,5,P.050,,PULAU PINANG,N.29 - DATOK KERAMAT,CYCLE & CARRIAGE SUNGAI PINANG,LA 12/1/16/929 (D-EVCS),DTL,TIMOR LAUT,246,30/8/2024 - 29/8/2034,71,1,100.32148604500009,5.404038927000045
,PERSIARAN GURNEY,SEK. 1,,GEORGE TOWN,"170-06-01, PLAZA GURNEY, PERSIARAN GURNEY, TANJUNG TOKONG, 10250 GEORGETOWN PULAU PINANG",,1,100.30959222,07,851,"5.4366833444954095, 100.30959222139698",0,TANJUNG TOKONG,P.048 - BUKIT BENDERA,5.43668334,4,04,1,0,40041,1767052800000,DTL GEORGE TOWN SEK. 1,,N.25,TESLA SDN BHD,070444001,4,P.048,170-06-01,PULAU PINANG,N.25 - PULAU TIKUS,PLAZA GURNEY,LA 12/1/16/983 (D-EVCS),DTL,TIMOR LAUT,250,29/8/2024 - 28/8/2034,72,1,100.30959222100006,5.436683344000073
NO. 3,LORONG IRAMA 2, ,,MUKIM 1,"BERMAZ XPENG SHOWROOM, NO. 3, LORONG IRAMA 2, TAMAN IRAMA, 13700 PERAI PULAU PINANG",,1,100.40559509,07,854,"5.376528818868084, 100.40559509395105",1,TAMAN IRAMA,P.044 - PERMATANG PAUH,5.37652882,1,01,1,1,10024,1767052800000,SPT MUKIM 1,,N.10,BERMAZ XPENG SDN. BHD.,070101000,2,P.044,,PULAU PINANG,N.10 - SEBERANG JAYA,BERMAZ XPENG SHOWROOM,LA 12/1/16/997 (D-EVCS),SPT,SEBERANG PERAI TENGAH,22,18/10/2024 - 17/10/2034,73,0,100.40559509400003,5.376528819000043
,, ,,MUKIM 12,"MUZE (PENANG INTERNATIONAL COMMERCIAL CITY), LOT 72437, MUKIM 12, 11950 BARAT DAYA PULAU PINANG",,4,100.28513963,07,855,"5.330651673144987, 100.28513962658789",3,,P.052 - BAYAN BARU,5.33065167,2,05,0,3,50005,1767052800000,DBD MUKIM 12,,N.36,BLH ECOENERGY SDN BHD,070512000,5,P.052,LOT 72437,PULAU PINANG,N.36 - PANTAI JEREJAK,MUZE (PENANG INTERNATIONAL COMMERCIAL CITY),LA 12/1/16/1082 (D-EVCS),DBD,BARAT DAYA,60,9/10/2024 - 8/10/2034,74,1,100.28513962700004,5.330651673000034
168A ,PERSIARAN GURNEY,SEK. 1,,GEORGE TOWN,"G HOTEL GURNEY, 168A PERSIARAN GURNEY, 10250 GEORGETOWN  PULAU PINANG",,4,100.31054667,07,882,"5.437728383425755, 100.31054666521547",4,,P.048 - BUKIT BENDERA,5.43772838,0,04,1,4,40042,1767052800000,DTL GEORGE TOWN SEK. 1,,N.25,CHARGEHERE EV SOLUTION SDN BHD,070444001,4,P.048,,PULAU PINANG,N.25 - PULAU TIKUS,G HOTEL GURNEY,LA 12/1/16/991 (D-EVCS),DTL,TIMOR LAUT,80,29/10/2024 - 28/10/2034,75,0,100.31054666500006,5.437728383000035
,JALAN SERI TANJUNG PINANG 1,SEK. 1,,TANJONG TOKONG,"I-SANTORINI CONDOMINIUM, JALAN SERI TANJUNG PINANG 1, 10470 TANJUNG TOKONG  PULAU PINANG",,4,100.30841559,07,890,"5.454886745139879, 100.30841559315041",4,TANJUNG TOKONG,P.048 - BUKIT BENDERA,5.45488675,0,04,1,4,40043,1767052800000,DTL TANJONG TOKONG SEK. 1,,N.22,CHARGEHERE EV SOLUTION SDN BHD,070447001,4,P.048,,PULAU PINANG,N.22 - TANJONG BUNGA,I-SANTORINI CONDOMINIUM,LA 12/1/16/1047 (D-EVCS),DTL,TIMOR LAUT,44,29/10/2024 - 28/10/2034,76,0,100.30841559300006,5.454886745000067
,LEBUH SUNGAI PINANG 2 ,SEK. 8,,GEORGE TOWN,"THE SPRING CONDOMINIUM 1-01-01, LEBUH SUNGAI PINANG 2 JELUTONG, 11600 PULAU PINANG",,3,100.32606092,07,898,"5.397105763885343, 100.32606092473756",3,,P.050 - JELUTONG,5.39710576,0,04,0,3,40044,1767052800000,DTL GEORGE TOWN SEK. 8,,N.30,CHARGEHERE EV SOLUTION SDN BHD,070444008,3,P.050, 1-01-01,PULAU PINANG,N.30 - SUNGAI PINANG,THE SPRING CONDOMINIUM,LA 12/1/16/1076 (D-EVCS),DTL,TIMOR LAUT,33,29/10/2024 - 28/10/2034,77,0,100.32606092500004,5.3971057640000595
17,JALAN KELAWEI,SEK. 4,,GEORGE TOWN,"AMBANK KELAWEI, GROUND FLOOR PARKING, 17, JALAN KELAWEI, TIMOR LAUT, 10250 BANDAR GEORGETOWN  PULAU PINANG",,1,100.31778432,07,929,"5.429647773020016, 100.31778432154785",0,,P.048 - BUKIT BENDERA,5.42964777,1,04,1,0,40045,1767052800000,DTL GEORGE TOWN SEK. 4,,N.25,GENTARI GREEN MOBILITY SDN. BHD.,070444004,1,P.048,GROUND FLOOR PARKING,PULAU PINANG,N.25 - PULAU TIKUS,AMBANK KELAWEI,LA 12/1/16/1142 (D-EVCS),DTL,TIMOR LAUT,60,23/10/2024 - 22/10/2034,78,1,100.31778432100003,5.429647773000056
,CANGKAT MINDEN JALAN 1, ,,MUKIM 13,"MIDDLETON BY BSG PROPERTY, CANGKAT MINDEN JALAN 1, 11700 GELUGOR  PULAU PINANG",,2,100.30118599,07,933,"5.36779291000557, 100.30118599265225",2,,P.052 - BAYAN BARU,5.36779291,0,04,1,2,40046,1767052800000,DTL MUKIM 13,,N.35,GREENERGY EV SDN BHD,070401000,2,P.052,,PULAU PINANG,N.35 - BATU UBAN,MIDDLETON BY BSG PROPERTY,LA 12/1/16/981 (D-EVCS),DTL,TIMOR LAUT,44,4/10/2024 - 3/10/2034,79,0,100.30118599300005,5.367792910000048
NO.1,LEBUH LIGHT,SEK. 20,,GEORGE TOWN,"NO.1, LEBUH LIGHT, GEORGETOWN, 10200 GEORGETOWN  PULAU PINANG",,1,100.34208138,07,935,"5.419834210600478, 100.34208138436853",1,,P.049 - TANJONG,5.41983421,0,04,1,1,40047,1767052800000,DTL GEORGE TOWN SEK. 20,,N.26,HLB REALTY SDN. BHD.,070444020,1,P.049,,PULAU PINANG,N.26 - PADANG KOTA,HONG LEONG BANK LIGHT STREET,LA 12/1/16/1006 (D-EVCS),DTL,TIMOR LAUT,22,7/10/2024 - 6/10/2034,80,0,100.34208138400004,5.419834211000023
NO.3,JALAN SUNGAI PINANG,SEK. 9(w),,GEORGE TOWN,"AUTO BAVARIA SUNGAI PINANG, NO.3, JALAN SUNGAI PINANG, TAMAN LITA, 10150 GEORGETOWN  PULAU PINANG",,1,100.32327388,07,943,"5.401929345534514, 100.32327388097852",0, TAMAN LITA,P.050 - JELUTONG,5.40192935,2,04,0,0,40048,1767052800000,DTL GEORGE TOWN SEK. 9(w),,N.30,SIME DARBY AUTO BAVARIA SDN. BHD.,070444025,2,P.050,,PULAU PINANG,N.30 - SUNGAI PINANG,AUTO BAVARIA SUNGAI PINANG,LA 12/1/16/1140 (D-EVCS),DTL,TIMOR LAUT,30,23/10/2024 - 22/10/2034,81,1,100.32327388100003,5.401929346000031
617,JALAN BALIK PULAU,SEK. 4,,AYER ITAM,"MAJLIS BANDARAYA PULAU PINANG (MBPP), JALAN BALIK PULAU, PEKAN AYER HITAM, 11500 AYER HITAM, PULAU PINANG",,1,100.27654741,07,959,"5.401559020670303, 100.27654740829966",0,PEKAN AIR ITAM,P.051 - BUKIT GELUGOR,5.40155902,2,04,1,0,40090,1771200000000,DTL AYER ITAM SEK. 4,,N.33,CHARGEHERE EV SOLUTION SDN BHD,070440004,2,P.051,,PULAU PINANG,N.33 - AIR ITAM,MBPP JALAN PASAR (KEK LOK SI),LA 12/1/16/1115 (D-EVCS),DTL,TIMOR LAUT,60,21/11/2024 - 20/11/2034,82,1,100.27654740800006,5.4015590210000255
NO. 8,LEBUH SUNGAI PINANG 1,SEK. 8,,GEORGE TOWN,"MBPP KARPAL SINGH NO 8 LEBUH SUNGAI PINANG 1, 11600 JELUTONG PULAU PINANG",,1,100.3292029,07,960,"5.39746939747285, 100.32920289752181",0,,P.050 - JELUTONG,5.3974694,2,04,1,0,40049,1767052800000,DTL GEORGE TOWN SEK. 8,,N.30,CHARGEHERE EV SOLUTION SDN BHD,070444008,2,P.050,,PULAU PINANG,N.30 - SUNGAI PINANG,MBPP KARPAL SINGH,LA 12/1/16/1119 (D-EVCS),DTL,TIMOR LAUT,60,21/11/2024 - 20/11/2034,83,1,100.32920289700007,5.397469397000066
,LINTANG MAYANG PASIR 3, ,,MUKIM 12,"PASAR BAYAN BARU MBPP LINTANG MAYANG PASIR 3 , BANDAR BAYAN BARU, 11900  BAYAN LEPAS PULAU PINANG",,1,100.2870183,07,961,"5.324632256919656, 100.28701829805688",0,,P.052 - BAYAN BARU,5.32463226,2,05,1,0,50006,1767052800000,DBD MUKIM 12,,N.36,CHARGEHERE EV SOLUTION SDN BHD,070512000,2,P.052,,PULAU PINANG,N.36 - PANTAI JEREJAK,PASAR BAYAN BARU MBPP,LA 12/1/16/1125 (D-EVCS),DBD,BARAT DAYA,60,21/11/2024 - 20/11/2034,84,1,100.28701829800008,5.324632257000076
,LEBUH PASAR,SEK. 23,,GEORGE TOWN,"LITTLE INDIA (MBPP), LEBUH PASAR, 10450 GEORGETOWN  PULAU PINANG",,2,100.34061389,07,962,"5.415961977477019, 100.3406138898355",2,,P.049 - TANJONG,5.41596198,0,04,1,2,40050,1767052800000,DTL GEORGE TOWN SEK. 23,,N.27,CHARGEHERE EV SOLUTION SDN BHD,070444023,2,P.049,,PULAU PINANG,N.27 - PENGKALAN KOTA,MBPP LITTLE INDIA,LA 12/1/16/1135 (D-EVCS),DTL,TIMOR LAUT,44,21/11/2024 - 20/11/2034,85,0,100.34061389000004,5.415961977000052
,JALAN BUNGA PUDAK, ,,TANJONG BUNGAH,"PEARL VIEW CONDOMINIUM, 10A-G-1, JALAN BUNGA PUDAK, TG. BUNGAH, 11200 TANJUNG BUNGAH  PULAU PINANG",,2,100.29574684,07,966,"5.464431397132727, 100.29572743769693",2,,P.048 - BUKIT BENDERA,5.4643344,0,04,1,2,40051,1767052800000,DTL TANJONG BUNGAH,,N.22,CHARGEHERE EV SOLUTION SDN BHD,070446000,2,P.048,10A-G-1,PULAU PINANG,N.22 - TANJONG BUNGA,"PEARL VIEW CONDOMINIUM, ",LA 12/1/16/1176 (D-EVCS),DTL,TIMOR LAUT,22,21/11/2024 - 20/11/2034,86,0,100.29574683900006,5.464334403000066
,JALAN CANTEK,SEK. 3,,BUTTERWORTH,"ELEMENT GARDEN, PARKING LOT (2,3,4,5), TAMAN RESIDENSI SERI CANTIK 1, 13400 BUTTERWORTH  PULAU PINANG",,4,100.38249781,07,968,"5.41782934984947, 100.38249780958175",4,TAMAN RESIDENSI SERI CANTIK 1,P.043 - BAGAN,5.41782935,0,02,1,4,20007,1767052800000,SPU BUTTERWORTH SEK. 3,,N.08,CHARGEHERE EV SOLUTION SDN BHD,070240003,4,P.043,"PARKING LOT (2,3,4,5)",PULAU PINANG,N.08 - BAGAN JERMAL,ELEMENT GARDEN,LA 12/1/16/1181 (D-EVCS),SPU,SEBERANG PERAI UTARA,44,22/11/2024 - 21/11/2034,87,0,100.38249781000007,5.417829350000034
PARKING BLOCK D,JALAN CHEE SENG 13, ,,TANJONG BUNGAH,"TAMAN LEADER CONDOMINIUM, PARKING BLOCK D, JALAN CHEE SENG 13, 11200 TANJUNG BUNGAH  PULAU PINANG",,1,100.27708398,07,969,"5.463717842393896, 100.27708397780819",0,,P.048 - BUKIT BENDERA,5.46371784,1,04,1,0,40052,1767052800000,DTL TANJONG BUNGAH,,N.22,CHARGEHERE EV SOLUTION SDN BHD,070446000,1,P.048,,PULAU PINANG,N.22 - TANJONG BUNGA,TAMAN LEADER CONDOMINIUM,LA 12/1/16/1182 (D-EVCS),DTL,TIMOR LAUT,40,22/11/2024 - 21/11/2034,88,1,100.27708397800006,5.463717842000051
,JALAN TANJUNG BUNGAH,SEK. 1,,BATU FERRINGGI,"HARD ROCK HOTEL, PENANG, BATU FERRINGHI BEACH,  11100 BATU FERRINGHI PULAU PINANG",,2,100.24186785,07,997,"5.468014022708983, 100.24186784980327",2,BATU FERRINGHI BEACH,P.048 - BUKIT BENDERA,5.46801402,0,04,1,2,40053,1767052800000,DTL BATU FERRINGGI SEK. 1,,N.22,GREEN EV CHARGE SDN BHD,070441001,2,P.048,,PULAU PINANG,N.22 - TANJONG BUNGA,HARD ROCK HOTEL,LA 12/1/16/1055 (D-EVCS),DTL,TIMOR LAUT,44,27/11/2024 - 26/11/2034,89,0,100.24186785000006,5.468014023000023
108C,JALAN TUN DR AWANG, ,,MUKIM 12,"SETIA WELCOME CENTRE SPICE, OUTDOOR PARKING (NEAR LOBBY ENTRANCE),  11900 BAYAN LEPAS  PULAU PINANG",,1,100.27911273,07,1000,"5.329380478022887, 100.27911272656631",1,,P.052 - BAYAN BARU,5.32938048,0,05,1,1,50007,1767052800000,DBD MUKIM 12,,N.36,GREEN EV CHARGE SDN BHD,070512000,1,P.052,"OUTDOOR PARKING (NEAR LOBBY ENTRANCE),",PULAU PINANG,N.36 - PANTAI JEREJAK,SETIA WELCOME CENTRE SPICE,LA 12/1/16/1064 (D-EVCS),DBD,BARAT DAYA,3.7,27/11/2024 - 26/11/2034,90,0,100.27911272700004,5.3293804780000755
71,JALAN ICON CITY, ,,MUKIM 11,"ICONIC HOTEL, LEVEL 3 PARKING, 71 JALAN ICON CITY, ICON CITY , 14000 BUKIT MERTAJAM PULAU PINANG",,2,100.43283471,07,1009,"5.342035370832565, 100.43283471110217",2,ICON CITY,P.046 - BATU KAWAN,5.34203537,0,01,1,2,10025,1767052800000,SPT MUKIM 11,,N.17,LUCKY 888 SDN BHD,070111000,2,P.046,LEVEL 3 PARKING,PULAU PINANG,N.17 - BUKIT TENGAH,"ICONIC HOTEL,",LA 12/1/16/1178 (D-EVCS),SPT,SEBERANG PERAI TENGAH,44,26/11/2024 - 25/11/2034,91,0,100.43283471100005,5.342035371000065
,PERSIARAN LENGKUAS 1,SEK. 2,,TANJONG TOKONG,"TANJUNG PARK CONDOMINIUM (A), PERSIARAN LENGKUAS 1, 10470 TANJUNG TOKONG PULAU PINANG",,3,100.3045393,07,1033,"5.450077675237713, 100.30453930161919",3,,P.048 - BUKIT BENDERA,5.45007768,0,04,1,3,40054,1767052800000,DTL TANJONG TOKONG SEK. 2,,N.25,CHARGEHERE EV SOLUTION SDN BHD,070447002,3,P.048,,PULAU PINANG,N.25 - PULAU TIKUS,TANJUNG PARK CONDOMINIUM (A),LA 12/1/16/1260 (D-EVCS),DTL,TIMOR LAUT,33,26/12/2024 - 25/12/2034,92,0,100.30453930200008,5.4500776750000455
,LORONG SERI TANJUNG PINANG,SEK. 1,,TANJONG PINANG,"QUAYSIDE SEAFRONT RESORT CONDOMINIUM, LORONG SERI TANJUNG PINANG, 10470 TANJONG TOKONG  PULAU PINANG",,3,100.31201904,07,1034,"5.45931188572405, 100.31201903678908",3,,P.048 - BUKIT BENDERA,5.45931189,0,04,1,3,40055,1767052800000,DTL TANJONG PINANG SEK. 1,,N.22,CHARGEHERE EV SOLUTION SDN BHD,070448001,3,P.048,,PULAU PINANG,N.22 - TANJONG BUNGA,QUAYSIDE SEAFRONT RESORT CONDOMINIUM,LA 12/1/16/1268 (D-EVCS),DTL,TIMOR LAUT,33,26/12/2024 - 25/12/2034,93,0,100.31201903700008,5.459311886000023
171,JALAN C.Y.CHOY,SEK. 11(e),,GEORGE TOWN,"LOT. 17, 18 & 19, VISITOR PARKING, CYC HERITAGE HOTEL, 171 , JALAN C.Y.CHOY, 10300 GEORGETOWN  PULAU PINANG",,3,100.3314241,07,1045,"5.408715558440145, 100.33142410223675",3,,P.049 - TANJONG,5.40871556,0,04,1,3,40056,1767052800000,DTL GEORGE TOWN SEK. 11(e),,N.27,CHARGEHERE EV SOLUTION SDN BHD,070444011,3,P.049,"LOT. 17, 18 & 19, VISITOR PARKING",PULAU PINANG,N.27 - PENGKALAN KOTA,CYC HERITAGE HOTEL,LA 12/1/16/1242 (D-EVCS),DTL,TIMOR LAUT,33,26/12/2024 - 25/12/2034,94,0,100.33142410200008,5.40871555800004
,LORONG BAYAN INDAH 2, ,,MUKIM 12,"PEJABAT PENGURUSAN BAY AVENUE H-12-3, LORONG BAYAN INDAH 2, 11900 BAYAN LEPAS  PULAU PINANG",,1,100.30795161,07,1057,"5.336437202164468, 100.30795161411596",0,,P.052 - BAYAN BARU,5.3364372,1,05,1,0,50008,1767052800000,DBD MUKIM 12,,N.36,EV CONNECTION SDN BHD,070512000,1,P.052,H-12-3,PULAU PINANG,N.36 - PANTAI JEREJAK,PEJABAT PENGURUSAN BAY AVENUE ,LA 12/1/16/1274 (D-EVCS),DBD,BARAT DAYA,50,28/12/2024 - 27/12/2034,95,1,100.30795161400005,5.33643720200007
,JALAN BATU FERRINGHI,SEK. 2,,BATU FERRINGGI,"SHANGRI-LA RASA SAYANG, BATU FERINGGI BEACH N/A , 11100 BATU FERINGGI PULAU PINANG",,3,100.25417489,07,1058,"5.4781920361012935, 100.25417488586861",2,KAMPUNG TANJUNG HUMA,P.048 - BUKIT BENDERA,5.47819204,1,04,0,2,40057,1767052800000,DTL BATU FERRINGGI SEK. 2,,N.22,EV CONNECTION SDN BHD,070441002,3,P.048,,PULAU PINANG,N.22 - TANJONG BUNGA,SHANGRI-LA RASA SAYANG RESORT AND SPA,LA 12/1/16/1276 (D-EVCS),DTL,TIMOR LAUT,44,28/12/2024 - 27/12/2034,96,1,100.25417488600004,5.478192036000053
,LEBUH PEKAKA 1, ,,MUKIM 13,"BANGUNAN LIP SIN, 1A BASEMENT, LEBUH PEKAKA 1, TAMAN PEKAKA, MUKIM 13, 11700 TIMOR LAUT  PULAU PINANG",,4,100.29528514,07,1062,"5.34908257271114, 100.29528513822979

",4,TAMAN PEKAKA,P.052 - BAYAN BARU,5.34908257,0,04,1,4,40059,1767052800000,DTL MUKIM 13,,N.35,GENTARI GREEN MOBILITY SDN. BHD.,070401000,4,P.052, 1A BASEMENT,PULAU PINANG,N.35 - BATU UBAN,BANGUNAN LIP SIN,LA 12/1/16/1218 (D-EVCS),DTL,TIMOR LAUT,43,13/12/2024 - 12/12/2034,97,0,100.29528513800005,5.349082573000032
752,PERSIARAN CASSIA BARAT 8, ,,MUKIM 13,"IKEA BATU KAWAN, 752, PERSIARAN CASSIA BARAT 8, BANDAR CASSIA, MUKIM 13 , 14110 SEBERANG PERAI SELATAN  PULAU PINANG",,3,100.44032418,07,1064,"5.232221511108197, 100.44032418061431",2,BANDAR CASSIA,P.046 - BATU KAWAN,5.23222151,2,03,1,2,30006,1767052800000,SPS MUKIM 13,,N.18,GENTARI GREEN MOBILITY SDN. BHD.,070313000,4,P.046,,PULAU PINANG,N.18 - BUKIT TAMBUN,IKEA BATU KAWAN,LA 12/1/16/1261 (D-EVCS),SPS,SEBERANG PERAI SELATAN,104,13/12/2024 - 12/12/2034,98,1,100.44032418100005,5.232221511000034
,JALAN ICON CITY, ,,MUKIM 11,"STARBUCKS ICON CITY, GROUND & MEZZANINE FLOOR, 1, JLN ICON CITY, ICON CITY, 14000 BUKIT MERTAJAM  PULAU PINANG",,1,100.43453944,07,1070,"5.3456761203156375, 100.43453943822975",1,ICON CITY,P.046 - BATU KAWAN,5.34567612,0,01,0,1,10026,1767052800000,SPT MUKIM 11,,N.17,GREEN EV CHARGE SDN BHD,070111000,1,P.046,GROUND & MEZZANINE FLOOR,PULAU PINANG,N.17 - BUKIT TENGAH,STARBUCKS ICON CITY,LA 12/1/16/1192 (D-EVCS),SPT,SEBERANG PERAI TENGAH,22,23/12/2024 - 22/12/2034,99,0,100.43453943800006,5.345676120000064
14,LILITAN SUNGAI ARA, ,,MUKIM 10,"GOLDEN TRIANGLE 1 (MBPP), JALAN KHIDMAT JALAN PAYA TERUBONG, 11060 BAYAN LEPAS  PULAU PINANG",,1,100.27556839,07,1107,"5.33245062746905, 100.27556838533312",0,SUNGAI ARA,P.053 - BALIK PULAU,5.33245063,2,05,1,0,50009,1767052800000,DBD MUKIM 10,,N.38,CHARGEHERE EV SOLUTION SDN BHD,070510000,2,P.053,,PULAU PINANG,N.38 - BAYAN LEPAS,"GOLDEN TRIANGLE 1 (MBPP),",LA 12/1/16/1254(D-EVCS),DBD,BARAT DAYA,60,13/1/2025 - 12/1/2035,100,1,100.27556838500004,5.332450627000071
100,PERSIARAN BAYAN INDAH, ,,MUKIM 12,"QUEENSBAY MALL LEVEL 5, 100, PERSIARAN BAYAN INDAH, 11900 BAYAN LEPAS PULAU PINANG",,1,100.30635924,07,1128,"5.3342391405980925, 100.30635924471642",1,,P.052 - BAYAN BARU,5.33423914,0,05,1,1,50011,1767052800000,DBD MUKIM 12,,N.36,GREEN EV CHARGE SDN BHD,070512000,1,P.052,LEVEL 5 ,PULAU PINANG,N.36 - PANTAI JEREJAK,QUEENSBAY MALL,LA 12/1/16/1310 (D-EVCS),DBD,BARAT DAYA,3.7,16/1/2025 - 15/1/2035,101,0,100.30635924500007,5.334239141000069
213,JALAN BUKIT GAMBIR, ,,MUKIM 13,"213, JALAN BUKIT GAMBIR, KAMPUNG SEBERANG PAYA, 11950 BAYAN LEPAS  PULAU PINANG",,2,100.29182628,07,1149,"5.3362608499758455, 100.29182628003676",2,KAMPUNG SEBERANG PAYA,P.052 - BAYAN BARU,5.33626085,0,04,1,2,40060,1767052800000,DTL MUKIM 13,,N.35,CARPUT ZAP NETWORK SDN BHD,070401000,2,P.052,,PULAU PINANG,N.35 - BATU UBAN,AC HOTEL PENANG,LA 12/1/16/1280 (D-EVCS),DTL,TIMOR LAUT,44,14/2/2025 - 13/2/2035,102,0,100.29182628000007,5.336260850000031
,JALAN BAYU 1,SEK. 2,,BATU FERRINGGI,"BAYU FERRINGHI CONDOMINIUM, JALAN BAYU 1, BATU FERRINGGI TIMOR LAUT, 11100 PULAU PINANG",,2,100.25718453,07,1159,"5.479838868775711, 100.25718452856205",2,,P.048 - BUKIT BENDERA,5.47983887,0,04,1,2,40061,1767052800000,DTL BATU FERRINGGI SEK. 2,,N.22,CHARGE N GO SDN BHD,070441002,2,P.048,,PULAU PINANG,N.22 - TANJONG BUNGA,BAYU FERRINGHI CONDOMINIUM,LA 12/1/16/1326 (D-EVCS),DTL,TIMOR LAUT,44,20/2/2025 - 19/2/2035,103,0,100.25718452900009,5.479838869000048
9,JALAN CONCORDIA,SEK. 4,,GEORGE TOWN,"MBPP - JALAN CONCORDIA, 9, JALAN CONCORDIA, GEORGETOWN, 10250 GEORGETOWN PULAU PINANG",,1,100.3143449,07,1163,"5.434163301507964, 100.31434490178759",0,,P.048 - BUKIT BENDERA,5.4341633,2,04,1,0,40062,1767052800000,DTL GEORGE TOWN SEK. 4,,N.25,CHARGEHERE EV SOLUTION SDN BHD,070444004,2,P.048,,PULAU PINANG,N.25 - PULAU TIKUS,JALAN CONCORDIA (MBPP),LA 12/1/16/1368 (D-EVCS),DTL,TIMOR LAUT,60,27/2/2025 - 26/2/2035,104,1,100.31434490200007,5.434163302000059
,, ,,MUKIM 13,"ICONIC SKIES, HALAMAN RELAU, 11900 BAYAN LEPAS  PULAU PINANG",,2,100.27310862,07,1164,"5.3383647660688895, 100.27310861831562",1,HALAMAN RELAU,P.051 - BUKIT GELUGOR,5.33836477,2,04,1,1,40063,1767052800000,DTL MUKIM 13,,N.34,CHARGEHERE EV SOLUTION SDN BHD,070401000,3,P.051,,PULAU PINANG,N.34 - PAYA TERUBONG,ICONIC SKIES,LA 12/1/16/1404 (D-EVCS),DTL,TIMOR LAUT,51,27/2/2025 - 26/2/2035,105,1,100.27310861800004,5.338364766000041
NO. 10,GAT LEBUH CHINA,SEK. 23,,GEORGE TOWN,"MBPP GAT LEBUH CHINA, NO 10, GAT LEBUH CHINA, 10200 GEORGETOWN, PULAU PINANG",,1,100.34263841,07,1165,"5.415152051856519, 100.34263840652342",0,,P.049 - TANJONG,5.41515205,2,04,1,0,40064,1767052800000,DTL GEORGE TOWN SEK. 23,,N.26,CHARGEHERE EV SOLUTION SDN BHD,070444023,2,P.049,,PULAU PINANG,N.26 - PADANG KOTA,GAT LEBUH CHINA (MBPP),LA 12/1/16/1407 (D-EVCS),DTL,TIMOR LAUT,60,27/2/2025 - 26/2/2035,106,1,100.34263840600005,5.415152052000053
33,LINTANG BATU LANCHANG,SEK. 3,,JELUTONG,"PASAR BATU LANCHANG (MBPP) LINTANG BATU LANCHANG, BATU LANCHANG , 11600 PULAU PINANG",,1,100.30587814,07,1166,"5.389964764649655, 100.30587814015674",0,TAMAN SRI DAMAI,P.050 - JELUTONG,5.38996476,2,04,1,0,40065,1767052800000,DTL JELUTONG SEK. 3,,N.31,CHARGEHERE EV SOLUTION SDN BHD,070445003,2,P.050,,PULAU PINANG,N.31 - BATU LANCANG,PASAR BATU LANCHANG (MBPP),LA 12/1/16/1252 (D-EVCS),DTL,TIMOR LAUT,60,5/2/2025 - 4/2/2035,107,1,100.30587814000006,5.389964765000059
2268,JALAN TANJUNG BUNGA, ,,TANJONG BUNGAH,"MBPP PASAR TANJUNG BUNGAH JALAN TANJUNG BUNGA , TAMAN TANJUNG BUNGA, 11200  TANJUNG BUNGAH PULAU PINANG",,1,100.28505654,07,1171,"5.4633980255123875, 100.28505654434868",0,TAMAN TANJUNG BUNGA,P.048 - BUKIT BENDERA,5.46339803,2,04,1,0,40066,1767052800000,DTL TANJONG BUNGAH,,N.22,CHARGEHERE EV SOLUTION SDN BHD,070446000,2,P.048,,PULAU PINANG,N.22 - TANJONG BUNGA,PASAR TANJUNG BUNGAH (MBPP),LA 12/1/16/1375 (D-EVCS),DTL,TIMOR LAUT,60,27/2/2025 - 26/2/2035,108,1,100.28505654400004,5.46339802600005
NO. 996,JALAN BARU, ,,MUKIM 6,"NISSAN SHOWROOM & SERVICE CENTRE BUTTERWORTH, NO. 996, JALAN BARU, 13700 PERAI  SEBERANG PERAI PULAU PINANG",,1,100.41409935,07,1174,"5.370086429848758, 100.41409935031677",1,,P.044 - PERMATANG PAUH,5.37008643,0,01,1,1,10027,1767052800000,SPT MUKIM 6,,N.10,EDARAN TAN CHONG MOTOR (UTARA) SDN. BHD.,070106000,1,P.044,,PULAU PINANG,N.10 - SEBERANG JAYA,NISSAN SHOWROOM & SERVICE CENTRE BUTTERWORTH,LA 12/1/16/1376 (D-EVCS),SPT,SEBERANG PERAI TENGAH,7,12/2/2025 - 11/2/2035,109,0,100.41409935000007,5.370086430000072
NO. 196,JALAN SUNGAI TIRAM, ,,MUKIM 12,"NO. 196, BLOCK G, JALAN SULTAN AZLAN SHAH, SUNGAI TIRAM, 11900 BAYAN LEPAS  PULAU PINANG",,1,100.27132645,07,1175,"5.3012746824883905, 100.27132645002312",1,SUNGAI TIRAM,P.052 - BAYAN BARU,5.30127468,0,05,1,1,50012,1767052800000,DBD MUKIM 12,,N.37,EDARAN TAN CHONG MOTOR (UTARA) SDN. BHD.,070512000,1,P.052,BLOCK G,PULAU PINANG,N.37 - BATU MAUNG,HONDA VIVAHILL AUTO,LA 12/1/16/1371 (D-EVCS),DBD,BARAT DAYA,7,12/2/2025 - 11/2/2035,110,0,100.27132645000006,5.301274682000042
NO. 26,JALAN SULTAN AHMAD SHAH,SEK. 14,,GEORGE TOWN,"LEXUS PENANG, NO. 26, JALAN SULTAN AHMAD SHAH, 10050 GEORGETOWN  PULAU PINANG",,1,100.33349677,07,1182,"5.423226426783419, 100.33349676550863",0,,P.049 - TANJONG,5.42322643,2,04,1,0,40067,1767052800000,DTL GEORGE TOWN SEK. 14,,N.26,EV CONNECTION SDN BHD,070444014,2,P.049,,PULAU PINANG,N.26 - PADANG KOTA,LEXUS PENANG,LA 12/1/16/1386 (D-EVCS),DTL,TIMOR LAUT,60,25/2/2025 - 24/2/2035,111,1,100.33349676500006,5.423226427000031
89-A,JALAN SUNGAI PINANG,SEK. 9(w),,GEORGE TOWN,"VOLVO FEDERAL AUTO CAR, 89-A, JALAN SUNGAI PINANG, TAMAN PENANG, 10150 GEORGETOWN  PULAU PINANG",,4,100.32062055,07,1187,"5.405037448578675, 100.32062055166985",4,TAMAN PENANG,P.050 - JELUTONG,5.40503745,0,04,1,4,40068,1767052800000,DTL GEORGE TOWN SEK. 9(w),,N.29,FEDERAL AUTO CARS SDN. BHD.,070444025,4,P.050,,PULAU PINANG,N.29 - DATOK KERAMAT,VOLVO FEDERAL AUTO CAR,LA 12/1/16/1358 (D-EVCS),DTL,TIMOR LAUT,44,12/2/2025 - 11/2/2035,112,0,100.32062055200004,5.405037449000076
2,PERSIARAN MAHSURI, ,,MUKIM 12,"AMARI SPICE HOTEL PENANG, PERSIARAN MAHSURI, BAYAN BARU, 11900 BAYAN LEPAS  PULAU PINANG",,3,100.28104765,07,1194,"5.3302204744015, 100.28104764594147",3,BAYAN BARU,P.052 - BAYAN BARU,5.33022047,0,05,1,3,50021,1767052800000,DBD MUKIM 12,,N.36,GREEN EV CHARGE SDN BHD,070512000,3,P.052,,PULAU PINANG,N.36 - PANTAI JEREJAK,AMARI SPICE HOTEL PENANG,LA 12/1/16/1350 (D-EVCS),DBD,BARAT DAYA,55,20/2/2025 - 19/2/2035,113,0,100.28104764600005,5.330220474000043
,JALAN PABOI , ,,MUKIM 14,"ECOWORLD GALLERY @MEADOWS, LOT 730, JALAN PABOI MUKIM 14, SEBERANG PERAI SELATAN, 14100 SIMPANG AMPAT  PULAU PINANG",,1,100.46601279,07,1196,"5.258896607705068, 100.46601278789868",1,,P.046 - BATU KAWAN,5.25889661,0,03,1,1,30007,1767052800000,SPS MUKIM 14,,N.18,GREEN EV CHARGE SDN BHD,070314000,1,P.046,LOT 730,PULAU PINANG,N.18 - BUKIT TAMBUN,ECOWORLD GALLERY @MEADOWS,LA 12/1/16/1353 (D-EVCS),SPS,SEBERANG PERAI SELATAN,3.7,20/2/2025 - 19/2/2035,114,0,100.46601278800006,5.258896608000043
NO. 1114,JALAN PERINDUSTRIAN BUKIT MINYAK 18, ,,MUKIM 13,"NO. 1114, JALAN PERINDUSTRIAN BUKIT MINYAK 18, PENANG SCIENCE PARK, 14100 SIMPANG AMPAT  PULAU PINANG",,1,100.44571959,07,1207,"5.295025730352757, 100.4457195865758",0,PENANG SCIENCE PARK,P.046 - BATU KAWAN,5.29502573,2,01,1,0,10029,1767052800000,SPT MUKIM 13,,N.17,PIHAK BERKUASA PELAKSANAAN KORIDOR UTARA,070113000,2,P.046,,PULAU PINANG,N.17 - BUKIT TENGAH,NCER MALAYSIA,LA 12/1/16/1389 (D-EVCS),SPT,SEBERANG PERAI TENGAH,180,25/2/2025 - 24/2/2035,115,1,100.44571958700004,5.29502573000002
,, ,,MUKIM 12,"B. BRAUN MEDICAL INDUSTRIES SDN. BHD., B9, BAYAN LEPAS FREE INDUSTRIAL ZONE, 11900 BAYAN LEPAS  PULAU PINANG  ",,4,100.28465488,07,1219,"5.312386912684417, 100.28465488080086",4,BAYAN LEPAS FREE INDUSTRIAL ZONE,P.052 - BAYAN BARU,5.31238691,0,05,1,4,50013,1767052800000,DBD MUKIM 12,,N.37,B. BRAUN MEDICAL INDUSTRIES SDN. BHD.,070512000,4,P.052,B9,PULAU PINANG,N.37 - BATU MAUNG,B. BRAUN MEDICAL INDUSTRIES SDN. BHD.,LA 12/1/16/1423 (D-EVCS),DBD,BARAT DAYA,88,17/3/2025 - 16/3/2035,116,0,100.28465488100005,5.3123869130000685
,, ,,MUKIM 12,"B. BRAUN MEDICAL INDUSTRIES SDN. BHD. (B10, LEVEL 4), BAYAN LEPAS FREE INDUSTRIAL ZONE, 11900 BAYAN LEPAS  PULAU PINANG",,4,100.27884734,07,1220,"5.3081636477009155, 100.27884733860154",4,BAYAN LEPAS FREE INDUSTRIAL ZONE,P.052 - BAYAN BARU,5.30816365,0,05,0,4,50014,1767052800000,DBD MUKIM 12,,N.37,B. BRAUN MEDICAL INDUSTRIES SDN. BHD.,070512000,4,P.052,"(B10, LEVEL 4)",PULAU PINANG,N.37 - BATU MAUNG,B. BRAUN MEDICAL INDUSTRIES SDN. BHD.,LA 12/1/16/1449 (D-EVCS),DBD,BARAT DAYA,88,17/3/2025 - 16/3/2035,117,0,100.27884733900004,5.308163648000061
,JALAN SUNGAI AIR PUTIH, ,,MUKIM 4,"MBPP - MTT PROPERTIES & DEVELOPMENT SDN BHD BALIK PULAU, JALAN AIR PUTIH, 11000 BALIK PULAU PULAU PINANG",,1,100.21867977,07,1237,"5.372268821082081, 100.21867977055136",0,BANDAR BARU AIR PUTIH,P.053 - BALIK PULAU,5.37226882,2,05,0,0,50015,1767052800000,DBD MUKIM 4,,N.39,CHARGEHERE EV SOLUTION SDN BHD,070504000,2,P.053,,PULAU PINANG,N.39 - PULAU BETONG,(MBPP) MTT PROPERTIES & DEVELOPMENT SDN BHD BALIK PULAU,LA 12/1/16/1425 (D-EVCS),DBD,BARAT DAYA,60,11/3/2025 - 10/3/2035,118,1,100.21867977100004,5.372268821000034
9,JALAN ARRATOON,SEK. 13,,GEORGE TOWN,"(MBPP) JALAN ARRATOON, GEORGETOWN, 10050 GEORGETOWN  PULAU PINANG",,1,100.32307065,07,1238,"5.4227273929646564, 100.32307064635795",0,,P.049 - TANJONG,5.42272739,2,04,1,0,40071,1767052800000,DTL GEORGE TOWN SEK. 13,,N.26,CHARGEHERE EV SOLUTION SDN BHD,070444013,2,P.049,,PULAU PINANG,N.26 - PADANG KOTA,(MBPP) JALAN ARRATOON,LA 12/1/16/1426 (D-EVCS),DTL,TIMOR LAUT,60,11/3/2025 - 10/3/2035,119,1,100.32307064600008,5.422727393000059
63,LEBUH CINTRA,SEK. 18,,GEORGE TOWN,"(MBPP) LEBUH CINTRA, 63, LEBUH CINTRA, 10200 GEORGETOWN  PULAU PINANG",,1,100.33335763,07,1239,"5.417183467865353, 100.33335763388996",0,,P.049 - TANJONG,5.41718347,2,04,1,0,40072,1767052800000,DTL GEORGE TOWN SEK. 18,,N.28,CHARGEHERE EV SOLUTION SDN BHD,070444018,2,P.049,,PULAU PINANG,N.28 - KOMTAR,(MBPP) LEBUH CINTRA,LA 12/1/16/1427 (D-EVCS),DTL,TIMOR LAUT,60,11/3/2025 - 10/3/2035,120,1,100.33335763400004,5.417183468000076
312,JALAN LENGGONG,SEK. 1,,JELUTONG,"(MBPP) JALAN LENGGONG, JALAN LENGGONG (MBPP), JELUTONG, 11600 JELUTONG  PULAU PINANG",,1,100.31690993,07,1240,"5.395395206419256, 100.31690992583474",0,,P.050 - JELUTONG,5.39539521,2,04,1,0,40073,1767052800000,DTL JELUTONG SEK. 1,,N.31,CHARGEHERE EV SOLUTION SDN BHD,070445001,2,P.050,,PULAU PINANG,N.31 - BATU LANCANG,(MBPP) JALAN LENGGONG,LA 12/1/16/1460 (D-EVCS),DTL,TIMOR LAUT,60,11/3/2025 - 10/3/2035,121,1,100.31690992600005,5.395395206000046
,LEBUH UNION  (OPPOSITE HONG LEONG BANK),SEK. 20,,GEORGE TOWN,"(MBPP) LEBUH UNION, LEBUH UNION (OPPOSITE HONG LEONG BANK), 10200 GEORGETOWN  PULAU PINANG",,1,100.34212467,07,1244,"5.419338534554587, 100.34212466641499",0,,P.049 - TANJONG,5.41933853,2,04,1,0,40074,1767052800000,DTL GEORGE TOWN SEK. 20,,N.26,CHARGEHERE EV SOLUTION SDN BHD,070444020,2,P.049,,PULAU PINANG,N.26 - PADANG KOTA,MBPP - LEBUH UNION,LA 12/1/16/1502 (D-EVCS),DTL,TIMOR LAUT,60,28/3/2025 - 27/3/2035,122,1,100.34212466600007,5.419338535000065
,JALAN RAJAWALI, ,,MUKIM 12,"MARKET AND COMPLEX MBPP, JALAN RAJAWALI BAYAN LEPAS, 11900 BAYAN LEPAS PULAU PINANG",,1,100.26469807,07,1246,"5.306851471014047, 100.26469806557864",0,,P.053 - BALIK PULAU,5.30685147,2,05,1,0,50016,1767052800000,DBD MUKIM 12,,N.38,CHARGEHERE EV SOLUTION SDN BHD,070512000,2,P.053,,PULAU PINANG,N.38 - BAYAN LEPAS,MARKET AND COMPLEX MBPP,LA 12/1/16/1396 (D-EVCS),DBD,BARAT DAYA,60,28/3/2025 - 27/3/2035,123,1,100.26469806600005,5.306851471000073
,MEDAN KAMPUNG RELAU, ,,MUKIM 12,"(MBPP) MEDAN KAMPUNG RELAU KAMPUNG RELAU, 11900  BAYAN LEPAS PULAU PINANG",,1,100.29470381,07,1247,"5.3338993626150835, 100.29470380577071",0,KAMPUNG RELAU,P.052 - BAYAN BARU,5.33389936,2,05,1,0,50017,1767052800000,DBD MUKIM 12,,N.35,CHARGEHERE EV SOLUTION SDN BHD,070512000,2,P.052,,PULAU PINANG,N.35 - BATU UBAN,(MBPP) MEDAN KAMPUNG RELAU,LA 12/1/16/1402 (D-EVCS),DBD,BARAT DAYA,60,28/3/2025 - 27/3/2035,124,1,100.29470380600009,5.333899363000057
29,GAT LEBUH GEREJA,SEK. 23,,GEORGE TOWN,"(MBPP) GAT LEBUH GEREJA, GAT LEBUH GEREJA, 10200 GEORGETOWN  PULAU PINANG",,1,100.34335307,07,1248,"5.41599556237447, 100.34335306787783",0,,P.049 - TANJONG,5.41599556,2,04,1,0,40075,1767052800000,DTL GEORGE TOWN SEK. 23,,N.26,CHARGEHERE EV SOLUTION SDN BHD,070444023,2,P.049,,PULAU PINANG,N.26 - PADANG KOTA,(MBPP) GAT LEBUH GEREJA,LA 12/1/16/1408 (D-EVCS),DTL,TIMOR LAUT,60,11/3/2025 - 10/3/2035,125,1,100.34335306800006,5.415995562000035
,LEBUH DICKENS,SEK. 15,,GEORGE TOWN,"(MBPP) LEBUH DICKENS, LEBUH DICKENS, 10050 GEORGETOWN  PULAU PINANG",,1,100.33075,07,1250,"5.418976189839436, 100.33074999671558",0,,P.049 - TANJONG,5.41897619,2,04,1,0,40076,1767052800000,DTL GEORGE TOWN SEK. 15,,N.28,CHARGEHERE EV SOLUTION SDN BHD,070444015,2,P.049,,PULAU PINANG,N.28 - KOMTAR,(MBPP) LEBUH DICKENS,LA 12/1/16/1416 (D-EVCS),DTL,TIMOR LAUT,60,11/3/2025 - 10/3/2035,126,1,100.33074999700005,5.4189761900000235
,CANGKAT BUKIT BELAH 2, ,,MUKIM 11,"(MBPP) PASAR TELUK KUMBAR, TELUK KUMBAR HEIGHT, 11950 BAYAN LEPAS  PULAU PINANG",,1,100.24933375,07,1251,"5.288707717932579, 100.2493337456527",0,TELUK KUMBAR HEIGHTS,P.053 - BALIK PULAU,5.28870772,2,05,1,0,50018,1767052800000,DBD MUKIM 11,,N.38,CHARGEHERE EV SOLUTION SDN BHD,070511000,2,P.053,,PULAU PINANG,N.38 - BAYAN LEPAS,(MBPP) PASAR TELUK KUMBAR,LA 12/1/16/1417 (D-EVCS),DBD,BARAT DAYA,60,11/3/2025 - 10/3/2035,127,1,100.24933374600005,5.288707718000069
,LEBUH RELAU, ,,MUKIM 13,"(MBPP) KOMPLEKS SUKAN RELAU LEBUH RELAU, 11900  BAYAN LEPAS PULAU PINANG",,1,100.27159751,07,1252,"5.342162750535287, 100.27159751219453",0,,P.051 - BUKIT GELUGOR,5.34216275,2,04,0,0,40077,1767052800000,DTL MUKIM 13,,N.34,CHARGEHERE EV SOLUTION SDN BHD,070401000,2,P.051,,PULAU PINANG,N.34 - PAYA TERUBONG,(MBPP) KOMPLEKS SUKAN RELAU,LA 12/1/16/1429 (D-EVCS),DTL,TIMOR LAUT,60,11/3/2025 - 10/3/2035,128,1,100.27159751200008,5.342162751000046
,JALAN TANJUNG TOKONG,SEK. 2,,TANJONG TOKONG,"(MBPP) PRECINCT 10 JALAN TANJUNG TOKONG, 10470  TANJUNG TOKONG PULAU PINANG",,1,100.30551849,07,1253,"5.448702518404718, 100.30551849053856",0,,P.048 - BUKIT BENDERA,5.44870252,2,04,1,0,40078,1767052800000,DTL TANJONG TOKONG SEK. 2,,N.25,CHARGEHERE EV SOLUTION SDN BHD,070447002,2,P.048,,PULAU PINANG,N.25 - PULAU TIKUS,(MBPP) PRECINCT 10 ,LA 12/1/16/1430 (D-EVCS),DTL,TIMOR LAUT,60,11/3/2025 - 10/3/2035,129,1,100.30551849000005,5.4487025180000614
,JALAN TAN SRI TEH EWE LIM ,SEK. 2,,JELUTONG,"JALAN TAN SRI TEH EWE LIM (MBPP), JELUTONG, 11600 GEORGETOWN  PULAU PINANG",,1,100.30599856,07,1254,"5.393011159038582, 100.30599855643658",0,,P.050 - JELUTONG,5.39301116,2,04,1,0,40079,1767052800000,DTL JELUTONG SEK. 2,,N.31,CHARGEHERE EV SOLUTION SDN BHD,070445002,2,P.050,,PULAU PINANG,N.31 - BATU LANCANG,(MBPP) RHB BANK,LA 12/1/16/1431 (D-EVCS),DTL,TIMOR LAUT,60,11/3/2025 - 10/3/2035,130,1,100.30599855600008,5.393011159000025
,JALAN BUKIT PERMAI, ,,MUKIM 13,"(MBPP) PASAR JALAN PERMAI JALAN BUKIT GAMBIR, 11700  GELUGOR PULAU PINANG",,1,100.3015198,07,1256,"5.371861918479777, 100.30151980108639",0,TAMAN TUN SARDON,P.051 - BUKIT GELUGOR,5.37186192,2,04,1,0,40080,1767052800000,DTL MUKIM 13,,N.32,CHARGEHERE EV SOLUTION SDN BHD,070401000,2,P.051,,PULAU PINANG,N.32 - SERI DELIMA,(MBPP) PASAR JALAN PERMAI,LA 12/1/16/1433 (D-EVCS),DTL,TIMOR LAUT,60,28/3/2025 - 27/3/2035,131,1,100.30151980100004,5.371861918000036
,LENGKOK KELICAP, ,,MUKIM 11,"(MBPP) LENGKOK KELICAP (PASAR, OUTDOOR CARPARK NEAR TO FOODCOURT), MUTIARA PERDANA, 11900 BAYAN LEPAS  PULAU PINANG",,1,100.25767012,07,1259,"5.300511136836748, 100.25767012473692",0,MUTIARA PERDANA,P.053 - BALIK PULAU,5.30051114,2,05,0,0,50019,1767052800000,DBD MUKIM 11,,N.38,CHARGEHERE EV SOLUTION SDN BHD,070511000,2,P.053,,PULAU PINANG,N.38 - BAYAN LEPAS,(MBPP) PASAR LENGKOK KELICAP,LA 12/1/16/1441 (D-EVCS),DBD,BARAT DAYA,60,11/3/2025 - 10/3/2035,132,1,100.25767012500006,5.300511137000058
88,JALAN MASJID NEGERI (BERHADAPAN BERJAYA PENANG OFFICE),SEK. 5,,GEORGE TOWN,"(MBPP) JALAN MASJID NEGERI (BERHADAPAN BERJAYA PENANG OFFICE), TAMAN GUAN JOO SENG, 11600 GEORGETOWN  PULAU PINANG",,1,100.30250105,07,1260,"5.390698290335126, 100.30250104590898

100.30250104590898",0,TAMAN GUAN JOO SENG,P.051 - BUKIT GELUGOR,5.39069829,2,04,1,0,40081,1767052800000,DTL GEORGE TOWN SEK. 5,,N.32,CHARGEHERE EV SOLUTION SDN BHD,070444005,2,P.051,,PULAU PINANG,N.32 - SERI DELIMA,(MBPP) JALAN MASJID NEGERI,LA 12/1/16/1442 (D-EVCS),DTL,TIMOR LAUT,60,11/3/2025 - 10/3/2035,133,1,100.30250104600003,5.390698290000046
,GURNEY DRIVE,SEK. 4,,GEORGE TOWN,"11 GURNEY DRIVE, BANDAR GEORGETOWN DAERAH TIMOR LAUT , 10250 GEORGETOWN PULAU PINANG",,3,100.31986605,07,1273,"5.429942562863969, 100.31986605139797",3,,P.048 - BUKIT BENDERA,5.42994256,0,04,1,3,40082,1767052800000,DTL GEORGE TOWN SEK. 4,,N.25,CHARGEPLUS SDN BHD,070444004,3,P.048,,PULAU PINANG,N.25 - PULAU TIKUS,11 GURNEY DRIVE,LA 12/1/16/1543 (D-EVCS),DTL,TIMOR LAUT,66,27/3/2025 - 26/3/2035,134,0,100.31986605100008,5.429942563000054
170,GURNEY DRIVE,SEK. 1,,GEORGE TOWN,"GURNEY PLAZA, 170, GURNEY DR, PULAU TIKUS, 10250 GEORGETOWN  PULAU PINANG",,2,100.30978902,07,1293,"5.437970653237164, 100.30978901925143",0,,P.048 - BUKIT BENDERA,5.43797065,2,04,1,0,40083,1767052800000,DTL GEORGE TOWN SEK. 1,,N.25,GREEN EV CHARGE SDN BHD,070444001,2,P.048,,PULAU PINANG,N.25 - PULAU TIKUS,GURNEY PLAZA,LA 12/1/16/1312 (D-EVCS),DTL,TIMOR LAUT,7.4,11/3/2025 - 10/3/2035,135,2,100.30978901900005,5.437970653000036
,JALAN TOKONG BATU,SEK. 1,,JELUTONG,"STRAITS GARDEN SUITE, JELUTONG GEORGETOWN, 11600 GEORGETOWN PULAU PINANG",,2,100.31724034,07,1304,"5.394894535761975, 100.3172403351639",2,,P.050 - JELUTONG,5.39489454,0,04,1,2,40084,1767052800000,DTL JELUTONG SEK. 1,,N.30,LEADING INNOVATIVE TECHNOLOGIES & SYSTEMS SDN BHD,070445001,2,P.050,,PULAU PINANG,N.30 - SUNGAI PINANG,STRAITS GARDEN SUITE JELUTONG,LA 12/1/16/1458 (D-EVCS),DTL,TIMOR LAUT,44,6/3/2025 - 5/3/2035,136,0,100.31724033500006,5.394894536000038
NO. 8,JALAN ABBAS, ,,TANJONG BUNGAH,"SPRINGTIDE RESIDENCES, SUBBASEMENT CAR PARK LOT 85 & 87, NO. 8, JALAN ABBAS, TANJUNG BUNGAH, 11200 TANJUNG BUNGAH PULAU PINANG",,2,100.301026,07,1308,"5.464374158597986, 100.30102599498656",2,TANJUNG BUNGAH,P.048 - BUKIT BENDERA,5.46437416,0,04,1,2,40085,1767052800000,DTL TANJONG BUNGAH,,N.22,PERBADANAN PENGURUSAN SPRINGTIDE RESIDENCES,070446000,2,P.048,SUBBASEMENT  CAR PARK LOT 85 & 87,PULAU PINANG,N.22 - TANJONG BUNGA,SPRINGTIDE RESIDENCES,LA 12/1/16/1422 (D-EVCS),DTL,TIMOR LAUT,44,17/3/2025 - 16/3/2035,137,0,100.30102599500003,5.4643741590000445
,JALAN ROZHAN, ,,MUKIM 15,"AEON MALL BUKIT MERTAJAM, LOT 30908, JALAN ROZHAN, ALMA, 14000 BUKIT MERTAJAM PULAU PINANG",,2,100.47717239,07,1314,"5.320686500579303, 100.47717238520605",0,,P.045 - BUKIT MERTAJAM,5.3206865,4,01,1,0,10028,1767052800000,SPT MUKIM 15,,N.14,TNBX SDN. BHD.,070115000,4,P.045,,PULAU PINANG,N.14 - MACHANG BUBUK,AEON MALL BUKIT MERTAJAM,LA 12/1/16/1411 (D-EVCS),SPT,SEBERANG PERAI TENGAH,94,5/3/2025 - 4/3/2035,138,2,100.47717238500007,5.320686501000068
,JALAN BAYAN INDAH, ,,MUKIM 12,"QUEENS RESIDENCES Q1, VISITOR PARKING, PERSIARAN BAYAN INDAH, JALAN BAYAN INDAH, 11900 BAYAN LEPAS  PULAU PINANG",,1,100.30916397,07,1366,"5.332278068601224, 100.30916397052151",1,PERSIARAN BAYAN INDAH,P.052 - BAYAN BARU,5.33227807,0,05,1,1,50020,1767052800000,DBD MUKIM 12,,N.36,GREENERGY EV SDN BHD,070512000,1,P.052,VISITOR PARKING,PULAU PINANG,N.36 - PANTAI JEREJAK,QUEENS RESIDENCES Q1,LA 12/1/16/1226(D-EVCS),DBD,BARAT DAYA,22,23/4/2025 - 22/4/2035,139,0,100.30916397000004,5.33227806900004
,JALAN PETER PAUL DASON,SEK. 1,,TANJONG PINANG,"CITY OF DREAMS PENANG, BLOCK A, PARKING LOT 36 & 42, JALAN PETER PAUL DASON, BANDAR SERI TANJUNG TOKONG, 10470 TANJUNG TOKONG  PULAU PINANG",,2,100.31022404,07,1367,"5.44566754676195, 100.31022403905654",2,BANDAR SERI TANJUNG TOKONG,P.048 - BUKIT BENDERA,5.44566755,0,04,1,2,40087,1767052800000,DTL TANJONG PINANG SEK. 1,,N.22,GREENERGY EV SDN BHD,070448001,2,P.048,"BLOCK A, PARKING LOT 36 & 42",PULAU PINANG,N.22 - TANJONG BUNGA,CITY OF DREAMS PENANG,LA 12/1/16/1394 (D-EVCS),DTL,TIMOR LAUT,44,23/4/2025 - 22/4/2035,140,0,100.31022403900005,5.445667547000028
239A,JALAN SULTAN AZLAN SHAH, ,,MUKIM 12,"ICONIC MARJORIE HOTEL (LEVEL 1), 239A, JALAN SULTAN AZLAN SYAH, 11900 BAYAN LEPAS  PULAU PINANG",,2,100.29896732,07,1370,"5.338046640806016, 100.2989673247372",2,KAMPUNG SUNGAI NIBONG,P.052 - BAYAN BARU,5.33804664,0,05,0,2,50022,1767052800000,DBD MUKIM 12,,N.36,ICONIC PENANG SDN. BHD.,070512000,2,P.052,(LEVEL 1),PULAU PINANG,N.36 - PANTAI JEREJAK,ICONIC MARJORIE HOTEL,LA 12/1/16/1527 (D-EVCS),DBD,BARAT DAYA,44,4/4/2025 - 3/4/2035,141,0,100.29896732500004,5.338046641000062
,JALAN PANTAI SINARAN,SEK. 8,,GEORGE TOWN,"VISITOR PARKING GROUND FLOOR (LEVEL G), THE LIGHT LINEAR - BLOCK A, LOT A1-1, LRAYA JELUTONG, 11600 GEORGETOWN  PULAU PINANG",,2,100.31580827,07,1374,"5.36261256064661, 100.31580827261782",2,,P.051 - BUKIT GELUGOR,5.36261256,0,04,0,2,40089,1767052800000,DTL GEORGE TOWN SEK. 8,,N.32,POWERBEE SDN BHD,070444008,2,P.051,VISITOR PARKING GROUND FLOOR (LEVEL G),PULAU PINANG,N.32 - SERI DELIMA,THE LIGHT LINEAR ,LA 12/1/16/1562 (D-EVCS),DTL,TIMOR LAUT,44,11/4/2025 - 10/4/2035,142,0,100.31580827300007,5.362612561000049
NO. 23,PERSIARAN PAYA TERUBONG 4, ,,MUKIM 13,"LOT PARKING GROUND FLOOR, SIERRA EAST CONDOMINIUM, NO. 23, PERSIARAN PAYA TERUBONG 4, TAMAN SRI AMAN, 11900 BAYAN LEPAS, PULAU PINANG",,3,100.27797917,07,1387,"5.3364778244940405, 100.2779791663972",3,TAMAN SRI AMAN,P.051 - BUKIT GELUGOR,5.33647782,0,04,1,3,40025,1773532800000,DTL MUKIM 13,,N.34,APHESIS CAPITAL SDN BHD,070401000,3,P.051,LOT PARKING GROUND FLOOR,PULAU PINANG,N.34 - PAYA TERUBONG,SIERRA EAST CONDOMINIUM,LA 12/1/16/1592 (D-EVCS),DTL,TIMOR LAUT,66,5/5/2025 - 4/5/2035,143,0,100.27797916600008,5.336477824000042
,PERSIARAN NURI, ,,MUKIM 12,"REFLECTIONS CONDOMINIUM, LOT 70049, PERSIARAN NURI, BAYAN LEPAS, 12, 11900 BARAT DAYA, PULAU PINANG",,2,100.26015923,07,1392,"5.303514538977849, 100.26015923010424",2,SETIA PEARL ISLAND,P.053 - BALIK PULAU,5.30351454,0,05,1,2,50023,1773532800000,DBD MUKIM 12,,N.38,CHARGE N GO SDN BHD,070512000,2,P.053,LOT 70049,PULAU PINANG,N.38 - BAYAN LEPAS,REFLECTIONS CONDOMINIUM,LA 12/1/16/1632 (D-EVCS),DBD,BARAT DAYA,44,9/5/2025 - 8/5/2035,144,0,100.26015923000006,5.303514539000048
,PERSIARAN CASSIA UTROPOLIS, ,,MUKIM 13,"SINARAN AVENUE (COMMERCIAL), LOT 21923, PERSIARAN CASSIA UTROPOLIS, BANDAR CASSIA, MUKIM 13, SEBERANG PERAI SELATAN, 14110 PULAU PINANG",,2,100.43933484,07,1397,"5.241709001304849, 100.43933483804179",2,BANDAR CASSIA,P.046 - BATU KAWAN,5.241709,0,03,1,2,30010,1773532800000,SPS MUKIM 13,,N.18,CHARGE N GO SDN BHD,070313000,2,P.046,LOT 21923,PULAU PINANG,N.18 - BUKIT TAMBUN,SINARAN AVENUE (COMMERCIAL),LA 12/1/16/1627 (D-EVCS),SPS,SEBERANG PERAI SELATAN,44,9/5/2025 - 8/5/2035,145,0,100.43933483800004,5.241709001000061
,JALAN TANJUNG BUNGAH, ,,TANJONG BUNGAH,"ONE TANJONG, BLOCK B, JALAN TANJUNG BUNGAH, TANJUNG BUNGAH, 11200 PULAU PINANG",,1,100.29376618,07,1401,"5.466513187236661, 100.29376618013073",0,TANJUNG BUNGAH,P.048 - BUKIT BENDERA,5.46651319,2,04,1,0,40092,1773532800000,DTL TANJONG BUNGAH,,N.22,CHARGEHERE EV SOLUTION SDN BHD,070446000,2,P.048,BLOCK B,PULAU PINANG,N.22 - TANJONG BUNGA,ONE TANJONG,LA 12/1/16/1558 (D-EVCS),DTL,TIMOR LAUT,40,7/5/2025 - 6/5/2035,146,1,100.29376618000003,5.466513187000032
PLOT 13,LORONG PERUSAHAAN 6, ,,MUKIM 6,"FLEXTRONICS TECHNOLOGY, PLOT 13, PHASE 4, LORONG PERUSAHAAN 6, KAWASAN PERINDUSTRIAN PRAI, 13600 PERAI, PULAU PINANG",,3,100.41481445,07,1402,"5.351441441709816, 100.41481445132985",3,KAWASAN PERINDUSTRIAN PRAI,P.046 - BATU KAWAN,5.35144144,0,01,1,3,10030,1773532800000,SPT MUKIM 6,,N.17,CHARGEHERE EV SOLUTION SDN BHD,070106000,3,P.046,PHASE 4,PULAU PINANG,N.17 - BUKIT TENGAH,FLEXTRONICS TECHNOLOGY,LA 12/1/16/1560 (D-EVCS),SPT,SEBERANG PERAI TENGAH,33,7/5/2025 - 6/5/2035,147,0,100.41481445100004,5.351441442000066
27,JALAN BALIK PULAU, ,,MUKIM G,"(MBPP) BALIK PULAU - 7 CAFE, 7 CAFE BY 7 ELEVEN, JALAN BALIK PULAU, 11000 BALIK PULAU, PULAU PINANG",,1,100.21697886,07,1403,"5.333836022749698, 100.21697885677287",0,TAMAN DESA MUTIARA,P.053 - BALIK PULAU,5.33383602,2,05,1,0,50024,1773532800000,DBD MUKIM G,,N.39,CHARGEHERE EV SOLUTION SDN BHD,070519000,2,P.053,,PULAU PINANG,N.39 - PULAU BETONG,(MBPP) BALIK PULAU,LA 12/1/16/1561 (D-EVCS),DBD,BARAT DAYA,60,7/5/2025 - 6/5/2035,148,1,100.21697885700007,5.33383602300006
239A,JALAN SULTAN AZLAN SHAH, ,,MUKIM 12,"239A, JALAN SULTAN AZLAN SHAH, 11900 BAYAN LEPAS, PULAU PINANG",,4,100.29895621,07,1439,"5.337829576117555, 100.29895620528151",4,KAMPUNG SUNGAI NIBONG,P.052 - BAYAN BARU,5.33782958,4,05,1,4,50025,1773532800000,DBD MUKIM 12,,N.36,ICONIC DEVELOPMENT SDN. BHD.,070512000,8,P.052,,PULAU PINANG,N.36 - PANTAI JEREJAK,ICONIC MARJORIE HOTEL,LA 12/1/16/1637 (D-EVCS),DBD,BARAT DAYA,88,8/5/2025 - 7/5/2035,149,0,100.29895620500008,5.337829576000047
LOT 4000,LINTANG TANJUNG BUNGAH, ,,TANJONG BUNGAH,"GRAND OCEAN, BLK 1, LOT 4000, LTG TG BUNGAH, 11200 TANJUNG BUNGAH, PULAU PINANG",,3,100.27911275,07,1453,"5.465849817974373, 100.27911274563792",3,TANJUNG BUNGAH,P.048 - BUKIT BENDERA,5.46584982,0,04,1,3,40094,1773532800000,DTL TANJONG BUNGAH,,N.22,POWERBEE SDN BHD,070446000,3,P.048,BLOCK 1,PULAU PINANG,N.22 - TANJONG BUNGA,GRAND OCEAN,LA 12/1/16/1655 (D-EVCS),DTL,TIMOR LAUT,66,26/5/2025 - 25/5/2035,150,0,100.27911274600007,5.465849818000038
LOT 1859,JALAN TUN DR AWANG, ,,MUKIM 13,"KOMPLEKS BKT JAMBUL - LOT 1859, JLN TUN DR AWANG, SG NIBONG KECIL, 11900 BAYAN LEPAS, PULAU PINANG",,2,100.29022754,07,1457,"5.3336971150414865, 100.29022754398181",1,SUNGAI NIBONG KECIL,P.052 - BAYAN BARU,5.33369712,2,04,1,1,40058,1773532800000,DTL MUKIM 13,,N.35,POWERBEE SDN BHD,070401000,3,P.052,,PULAU PINANG,N.35 - BATU UBAN,KOMPLEKS BUKIT JAMBUL,LA 12/1/16/1664 (D-EVCS),DTL,TIMOR LAUT,82,26/5/2025 - 25/5/2035,151,1,100.29022754400006,5.333697115000064
144,JALAN DATO KERAMAT,SEK. 10,,GEORGE TOWN,"PENANG TIMES SQUARE, 144, JALAN DATO KERAMAT, 10150 GEORGETOWN, PULAU PINANG",,2,100.3256397,07,1458,"5.412176274758164, 100.32563969585081",2,,P.049 - TANJONG,5.41217627,0,04,1,2,40095,1773532800000,DTL GEORGE TOWN SEK. 10,,N.28,POWERBEE SDN BHD,070444010,2,P.049,,PULAU PINANG,N.28 - KOMTAR,PENANG TIMES SQUARE,LA 12/1/16/1675 (D-EVCS),DTL,TIMOR LAUT,44,26/5/2025 - 25/5/2035,152,0,100.32563969600005,5.412176275000036
202,LORONG PERUSAHAAN MAJU 9, ,,MUKIM 11,"202, LORONG PERUSAHAAN MAJU 9, BUKIT MINYAK INDUSTRIAL PARK, BUKIT MERTAJAM, 13600 PULAU PINANG",,2,100.4241539,07,1459,"5.3410234629274145, 100.4241539037577",2,BUKIT MINYAK INDUSTRIAL PARK,P.046 - BATU KAWAN,5.34102346,0,01,1,2,10031,1773532800000,SPT MUKIM 11,,N.17,SANMINA-SCI SYSTEMS (MALAYSIA) SDN. BHD.,070111000,2,P.046,,PULAU PINANG,N.17 - BUKIT TENGAH,SANMINA-SCI SYSTEMS (M) SDN BHD (PEN1),LA 12/1/16/1645 (D-EVCS),SPT,SEBERANG PERAI TENGAH,44,26/5/2025 - 25/5/2035,153,0,100.42415390400004,5.341023463000056
LOT 21923,PERSIARAN CASSIA ULTRAPOLIS, ,,MUKIM 13,"SINARAN ULTRAPOLIS (RESIDENTIAL), VISITOR PARKING EV1 & EV2, LOT 21923, PERSIARAN CASSIA ULTRAPOLIS, 14110, BANDAR CASSIA, PULAU PINANG",,2,100.43983326,07,1481,"5.242477614059271, 100.43983325871108",2,BANDAR CASSIA,P.046 - BATU KAWAN,5.24247761,0,03,1,2,30011,1773532800000,SPS MUKIM 13,,N.18,CHARGE N GO SDN BHD,070313000,2,P.046,VISITOR PARKING EV1 & EV2,PULAU PINANG,N.18 - BUKIT TAMBUN,SINARAN ULTRAPOLIS (RESIDENTIAL),LA 12/1/16/1620 (D-EVCS),SPS,SEBERANG PERAI SELATAN,44,4/6/2025 - 3/6/2035,154,0,100.43983325900007,5.242477614000052
LOT 10110,PERSIARAN SEMBILANG, ,,PRAI,"KONDOMINIUM RIVER TROPICS, LOT 10110, PERSIARAN SEMBILANG, SEBERANG PERAI, 13700 BANDAR PRAI, PULAU PINANG",,2,100.40526241,07,1491,"5.406797553284487, 100.4052624104237",2,BANDAR PRAI,P.044 - PERMATANG PAUH,5.40679755,0,01,1,2,10032,1773532800000,SPT PRAI,,N.10,CHARGE N GO SDN BHD,070141000,2,P.044,,PULAU PINANG,N.10 - SEBERANG JAYA,KONDOMINIUM RIVER TROPICS,LA 12/1/16/1740 (D-EVCS),SPT,SEBERANG PERAI TENGAH,44,26/6/2025- 25/6/2035,155,0,100.40526241000003,5.406797553000047
LOT 752,PERSIARAN CASSIA BARAT 8, ,,MUKIM 13,"DECATHLON KLIPPA BATU KAWAN, LOT 752, PERSIARAN CASSIA BARAT 8, BANDAR CASSIA, 14100 BATU KAWAN, PULAU PINANG",,3,100.44190887,07,1496,"5.233695305989043, 100.44190887331163",3,BANDAR CASSIA,P.046 - BATU KAWAN,5.23369531,0,03,1,3,30012,1773532800000,SPS MUKIM 13,,N.18,DECATHLON MALAYSIA SDN BHD,070313000,3,P.046,,PULAU PINANG,N.18 - BUKIT TAMBUN,DECATHLON KLIPPA BATU KAWAN,LA 12/1/16/1548 (D-EVCS),SPS,SEBERANG PERAI SELATAN,66,20/6/2025 - 19/6/2035,156,0,100.44190887300005,5.233695306000072
105B-01-01,PERSIARAN BAYAN INDAH 1, ,,MUKIM 12,"105B-01-01, PERSIARAN BAYAN INDAH 1, 11900 BAYAN LEPAS PULAU PINANG",,3,100.3094132,07,1515,"5.338962731872465, 100.3094131970716",3,,P.052 - BAYAN BARU,5.33896273,0,05,1,3,50027,1773532800000,DBD MUKIM 12,,N.36,EVC POWERCO SDN. BHD.,070512000,3,P.052,VISITOR PARKING,PULAU PINANG,N.36 - PANTAI JEREJAK,GOLD COAST RESORT CONDOMINIUM,LA 12/1/16/1697(D-EVCS),DBD,BARAT DAYA,66,4/6/2025 - 3/6/2035,157,0,100.30941319700008,5.338962732000027
93,JALAN LOH POH HENG, ,,TANJONG BUNGAH,"STARBUCKS HILLSIDE, 93, JALAN LOH POH HENG, TANJUNG BUNGAH 11200 PULAU PINANG",,1,100.28444557,07,1527,"5.459909964162769, 100.28444557446184",1,TANJUNG BUNGAH,P.048 - BUKIT BENDERA,5.45990996,0,04,1,1,40096,1773532800000,DTL TANJONG BUNGAH,,N.22,GREEN EV CHARGE SDN BHD,070446000,1,P.048,,PULAU PINANG,N.22 - TANJONG BUNGA,STARBUCKS HILLSIDE,LA 12/1/16/1579 (D-EVCS),DTL,TIMOR LAUT,22,4/6/2025 - 3/6/2035,158,0,100.28444557400007,5.459909964000076
4-G,JALAN PANTAI MOLEK,SEK. 2,,TANJONG TOKONG,"STARBUCKS TANJUNG TOKONG, 4-G, JALAN PANTAI MOLEK, KAMPUNG RAYA BAHARU, TANJUNG TOKONG, 10470 PULAU PINANG",,1,100.30548674,07,1528,"5.446493171925971, 100.30548674347065",1,KAMPUNG RAYA BAHARU,P.048 - BUKIT BENDERA,5.44649317,0,04,1,1,40097,1773532800000,DTL TANJONG TOKONG SEK. 2,,N.25,GREEN EV CHARGE SDN BHD,070447002,1,P.048,,PULAU PINANG,N.25 - PULAU TIKUS,STARBUCKS TANJUNG TOKONG,LA 12/1/16/1580 (D-EVCS),DTL,TIMOR LAUT,22,4/6/2025 - 3/6/2035,159,0,100.30548674300007,5.446493172000032
,LORONG SETIA SENTRAL 2, ,,MUKIM 6,"STARBUCKS JURU R&R 2, LORONG SETIA SENTRAL 2, PUSAT PERNIAGAAN SETIA SENTRAL, PERAI 14000 PULAU PINANG",,2,100.41781771,07,1530,"5.354854855189451, 100.41781771404085",1,PUSAT PERNIAGAAN SETIA SENTRAL,P.046 - BATU KAWAN,5.35485486,1,01,1,1,10033,1773532800000,SPT MUKIM 6,,N.17,GREEN EV CHARGE SDN BHD,070106000,2,P.046,,PULAU PINANG,N.17 - BUKIT TENGAH,STARBUCKS JURU R&R 2,LA 12/1/16/1646 (D-EVCS),SPT,SEBERANG PERAI TENGAH,44,25/6/2025 - 24/6/2035,160,1,100.41781771400008,5.354854855000042
41,JALAN VERVEA 9, ,,MUKIM 13,"VERVEA @ ASPEN VISION CITY, LEBUHAYA BANDAR CASSIA, BANDAR CASSIA, 14110 SIMPANG AMPAT, PULAU PINANG",,2,100.4402763,07,1534,"5.238036494704077, 100.4402762991648",1,BANDAR CASSIA,P.046 - BATU KAWAN,5.23803649,2,03,1,1,30013,1773532800000,SPS MUKIM 13,,N.18,GREENERGY EV SDN BHD,070313000,3,P.046,,PULAU PINANG,N.18 - BUKIT TAMBUN,VERVEA @ ASPEN VISION CITY,LA 12/1/16/1749 (D-EVCS),SPS,SEBERANG PERAI SELATAN,62,24/6/2025 - 23/6/2035,161,1,100.44027629900006,5.238036495000074
NO.1,LINTANG LEMBAH PERMAI 17, ,,MUKIM 18,"BADAN PENGURUSAN BERSAMA MIRA RESIDENCE, NO.1, LINTANG LEMBAH PERMAI 17, 11200 TANJUNG BUNGAH, PULAU PINANG",,5,100.28665033,07,1538,"5.456464975432843, 100.28665032618842",5,TANJUNG BUNGAH,P.048 - BUKIT BENDERA,5.45646498,0,04,1,5,40098,1773532800000,DTL MUKIM 18,,N.22,POWERBEE SDN BHD,070406000,5,P.048,BADAN PENGURUSAN BERSAMA,PULAU PINANG,N.22 - TANJONG BUNGA,MIRA RESIDENCE,LA 12/1/16/1731 (D-EVCS),DTL,TIMOR LAUT,65,24/6/2025 - 23/6/2035,162,0,100.28665032600009,5.456464975000074
NO. 46,JALAN SULTAN AHMAD SHAH,SEK. 13,,GEORGE TOWN,"LANDLORD THE MAYFAIR SUPERCONDOMINIUM, NO. 46, JLN SULTAN AHMAD SHAH, GEORGETOWN 10050 PULAU PINANG",,2,100.32658576,07,1539,"5.42469041016996, 100.32658576357758",2,,P.049 - TANJONG,5.42469041,0,04,1,2,40099,1773532800000,DTL GEORGE TOWN SEK. 13,,N.26,POWERBEE SDN BHD,070444013,2,P.049,LANDLORD,PULAU PINANG,N.26 - PADANG KOTA,THE MAYFAIR SUPERCONDOMINIUM,LA 12/1/16/1743 (D-EVCS),DTL,TIMOR LAUT,44,24/6/2025 - 23/6/2035,163,0,100.32658576400007,5.424690410000039
2024,TINGKAT PERUSAHAAN 6, ,,MUKIM 1,"SCHOTT GLASS MALAYSIA SDN. BHD., 2024, TINGKAT PERUSAHAAN 6, ZONE PERINDUSTRIAN BEBAS 2 SEBERANG PERAI, PERAI, 13600 PULAU PINANG",,6,100.3978358,07,1541,"5.356420276128576, 100.39783579877586",6,ZONE PERINDUSTRIAN BEBAS 2 SEBERANG PERAI,P.046 - BATU KAWAN,5.35642028,0,01,1,6,10034,1773532800000,SPT MUKIM 1,,N.17,SCHOTT GLASS (MALAYSIA) SDN BHD,070101000,6,P.046,,PULAU PINANG,N.17 - BUKIT TENGAH,SCHOTT GLASS MALAYSIA SDN. BHD.,LA 12/1/16/1701 (D-EVCS),SPT,SEBERANG PERAI TENGAH,132,25/6/2025 - 24/6/2035 ,164,0,100.39783579900006,5.356420276000051
PMT 797,PERSIARAN CASSIA SELATAN 8, ,,MUKIM 13,"SMITH & NEPHEW OPERATIONS SDN. BHD., PMT 797, PERSIARAN CASSIA SELATAN 8, TAMAN PERINDUSTRIAN BATU KAWAN, BANDAR CASSIA, 14110 SIMPANG AMPAT, PULAU PINANG",,5,100.43224253,07,1543,"5.220398427003492, 100.4322425302554",5,TAMAN PERINDUSTRIAN BATU KAWAN,P.046 - BATU KAWAN,5.22039843,0,03,1,5,30014,1773532800000,SPS MUKIM 13,,N.18,SMITH & NEPHEW OPERATIONS SDN. BHD.,070313000,5,P.046,,PULAU PINANG,N.18 - BUKIT TAMBUN,SMITH & NEPHEW OPERATIONS SDN. BHD.,LA 12/1/16/1714 (D-EVCS),SPS,SEBERANG PERAI SELATAN,35,4/6/2025 - 3/6/2035,165,0,100.43224253000005,5.2203984270000205
102M,LENGKUK KAMPUNG JAWA 2, ,,MUKIM 12,"TIME PENANG, 102M, LENGKUK KAMPUNG JAWA 2, MIEL INDUSTRIAL ESTATE, 11900 BAYAN LEPAS, PULAU PINANG",,1,100.29128403,07,1546,"5.317048943967866, 100.29128403441877",1,KAWASAN PERINDUSTRIAN BAYAN LEPAS,P.052 - BAYAN BARU,5.31704894,0,05,1,1,50028,1773532800000,DBD MUKIM 12,,N.36,CHARGE N GO SDN BHD,070512000,1,P.052,,PULAU PINANG,N.36 - PANTAI JEREJAK,TIME PENANG,LA 12/1/16/1768 (D-EVCS),DBD,BARAT DAYA,22,28/7/2025 - 27/7/2035,166,0,100.29128403400006,5.317048944000021
,JALAN SERVIS OFF JALAN PERAK,SEK. 1,,JELUTONG,"JALAN SERVIS OFF JALAN PERAK (HADAPAN BIG FARMASI), BANDAR JELUTONG, JELUTONG, 11600 PULAU PINANG",,2,100.31507431,07,1579,"5.399438672804473, 100.31507431278375",0,BANDAR JELUTONG,P.050 - JELUTONG,5.39943867,2,04,1,0,40100,1773532800000,DTL JELUTONG SEK. 1,,N.30,GENTARI GREEN MOBILITY SDN. BHD.,070445001,2,P.050,,PULAU PINANG,N.30 - SUNGAI PINANG,(HADAPAN BIG FARMASI),LA 12/1/16/1763 (D-EVCS),DTL,TIMOR LAUT,120,15/7/2025 - 14/7/2035,167,2,100.31507431300008,5.39943867300002
,PERSIARAN KARPAL SINGH 1,SEK. 8,,GEORGE TOWN,"PERSIARAN KARPAL SINGH (HADAPAN MCDONALD), KARPAL SINGH DR, BANDAR GEORGETOWN, 11600 TIMOR LAUT, PULAU PINANG",,2,100.32645637,07,1580,"5.395932722390813, 100.32645636684032",0,SUNGAI PINANG,P.050 - JELUTONG,5.39593272,4,04,1,0,40101,1773532800000,DTL GEORGE TOWN SEK. 8,,N.30,GENTARI GREEN MOBILITY SDN. BHD.,070444008,4,P.050,,PULAU PINANG,N.30 - SUNGAI PINANG,(HADAPAN MCDONALD),LA 12/1/16/1804 (D-EVCS),DTL,TIMOR LAUT,120,28/7/2025 - 27/7/2035,168,2,100.32645636700005,5.395932722000055
,JALAN SERVIS OFF JALAN SUNGAI DUA, ,,MUKIM 13,"JALAN SERVIS OFF JALAN SUNGAI DUA (HADAPAN MCDONALD), MUKIM 13, 11700 GELUGOR, PULAU PINANG",,1,100.29960333,07,1582,"5.352560494931888, 100.29960332520608",0,,P.052 - BAYAN BARU,5.35256049,2,04,1,0,40020,1773532800000,DTL MUKIM 13,,N.35,GENTARI GREEN MOBILITY SDN. BHD.,070401000,2,P.052,,PULAU PINANG,N.35 - BATU UBAN,(HADAPAN MCDONALD),LA 12/1/16/1754 (D-EVCS),DTL,TIMOR LAUT,60,2/7/2025 1/7/2035,169,1,100.29960332500008,5.352560495000034
100,PERSIARAN BAYAN INDAH, ,,MUKIM 12,"QUEENSBAY MALL, LEVEL 6, 100, PERSIARAN BAYAN INDAH, 11900 BAYAN LEPAS, PULAU PINANG",,1,100.30633832,07,1585,"5.334010970065575, 100.30633831875193",1,,P.052 - BAYAN BARU,5.33401097,0,05,1,1,50030,1773532800000,DBD MUKIM 12,,N.36,GREEN EV CHARGE SDN BHD,070512000,1,P.052,LEVEL 6,PULAU PINANG,N.36 - PANTAI JEREJAK,QUEENSBAY MALL,LA 12/1/16/1734 (D-EVCS),DBD,BARAT DAYA,7.4,11/7/2025 - 10/7/2035,170,0,100.30633831900008,5.334010970000065
14,JALAN TANJUNG BUNGAH,SEK. 2,,TANJONG TOKONG,"BSG PROPERTY PRECINCT 10, JALAN TANJUNG BUNGAH, SERI TANJUNG PINANG, GEORGE TOWN, 10470 PULAU PINANG",,2,100.30620564,07,1590,"5.449117140206743, 100.3062056445636",1,SERI TANJUNG PINANG,P.048 - BUKIT BENDERA,5.44911714,2,04,1,1,40102,1773532800000,DTL TANJONG TOKONG SEK. 2,,N.25,GREENERGY EV SDN BHD,070447002,3,P.048,BSG PROPERTY SDN. BHD.,PULAU PINANG,N.25 - PULAU TIKUS,PRECINCT 10,LA 12/1/16/1787 (D-EVCS),DTL,TIMOR LAUT,62,18/7/2025 - 17/7/2035,171,1,100.30620564500003,5.449117140000055
170-06-01,PERSIARAN GURNEY,SEK. 1,,GEORGE TOWN,"GURNEY PLAZA, 6F, 170-06-01 PLAZA GURNEY, PERSIARAN GURNEY, 10250 GEORGETOWN, PULAU PINANG",,3,100.30973253,07,1591,"5.438017196669884, 100.30973253099934",3,,P.048 - BUKIT BENDERA,5.4380172,0,04,1,3,40103,1773532800000,DTL GEORGE TOWN SEK. 1,,N.25,HANDAL GREEN MOBILITY SDN BHD,070444001,3,P.048,6F,PULAU PINANG,N.25 - PULAU TIKUS,GURNEY PLAZA,LA 12/1/16/1809 (D-EVCS),DTL,TIMOR LAUT,66,17/7/2025 - 16/7/2035,172,0,100.30973253100007,5.438017197000022
NO. 1733,LORONG INDUSTRI 2, ,,MUKIM 7,"ENTRANCE PARKING, NO. 1733, LORONG INDUSTRI 2, KAWASAN INDUSTRI BUKIT PANCHOR, 14300 PULAU PINANG",,1,100.49678635,07,1594,"5.174603819708592, 100.49678634734613",0,TAMAN INDUSTRI BUKIT PANCHOR,P.047 - NIBONG TEBAL,5.17460382,2,03,1,0,30015,1773532800000,SPS MUKIM 7,,N.19,MKS ADVANCE (M) SDN BHD,070307000,2,P.047,ENTRANCE PARKING,PULAU PINANG,N.19 - JAWI,MKS ADVANCE (M) SDN. BHD.,LA 12/1/16/1806 (D-EVCS),SPS,SEBERANG PERAI SELATAN,210,21/7/2025 - 20/7/2035,173,1,100.49678634700007,5.174603820000073
3,LILITAN SUNGAI ARA, ,,MUKIM 10,"SEK. JENIS KEB. (CINA) AIK HUA - 3, LILITAN SUNGAI ARA, SUNGAI ARA, 11900 BAYAN LEPAS, PULAU PINANG",,3,100.27538603,07,1598,"5.334283580238166, 100.2753860337332",3,SUNGAI ARA,P.053 - BALIK PULAU,5.33428358,0,05,1,3,50031,1773532800000,DBD MUKIM 10,,N.38,SEK. JENIS KEB. (CINA) AIK HUA,070510000,3,P.053,,PULAU PINANG,N.38 - BAYAN LEPAS,SEK. JENIS KEB. (CINA) AIK HUA,LA 12/1/16/1741 (D-EVCS),DBD,BARAT DAYA,66,9/7/2025 - 8/7/2035,174,0,100.27538603400006,5.334283580000033
,PERSIARAN BAYAN INDAH, ,,MUKIM 13,"QUAY WEST RESIDENCE, PERSIARAN BAYAN INDAH, BAYAN LEPAS, 11900 PULAU PINANG",,3,100.31080658,07,1614,"5.342047722999813, 100.31080657649892",2,,P.052 - BAYAN BARU,5.34204772,2,04,1,2,40021,1773532800000,DTL MUKIM 13,,N.35,CHARGEHERE EV SOLUTION SDN BHD,070401000,4,P.052,,PULAU PINANG,N.35 - BATU UBAN,QUAY WEST RESIDENCE,LA 12/1/16/1866 (D-EVCS),DTL,TIMOR LAUT,84,29/8/2025 - 28/8/2035,175,1,100.31080657600006,5.342047723000064
,LINTANG SUNGAI ARA 14, ,,MUKIM 10,"IMPERIAL RESIDENCES CONDOMINIUM, LINTANG SUNGAI ARA 14, SUNGAI ARA, BAYAN LEPAS, 11900 PULAU PINANG",,3,100.27148992,07,1615,"5.334103775038889, 100.27148991839759",2,SUNGAI ARA,P.053 - BALIK PULAU,5.33410378,2,05,1,2,50033,1773532800000,DBD MUKIM 10,,N.38,CHARGEHERE EV SOLUTION SDN BHD,070510000,4,P.053,,PULAU PINANG,N.38 - BAYAN LEPAS,IMPERIAL RESIDENCES CONDOMINIUM,LA 12/1/16/1873 (D-EVCS),DBD,BARAT DAYA,84,29/8/2025 - 28/8/2035,176,1,100.27148991800004,5.334103775000074
1,SOLOK TANJUNG BUNGAH, ,,TANJONG BUNGAH,"SURIN CONDOMINIUM,1, SOLOK TANJUNG BUNGAH, 11200 TANJUNG BUNGAH, PULAU PINANG",,3,100.27477079,07,1617,"5.4665617464288285, 100.27477079199453",2,TANJUNG BUNGAH,P.048 - BUKIT BENDERA,5.46656175,2,04,1,2,40104,1773532800000,DTL TANJONG BUNGAH,,N.22,CHARGEHERE EV SOLUTION SDN BHD,070446000,4,P.048,,PULAU PINANG,N.22 - TANJONG BUNGA,SURIN CONDOMINIUM,LA 12/1/16/1876 (D-EVCS),DTL,TIMOR LAUT,84,29/8/2025 - 28/8/2035,177,1,100.27477079200008,5.466561746000025
,LORONG BURMA,SEK. 4,,GEORGE TOWN,"SETIA V RESIDENCE, LORONG BURMA, 10250 GEORGETOWN, PULAU PINANG",,3,100.31482706,07,1624,"5.4328774934440895, 100.31482706488248",2,,P.048 - BUKIT BENDERA,5.43287749,2,04,1,2,40105,1773532800000,DTL GEORGE TOWN SEK. 4,,N.25,CHARGEHERE EV SOLUTION SDN BHD,070444004,4,P.048,,PULAU PINANG,N.25 - PULAU TIKUS,SETIA V RESIDENCE,LA 12/1/16/1925 (D-EVCS),DTL,TIMOR LAUT,54,29/8/2025 - 28/8/2035,178,1,100.31482706500003,5.432877493000035
118,PERSIARAN BAYAN INDAH, ,,MUKIM 12,"PUTRA PLACE CONDOMINIUM, 118, PERSIARAN BAYAN INDAH, 11900 BAYAN LEPAS, PULAU PINANG",,2,100.30992374,07,1629,"5.34048854235149, 100.30992373863401",1,,P.052 - BAYAN BARU,5.34048854,2,05,1,1,50034,1773532800000,DBD MUKIM 12,,N.36,CHARGEHERE EV SOLUTION SDN BHD,070512000,3,P.052,,PULAU PINANG,N.36 - PANTAI JEREJAK,PUTRA PLACE CONDOMINIUM,LA 12/1/16/1849 (D-EVCS),DBD,BARAT DAYA,64,7/8/2025 - 6/8/2035,179,1,100.30992373900006,5.34048854200006
,LORONG BERJAYA BARU 2, ,,MUKIM 15,"BERJAYA CONDOMINIUM, LORONG BERJAYA BARU 2, KAMPUNG BARU, 14000 BUKIT MERTAJAM, PULAU PINANG",,4,100.47085376,07,1635,"5.348319385833665, 100.47085376346907",4,KAMPUNG BARU,P.045 - BUKIT MERTAJAM,5.34831939,0,01,1,4,10035,1773532800000,SPT MUKIM 15,,N.13,CHARGEHERE EV SOLUTION SDN BHD,070115000,4,P.045,,PULAU PINANG,N.13 - BERAPIT,BERJAYA CONDOMINIUM,LA 12/1/16/1899 (D-EVCS),SPT,SEBERANG PERAI TENGAH,44,29/8/2025 - 28/8/2035,180,0,100.47085376300004,5.348319386000071
182,JALAN MAGAZINE,SEK. 17,,GEORGE TOWN,"1ST AVENUE MALL, LEVEL 5 PARKING, 182, JALAN MAGAZINE, 10300 GEORGETOWN, PULAU PINANG",,2,100.33133019,07,1638,"5.41342008383934, 100.33133018643844",2,,P.049 - TANJONG,5.41342008,0,04,1,2,40106,1773532800000,DTL GEORGE TOWN SEK. 17,,N.28,CHARGEHERE EV SOLUTION SDN BHD,070444017,2,P.049,LEVEL 5 PARKING,PULAU PINANG,N.28 - KOMTAR,1ST AVENUE MALL,LA 12/1/16/1906 (D-EVCS),DTL,TIMOR LAUT,44,29/8/2025 - 28/8/2035,181,0,100.33133018600006,5.413420084000052
,JALAN CASSIA BARAT 2, ,,MUKIM 13,"SUASANA@UTROPOLIS, JALAN CASSIA BARAT 2, BANDAR CASSIA, 14110 SIMPANG AMPAT, PULAU PINANG",,2,100.43570209,07,1639,"5.241354685893878, 100.43570209405452",1,BANDAR CASSIA,P.046 - BATU KAWAN,5.24135469,2,03,1,1,30016,1773532800000,SPS MUKIM 13,,N.18,CHARGEHERE EV SOLUTION SDN BHD,070313000,3,P.046,,PULAU PINANG,N.18 - BUKIT TAMBUN,SUASANA@UTROPOLIS,LA 12/1/16/1916 (D-EVCS),SPS,SEBERANG PERAI SELATAN,62,29/8/2025 - 28/8/2035,182,1,100.43570209400008,5.241354686000022
,JALAN SERVIS OFF LEBUHRAYA THEAN TEK, ,,MUKIM 13,"JALAN SERVIS OFF LEBUHRAYA THEAN TEK (HADAPAN COSWAY), MUKIM 13, 11060 TIMOR LAUT, PULAU PINANG",,1,100.28285352,07,1649,"5.391052083520998, 100.2828535181406",0,BANDAR BARU AYER ITAM (FARLIM),P.051 - BUKIT GELUGOR,5.39105208,2,04,1,0,40107,1773532800000,DTL MUKIM 13,,N.34,GENTARI GREEN MOBILITY SDN. BHD.,070401000,2,P.051,,PULAU PINANG,N.34 - PAYA TERUBONG,(HADAPAN COSWAY),LA 12/1/16/1816 (D-EVCS),DTL,TIMOR LAUT,60,7/8/2025 - 6/8/2035,183,1,100.28285351800008,5.391052084000023
,JALAN RIA EMAS,SEK. 4,,BUTTERWORTH,"WELLSPRING RESIDENCES (CONDOMINIUM), JALAN RIA EMAS, 12200 BUTTERWORTH, PULAU PINANG",,4,100.37630449,07,1650,"5.411829603229234, 100.37630449221152",4,KAMPUNG BENGGALI,P.043 - BAGAN,5.4118296,0,02,1,4,20008,1773532800000,SPU BUTTERWORTH SEK. 4,,N.09,GREEN EV CHARGE SDN BHD,070240004,4,P.043,,PULAU PINANG,N.09 - BAGAN DALAM,WELLSPRING RESIDENCES (CONDOMINIUM),LA 12/1/16/1815 (D-EVCS),SPU,SEBERANG PERAI UTARA,88,15/8/2025 - 14/8/2035,184,0,100.37630449200009,5.411829603000058
14344,JALAN ROZHAN, ,,MUKIM 15,"AEON MALL BUKIT MERTAJAM, DAN 14344, LOT 1379, JLN ROZHAN, ALMA, BUKIT MERTAJAM, 14000 PULAU PINANG",,4,100.47867168,07,1652,"5.3208947008352006, 100.4786716841184",3,ALMA,P.045 - BUKIT MERTAJAM,5.3208947,2,01,1,3,10019,1773532800000,SPT MUKIM 15,,N.14,GREEN EV CHARGE SDN BHD,070115000,5,P.045,LOT 1379,PULAU PINANG,N.14 - MACHANG BUBUK,AEON MALL BUKIT MERTAJAM,LA 12/1/16/1838 (D-EVCS),SPT,SEBERANG PERAI TENGAH,306,6/8/2025 5/8/2035,185,1,100.47867168400006,5.320894701000043
282 PT1,LEBUHRAYA BANDAR CASSIA, ,,MUKIM 13,"DESIGN VILLAGE OUTLET MALL, PE LAND (PENANG) SDN.BHD. - 282 PT1, LEBUHRAYA BANDAR CASSIA, BATU KAWAN, SIMPANG AMPAT 14110 PULAU PINANG",,13,100.43700387,07,1679,"5.244643227382216, 100.4370038699988",12,BANDAR CASSIA,P.046 - BATU KAWAN,5.24464323,2,03,1,12,30017,1773532800000,SPS MUKIM 13,,N.18,POWERBEE SDN BHD,070313000,14,P.046,PE LAND (PENANG) SDN.BHD.,PULAU PINANG,N.18 - BUKIT TAMBUN,DESIGN VILLAGE OUTLET MALL,LA 12/1/16/1823 (D-EVCS),SPS,SEBERANG PERAI SELATAN,384,6/8/2025 - 5/8/2035,186,1,100.43700387000007,5.24464322700004
4170,SOLOK TEMBAGA GREEN LANE,SEK. 5,,GEORGE TOWN,"GREENLANE PARK, 4170,TMN TEMBAGA, SOLOK TEMBAGA GREEN LANE, GEORGETOWN 11600 PULAU PINANG",,2,100.29674322,07,1682,"5.388461878777304, 100.29674322214298",2,TAMAN TEMBAGA,P.051 - BUKIT GELUGOR,5.38846188,0,04,1,2,40108,1773532800000,DTL GEORGE TOWN SEK. 5,,N.32,POWERBEE SDN BHD,070444005,2,P.051,,PULAU PINANG,N.32 - SERI DELIMA,GREENLANE PARK (CONDOMINIUM),LA 12/1/16/1846 (D-EVCS),DTL,TIMOR LAUT,44,7/8/2025 - 6/8/2035,187,0,100.29674322200003,5.388461879000033
PT 1217,JALAN SERI TANJUNG PINANG,SEK. 1,,TANJONG PINANG,"PT 1217, JALAN SERI TANJUNG PINANG 1, TANJUNG TOKONG, 10470 PULAU PINANG",,1,100.31051979,07,1683,"5.458141064888557, 100.31051979139757",0,SERI TANJUNG PINANG,P.048 - BUKIT BENDERA,5.45814106,2,04,1,0,40109,1773532800000,DTL TANJONG PINANG SEK. 1,,N.22,POWERBEE SDN BHD,070448001,2,P.048,,PULAU PINANG,N.22 - TANJONG BUNGA,JAZZ SUITE HOTEL PENANG,LA 12/1/16/1895 (D-EVCS),DTL,TIMOR LAUT,60,27/8/2025 - 26/8/2035,188,1,100.31051979100005,5.4581410650000635
22,CHANGKAT SUNGAI ARA 6, ,,MUKIM 10,"SETIA PINNACLE CONDOMINIUM, 22, CHANGKAT SUNGAI ARA 6, SUNGAI ARA, 11900 BAYAN LEPAS, PULAU PINANG",,2,100.26439422,07,1684,"5.335756346932019, 100.26439422342965",2,SUNGAI ARA,P.053 - BALIK PULAU,5.33575635,0,05,1,2,50035,1773532800000,DBD MUKIM 10,,N.38,POWERBEE SDN BHD,070510000,2,P.053,,PULAU PINANG,N.38 - BAYAN LEPAS,SETIA PINNACLE CONDOMINIUM,LA 12/1/16/1852 (D-EVCS),DBD,BARAT DAYA,44,6/8/2025 - 5/8/2035,189,0,100.26439422300007,5.335756347000029
4,HILIR SUNGAI KLUANG 5, ,,MUKIM 12,"PLOT 103 & 104, KAWASAN INDUSTRI, BAYAN LEPAS FTZ, 11900 BAYAN LEPAS, PULAU PINANG",,2,100.28981568,07,1686,"5.306998520753418, 100.28981568025517",2,TAMAN INDUSTRI BAYAN LEPAS,P.052 - BAYAN BARU,5.30699852,0,05,1,2,50036,1773532800000,DBD MUKIM 12,,N.37,SAM MEERKAT (M) SDN BHD,070512000,2,P.052,PLOT 103 & 104,PULAU PINANG,N.37 - BATU MAUNG,SAM MEERKAT (M) SDN BHD,LA 12/1/16/1880 (D-EVCS),DBD,BARAT DAYA,44,28/8/2025 - 27/8/2035,190,0,100.28981568000006,5.3069985210000254
,JALAN ANGGUN, ,,MUKIM 13,"ANGGUN RESIDENCES, PLOT 3, JALAN ANGGUN, BANDAR CASSIA, MUKIM 13, 14110 SEBERANG PERAI SELATAN, PULAU PINANG",,3,100.43741495,07,1701,"5.245903460990543, 100.43741495062066",3,BANDAR CASSIA,P.046 - BATU KAWAN,5.24590346,0,03,1,3,30018,1773532800000,SPS MUKIM 13,,N.18,CHARGE N GO SDN BHD,070313000,3,P.046,PLOT 3,PULAU PINANG,N.18 - BUKIT TAMBUN,ANGGUN RESIDENCES,LA 12/1/16/1926 (D-EVCS),SPS,SEBERANG PERAI SELATAN,66,2/9/2025 - 1/9/2035,191,0,100.43741495100005,5.2459034610000685
"PARKING LOT 46, 47 & 48",LEBUH SUNGAI PINANG 1,SEK. 8,,GEORGE TOWN,"LEVEL 1, VISITOR PARKING, PARKING LOT 46, 47 & 48, 3 RESIDENCE, LEBUH SUNGAI PINANG 1, GEORGETOWN, PULAU PINANG",,3,100.32812121,07,1703,"5.398330313665804, 100.32812120592577",3,SUNGAI PINANG,P.050 - JELUTONG,5.39833031,0,04,1,3,40110,1773532800000,DTL GEORGE TOWN SEK. 8,,N.30,CHARGE N GO SDN BHD,070444008,3,P.050,VISITOR PARKING LEVEL 1,PULAU PINANG,N.30 - SUNGAI PINANG,3 RESIDENCE,LA 12/1/16/1858 (D-EVCS),DTL,TIMOR LAUT,66,2/9/2025 - 1/9/2035,192,0,100.32812120600005,5.39833031400002
,PERSIARAN HALIA 3, ,,MUKIM 18,"MONT RESIDENCE, PERSIARAN HALIA 3, 10470 GEORGE TOWN, PULAU PINANG",,4,100.29769359,07,1711,"5.447012782348111, 100.29769358753428",4,MOUNT ERSKINE,P.048 - BUKIT BENDERA,5.44701278,0,04,1,4,40111,1773532800000,DTL MUKIM 18,,N.24,CHARGEHERE EV SOLUTION SDN BHD,070406000,4,P.048,,PULAU PINANG,N.24 - KEBUN BUNGA,MONT RESIDENCE,LA 12/1/16/1982 (D-EVCS),DTL,TIMOR LAUT,44,22/9/2025 - 21/9/2035,193,0,100.29769358800007,5.4470127820000585
118,JALAN SERI TANJUNG PINANG 1,SEK. 1,,TANJONG TOKONG,"THE BREZZA CONDOMINIUM, BLOCK A, LOT 18 & LOT 19, 118, JALAN SERI TANJUNG PINANG 1, SERI TANJUNG PINANG, 10470 TANJUNG TOKONG, PULAU PINANG",,2,100.30733487,07,1714,"5.45362463932175, 100.30733486627531",0,SERI TANJUNG PINANG,P.048 - BUKIT BENDERA,5.45362464,4,04,1,0,40112,1773532800000,DTL TANJONG TOKONG SEK. 1,,N.22,CHARGEHERE EV SOLUTION SDN BHD,070447001,4,P.048," LOT 18 & LOT 19, BLOCK A",PULAU PINANG,N.22 - TANJONG BUNGA,THE BREZZA CONDOMINIUM,LA 12/1/16/1953 (D-EVCS),DTL,TIMOR LAUT,80,22/9/2025 - 21/9/2035,194,2,100.30733486600008,5.453624639000054
,JALAN SEPOY LINES,SEK. 3,,GEORGE TOWN,JALAN SEPOY LINES (BERHADAPAN TANDAS AWAM MBPP) BANDAR GEORGETOWN TIMOR LAUT 10450 PULAU PINANG,,2,100.30699667,07,1727,"5.4194943362172525, 100.30699667316186",0,(SEBEHLAH PADANG POLO),P.048 - BUKIT BENDERA,5.41949434,2,04,1,0,40113,1773532800000,DTL GEORGE TOWN SEK. 3,,N.25,GENTARI GREEN MOBILITY SDN. BHD.,070444003,2,P.048,,PULAU PINANG,N.25 - PULAU TIKUS,(BERHADAPAN TANDAS AWAM MBPP),LA 12/1/16/1911 (D-EVCS),DTL,TIMOR LAUT,120,19/9/2025 - 18/9/2035,195,2,100.30699667300007,5.419494336000071
NO. 1,JALAN BOREALIS 4, ,,MUKIM 13,"STARBUCKS ECO HORIZON, NO. 1, JLN BOREALIS 4, PUSAT KOMERSIAL BOREALIS, SIMPANG AMPAT, 14110 PULAU PINANG",,2,100.44400776,07,1732,"5.236542617881459, 100.44400775548193",2,PUSAT KOMERSIAL BOREALIS,P.046 - BATU KAWAN,5.23654262,0,03,1,2,30019,1773532800000,SPS MUKIM 13,,N.18,GREEN EV CHARGE SDN BHD,070313000,2,P.046,,PULAU PINANG,N.18 - BUKIT TAMBUN,STARBUCKS ECO HORIZON,LA 12/1/16/1947 (D-EVCS),SPS,SEBERANG PERAI SELATAN,44,29/9/2025 - 28/9/2035,196,0,100.44400775500009,5.236542618000044
LOT 987 & 988,JALAN SUNGAI RUSA, ,,MUKIM 4,"STARBUCKS BOTANICA DT, LOT 987 & 988, JALAN SUNGAI RUSA, MUKIM 4, 11000 BALIK PULAU, PULAU PINANG",,1,100.21695374,07,1736,"5.369226072427736, 100.2169537389508",0,BANDAR BARU AIR PUTIH,P.053 - BALIK PULAU,5.36922607,2,05,1,0,50037,1773532800000,DBD MUKIM 4,,N.39,GREEN EV CHARGE SDN BHD,070504000,2,P.053,,PULAU PINANG,N.39 - PULAU BETONG,STARBUCKS BOTANICA DT,LA 12/1/16/1964 (D-EVCS),DBD,BARAT DAYA,60,29/9/2025 - 28/9/2035,197,1,100.21695373900008,5.36922607200006
183,JALAN MAGAZINE,SEK. 11(w),,GEORGE TOWN,"183, JALAN MAGAZINE GEORGETOWN PULAU PINANG 10300 PULAU PINANG",,1,100.32992818,07,1750,"5.413191597525125, 100.32992817517791",0,,P.049 - TANJONG,5.4131916,2,04,1,0,40114,1773532800000,DTL GEORGE TOWN SEK. 11(w),,N.27,SALIENT GLORY CITY SDN BHD,070444026,2,P.049,,PULAU PINANG,N.27 - PENGKALAN KOTA,ST. GILES WEMBLEY PENANG HOTEL,LA 12/1/16/1956 (D-EVCS),DTL,TIMOR LAUT,47,18/9/2035 - 17/9/2035,198,1,100.32992817500008,5.413191598000026
,JALAN SAGA JAYA 3, ,,MUKIM 6,"BYD IROLL EV 4S CENTRE, LOT 4053, JALAN SAGA JAYA 3, MUKIM 6, TAMAN PERINDUSTRIAN SAGA JAYA, 13600 SEBERANG PERAI TENGAH, PULAU PINANG",,2,100.41302647,07,1752,"5.357441144536396, 100.41302647028625",0,TAMAN PERINDUSTRIAN SAGA JAYA,P.046 - BATU KAWAN,5.35744114,4,01,1,0,10017,1773532800000,SPT MUKIM 6,,N.17,SETIA JUTARIA SDN. BHD.,070106000,4,P.046,LOT 4053,PULAU PINANG,N.17 - BUKIT TENGAH,BYD JURU 4S - IROLL EV,LA 12/1/16/1962 (D-EVCS),SPT,SEBERANG PERAI TENGAH,240,19/9/2025 - 18/9/2035,199,2,100.41302647000003,5.3574411450000525
,LEBUHRAYA KAMPUNG JAWA, ,,MUKIM 12,"BANGUNAN TNB PRCC, KAWASAN PERINDUSTRIAN BAYAN LEPAS, 11900 BAYAN LEPAS, PULAU PINANG",,1,100.29562722,07,1756,"5.315933436443206, 100.29562722339426",0,KAWASAN PERINDUSTRIAN BAYAN LEPAS,P.052 - BAYAN BARU,5.31593344,5,05,1,0,50038,1773532800000,DBD MUKIM 12,,N.36,TNBX SDN. BHD.,070512000,5,P.052,,PULAU PINANG,N.36 - PANTAI JEREJAK,BANGUNAN TNB PRCC,LA 12/1/16/1935 (D-EVCS),DBD,BARAT DAYA,400,19/9/2025 - 18/9/2035,200,1,100.29562722300005,5.315933436000023
,JALAN TREM,SEK. 3,,GEORGE TOWN,"YARD TNB LORONG KULIT, JALAN TREM, JLN TRAMWAY, 10460 GEORGETOWN, PULAU PINANG",,1,100.3122377,07,1759,"5.412824134599802, 100.31223770231921",0,,P.050 - JELUTONG,5.41282413,4,04,1,0,40115,1773532800000,DTL GEORGE TOWN SEK. 3,,N.29,TNBX SDN. BHD.,070444003,4,P.050,,PULAU PINANG,N.29 - DATOK KERAMAT,YARD TNB LORONG KULIT,LA 12/1/16/1960 (D-EVCS),DTL,TIMOR LAUT,240,19/9/2025 - 18/9/2035,201,1,100.31223770200006,5.412824135000051
LOT 2583,JALAN TANJONG TOKONG,SEK. 1,,GEORGE TOWN,"MARINA BAY CONDOMINIUM (BLOCK A), VISITOR PARKING LOT A55 & A56, LOT 2583, JALAN TANJONG TOKONG, GEORGE TOWN, 10470 TIMOR LAUT, PULAU PINANG",,4,100.3067725,07,1768,"5.4431243208628475, 100.30677250256252",4,TANJONG TOKONG,P.048 - BUKIT BENDERA,5.44312432,0,04,1,4,40116,1773532800000,DTL GEORGE TOWN SEK. 1,,N.25,CHARGE N GO SDN BHD,070444001,4,P.048,VISITOR PARKING LOT A55 & A56,PULAU PINANG,N.25 - PULAU TIKUS,MARINA BAY CONDOMINIUM (BLOCK A),LA 12/1/16/1913 (D-EVCS),DTL,TIMOR LAUT,88,7/10/2025 - 6/10/2035,202,0,100.30677250300005,5.4431243210000275
,PERSIARAN CASSIA BARAT 6, ,,MUKIM 13,"VERTU RESORT CONDOMINIUM, PERSIARAN CASSIA BARAT 6, 14110 SIMPANG AMPAT, PULAU PINANG",,5,100.43765287,07,1773,"5.238021223319259, 100.43765286936649",5,BANDAR CASSIA,P.046 - BATU KAWAN,5.23802122,0,03,1,5,30020,1773532800000,SPS MUKIM 13,,N.18,CHARGEHERE EV SOLUTION SDN BHD,070313000,5,P.046,,PULAU PINANG,N.18 - BUKIT TAMBUN,VERTU RESORT CONDOMINIUM,LA 12/1/16/2003 (D-EVCS),SPS,SEBERANG PERAI SELATAN,54,9/10/2025 - 8/10/2035,203,0,100.43765286900003,5.2380212230000325
,JALAN HARBOUR PLACE,SEK. 4,,BUTTERWORTH,"LUMINARI RESIDENCE, JALAN HARBOUR PLACE, KAMPUNG BAGAN DALAM, BUTTERWORTH, 12100 PULAU PINANG",,3,100.37307683,07,1774,"5.397301298908989, 100.37307682678603",2,KAMPUNG BAGAN DALAM,P.043 - BAGAN,5.3973013,2,02,1,2,20009,1773532800000,SPU BUTTERWORTH SEK. 4,,N.09,CHARGEHERE EV SOLUTION SDN BHD,070240004,4,P.043,,PULAU PINANG,N.09 - BAGAN DALAM,LUMINARI RESIDENCE,LA 12/1/16/2010 (D-EVCS),SPU,SEBERANG PERAI UTARA,84,9/10/2025 - 8/10/2035,204,1,100.37307682700003,5.397301299000048
28,JALAN TELUK KUMBAR, ,,MUKIM 9,"LEXIS SUITES PENANG, 28, JALAN TELUK KUMBAR, 11920 BAYAN LEPAS, PULAU PINANG",,3,100.23269902,07,1777,"5.2872345064510125, 100.23269901577068",2,KAMPUNG TELUK KUMBAR,P.053 - BALIK PULAU,5.28723451,2,05,1,2,50032,1773532800000,DBD MUKIM 9,,N.38,CHARGEHERE EV SOLUTION SDN BHD,070509000,4,P.053,,PULAU PINANG,N.38 - BAYAN LEPAS,LEXIS SUITES PENANG,LA 12/1/16/2066 (D-EVCS),DBD,BARAT DAYA,84,27/10/2025 - 26/10/2035,205,1,100.23269901600008,5.287234506000061
,GERBANG BUKIT KECIL 2, ,,MUKIM 12,"NOVUS RESIDENCES, GERBANG BUKIT KECIL 2, 11900 BAYAN LEPAS, PULAU PINANG",,1,100.29864803,07,1779,"5.33227323279323, 100.29864803361178",0,KRYSTAL POINT CORPORATE PARK,P.052 - BAYAN BARU,5.33227323,2,05,1,0,50029,1773532800000,DBD MUKIM 12,,N.36,CHARGEHERE EV SOLUTION SDN BHD,070512000,2,P.052,,PULAU PINANG,N.36 - PANTAI JEREJAK,NOVUS RESIDENCES,LA 12/1/16/2015 (D-EVCS),DBD,BARAT DAYA,40,9/10/2025 - 8/10/2035,206,1,100.29864803400005,5.3322732330000235
,TINGKAT ECO MEADOWS 1, ,,MUKIM 14,"ECO BLOOM CONDOMINIUM, TINGKAT ECO MEADOWS 1, 14100 SIMPANG AMPAT, PULAU PINANG",,2,100.469122,07,1783,"5.2588326809623505, 100.46912200292327",1,ECO MEADOWS,P.046 - BATU KAWAN,5.25883268,2,03,1,1,30008,1773532800000,SPS MUKIM 14,,N.18,CHARGEHERE EV SOLUTION SDN BHD,070314000,3,P.046,,PULAU PINANG,N.18 - BUKIT TAMBUN,ECO BLOOM CONDOMINIUM,LA 12/1/16/2069 (D-EVCS),SPS,SEBERANG PERAI SELATAN,51,27/10/2025 - 26/10/2035,207,1,100.46912200300005,5.258832681000058
22,JALAN SULTAN AHMAD SHAH,SEK. 14,,GEORGE TOWN,"CYCLE & CARRIAGE GEORGETOWN, 22, JALAN SULTAN AHMAD SHAH, 10050 GEORGETOWN, PULAU PINANG",,1,100.33417418,07,1787,"5.422926929691867, 100.33417418310911",1,,P.049 - TANJONG,5.42292693,1,04,1,1,40117,1773532800000,DTL GEORGE TOWN SEK. 14,,N.26,CYCLE & CARRIAGE BINTANG BERHAD,070444014,2,P.049,,PULAU PINANG,N.26 - PADANG KOTA,CYCLE & CARRIAGE GEORGETOWN,LA 12/1/16/1974 (D-EVCS),DTL,TIMOR LAUT,22,23/10/2025 - 22/10/2035,208,0,100.33417418300007,5.422926930000074
,JALAN TUN SYED BARAKBAH,SEK. 19,,GEORGE TOWN,"JALAN TUN SYED BARAKBAH (HADAPAN DEWAN SRI PINANG), BANDAR GEORGETOWN, 10450 TIMOR LAUT, PULAU PINANG",,1,100.34044552,07,1800,"5.422245865903153, 100.3404455206959",0,,P.049 - TANJONG,5.42224587,2,04,1,0,40118,1773532800000,DTL GEORGE TOWN SEK. 19,,N.26,GENTARI GREEN MOBILITY SDN. BHD.,070444019,2,P.049,,PULAU PINANG,N.26 - PADANG KOTA,(HADAPAN DEWAN SRI PINANG),LA 12/1/16/1988 (D-EVCS),DTL,TIMOR LAUT,60,22/10/2025 - 21/10/2035,209,1,100.34044552100005,5.422245866000026
LOT 1241,JALAN SULTAN AZLAN SHAH, ,,MUKIM 12,"PETRONAS BAYAN BARU, LOT 1241, JALAN SULTAN AZLAN SHAH, MUKIM 12, BARAT DAYA, 11900 PULAU PINANG",,3,100.29442353,07,1801,"5.3290778559441945, 100.29442353376638",0,BAYAN BARU,P.052 - BAYAN BARU,5.32907786,6,05,1,0,50026,1773532800000,DBD MUKIM 12,,N.36,GENTARI GREEN MOBILITY SDN. BHD.,070512000,6,P.052,,PULAU PINANG,N.36 - PANTAI JEREJAK,PETRONAS BAYAN BARU,LA 12/1/16/2062 (D-EVCS),DBD,BARAT DAYA,540,29/10/2025 - 28/10/2035,210,3,100.29442353400003,5.329077856000026
170,JALAN ARGYLL,SEK. 14,,GEORGE TOWN,"PARKING LOT, MENARA LIVINGSTON, 170, JALAN ARGYLL, 10050 GEORGE TOWN, PULAU PINANG",,5,100.32976962,07,1811,"5.422220159306376, 100.32976961901507",5,,P.049 - TANJONG,5.42222016,0,04,1,5,40119,1773532800000,DTL GEORGE TOWN SEK. 14,,N.26,GREENERGY EV SDN BHD,070444014,5,P.049,PARKING LOT,PULAU PINANG,N.26 - PADANG KOTA,MENARA LIVINGSTON,LA 12/1/16/2014 (D-EVCS),DTL,TIMOR LAUT,47,16/10/2025 - 15/10/2035,211,0,100.32976961900005,5.422220159000062
7006 MK 6,JALAN KUBANG MENDERUNG, ,,MUKIM 6,"7006 MK 6, (PASARAYA MYDIN), JLN BERTAM, 13200 KEPALA BATAS, PULAU PINANG",,1,100.47821162,07,1821,"5.519463843817478, 100.47821162115844",0,BANBAR PUTRA BERTAM,P.041 - KEPALA BATAS,5.51946384,2,02,1,0,20010,1773532800000,SPU MUKIM 6,,N.03,POWERBEE SDN BHD,070206000,2,P.041,,PULAU PINANG,N.03 - PINANG TUNGGAL,PASARAYA MYDIN,LA 12/1/16/1998 (D-EVCS),SPU,SEBERANG PERAI UTARA,47,8/10/2025 - 7/10/2035,212,1,100.47821162100007,5.519463844000029
LOT 776,LEBUH TUNKU KUDIN 3,SEK. 4,,JELUTONG,"VISITOR PARKING B2 (LOT 18 & 19), PERBADANAN PENGURUSAN PEARL REGENCY, LOT 776, LEBUH TUNKU KUDIN 3, BANDAR JELUTONG, TIMOR LAUT, 11700 GELUGOR, PULAU PINANG",,2,100.31435993,07,1840,"5.3788526133279015, 100.31435992933602",2,,P.051 - BUKIT GELUGOR,5.37885261,0,04,1,2,40120,1773532800000,DTL JELUTONG SEK. 4,,N.32,CHARGE N GO SDN BHD,070445004,2,P.051,VISITOR PARKING B2 (LOT 18 & 19),PULAU PINANG,N.32 - SERI DELIMA,PEARL REGENCY (PERBADANAN PENGURUSAN),LA 12/1/16/1991 (D-EVCS),DTL,TIMOR LAUT,44,6/11/2025 - 5/11/2035,213,0,100.31435992900003,5.378852613000049
9,JALAN MOULMEIN,SEK. 4,,GEORGE TOWN,"MOULMEIN RISE (LUXURY SUITES) - PARKING (LEVEL 4), 9, JALAN MOULMEIN, PULAU TIKUS, 10350 GEORGETOWN, PULAU PINANG",,4,100.31264634,07,1848,"5.4291625568972135, 100.31264634297214",4,PULAU TIKUS,P.048 - BUKIT BENDERA,5.42916256,0,04,1,4,40121,1773532800000,DTL GEORGE TOWN SEK. 4,,N.25,GREENERGY EV SDN BHD,070444004,4,P.048,PARKING (LEVEL 4),PULAU PINANG,N.25 - PULAU TIKUS,MOULMEIN RISE (LUXURY SUITES),LA 12/1/16/1938 (D-EVCS),DTL,TIMOR LAUT,44,3/11/2025 - 2/11/2035,214,0,100.31264634300004,5.429162557000041
PLOT 22E,JALAN PSPN 3, ,,MUKIM 13,"LEM MALAYSIA, PLOT 22E, JLN PSPN 3, PENANG SCIENCE PARK NORTH, MUKIM 13, 14100 SEBERANG PERAI TENGAH, PULAU PINANG",,2,100.43720421,07,1853,"5.303884686514235, 100.43720420761274",2,PENANG SCIENCE PARK NORTH,P.046 - BATU KAWAN,5.30388469,0,01,1,2,10014,1773532800000,SPT MUKIM 13,,N.17,RECHARGE XOLUTIONS SDN BHD,070113000,2,P.046,,PULAU PINANG,N.17 - BUKIT TENGAH,LEM MALAYSIA,LA 12/1/16/1958 (D-EVCS),SPT,SEBERANG PERAI TENGAH,44,12/11/2025 - 11/11/2035,215,0,100.43720420800008,5.30388468700005
1684,JALAN PERUSAHAAN, ,,MUKIM 11,"1684, JALAN PERUSAHAAN, AUTO-CITY, 13600 PERAI, PULAU PINANG",,3,100.42955645,07,1860,"5.337818784623836, 100.42955645074204",3,AUTO-CITY,P.046 - BATU KAWAN,5.33781878,0,01,1,3,10008,1773532800000,SPT MUKIM 11,,N.17,CARRO RETAIL SDN. BHD.,070111000,3,P.046,,PULAU PINANG,N.17 - BUKIT TENGAH,CARRO (FOMERLY MYTUKAR),LA 12/1/16/2123 (D-EVCS),SPT,SEBERANG PERAI TENGAH,66,4/12/2025 - 3/12/2035,216,0,100.42955645100005,5.3378187850000245
1, JALAN PERDA BARAT, ,,MUKIM 7,"WISMA TNB PERDA, 1, JALAN PERDA BARAT, BANDAR PERDA,14000 BUKIT MERTAJAM, PULAU PINANG",,1,100.43501391,07,1890,"5.365738631170353, 100.43501390546517",0,BANDAR PERDA,P.044 - PERMATANG PAUH,5.36573863,4,01,1,0,10003,1773532800000,SPT MUKIM 7,,N.10,TNBX SDN. BHD.,070107000,4,P.044,,PULAU PINANG,N.10 - SEBERANG JAYA,WISMA TNB PERDA,LA 12/1/16/2136 (D-EVCS),SPT,SEBERANG PERAI TENGAH,240,24/12/2025 - 23/12/2035,217,1,100.43501390500006,5.365738631000056
LOT 2137,JALAN PANGKOR,SEK. 1,,GEORGE TOWN,"SRI PANGKOR CONDOMINIUM, LOT 2137, SEKSYEN 4, BANDAR GEORGE TOWN, 10050 TIMOR LAUT, PULAU PINANG",,3,100.31974994,07,1900,"5.428040475737852, 100.31974994290387",0,KAMPUNG SYED,P.048 - BUKIT BENDERA,5.42804048,3,04,1,3,40122,1776297600000,DTL BATU FERRINGGI SEK. 1,,N.25,BLH ECOENERGY SDN BHD,070441001,3,P.048,,PULAU PINANG,N.25 - PULAU TIKUS,SRI PANGKOR CONDOMINIUM,LA 12/1/16/2138 (D-EVCS),DTL,TIMOR LAUT,66,27/1/2026 - 26/1/2036,218,0,100.31974994300003,5.428040476000035
2B-01-05,JALAN BATU UBAN,SEK. 1,,GELUGOR,"E-PARK CONDOMINIUM, JALAN BATU UBAN, CENTURY GARDEN, 11700 GELUGOR, PULAU PINANG",,2,100.30835601,07,1906,"5.350835591181153, 100.30835601398357",0,CENTURY GARDEN,P.052 - BAYAN BARU,5.35083559,2,04,1,2,40093,1776297600000,DTL BATU FERRINGGI SEK. 1,,N.35,CHARGE N GO SDN BHD,070441001,2,P.052,,PULAU PINANG,N.35 - BATU UBAN,E-PARK CONDOMINIUM,LA 12/1/16/2036 (D-EVCS),DTL,TIMOR LAUT,44,9/1/2026 - 8/1/2036,219,0,100.30835601400008,5.3508355910000205
,OFF SOLOK LENGGONG,SEK. 1,,JELUTONG,"EVCS TLK 36-44, JALAN PERAK OFF SOLOK LENGGONG, BANDAR JELUTONG, 11600 TIMOR LAUT, PULAU PINANG",,2,100.31469871,07,1932,"5.394758727085914, 100.31469871148825",2,,P.050 - JELUTONG,5.39475873,0,04,1,0,40088,1776297600000,DTL BATU FERRINGGI SEK. 1,,N.31,GENTARI GREEN MOBILITY SDN. BHD.,070441001,2,P.050,,PULAU PINANG,N.31 - BATU LANCANG,CLINIC V-CARE,LA 12/1/16/2178 (D-EVCS),DTL,TIMOR LAUT,120,27/1/2026 - 26/1/2036,220,2,100.31469871100006,5.394758727000067
,JALAN GOTTLIEB,SEK. 1,,,"MBPP JALAN GOTTLIEB, GEORGE TOWN, 10350 DAERAH TIMOR LAUT, PULAU PINANG",,1,100.30157614,07,1933,"5.432142956240093, 100.30157614161524",2,,P.048 - BUKIT BENDERA,5.43214296,0,04,1,0,40086,1776297600000,DTL BATU FERRINGGI SEK. 1,,N.25,GENTARI GREEN MOBILITY SDN. BHD.,070441001,2,P.048,,PULAU PINANG,N.25 - PULAU TIKUS,(MBPP) JALAN GOTTLIEB,LA 12/1/16/2180 (D-EVCS),DTL,TIMOR LAUT,60,27/1/2026 - 26/1/2036,221,1,100.30157614200004,5.432142956000064
,LEBUHRAYA JELUTONG,SEK. 1,,JELUTONG,"CENTRAL PARK CONDOMINIUM, BANDAR JELUTONG, SEKSYEN 3 TIMOR LAUT 11600 PULAU PINANG",,2,100.30815513,07,1940,"5.3882219488434675, 100.30815513240918",0,TAMAN JELUTONG,P.050 - JELUTONG,5.38822195,2,04,1,2,40070,1776297600000,DTL BATU FERRINGGI SEK. 1,,N.31,BLH ECOENERGY SDN BHD,070441001,2,P.050,,PULAU PINANG,N.31 - BATU LANCANG,CENTRAL PARK CONDOMINIUM,LA 12/1/16/2218 (D-EVCS),DTL,TIMOR LAUT,14,26/2/2026 - 25/2/2036,222,0,100.30815513200008,5.388221949000069
LOT 583,BUKIT RIA,SEK. 1,,BATU FERRINGI,"SEAVIEW GARDEN, LOT 583, BLOCK 10 & 12, JALAN BUKIT RIA, BANDAR BATU FERRINGGI, 11100 TIMOR LAUT, PULAU PINANG",,2,100.27290055,07,1949,"5.4755826172856885, 100.27290055224314",0,MOUNT PLEASURE,P.048 - BUKIT BENDERA,5.47558262,2,04,1,2,40069,1776297600000,DTL BATU FERRINGGI SEK. 1,,N.22,CHARGE N GO SDN BHD,070441001,2,P.048,BLOCK 10 & 12,PULAU PINANG,N.22 - TANJONG BUNGA,SEAVIEW GARDEN,LA 12/1/16/2170 (D-EVCS),DTL,TIMOR LAUT,44,16/2/2026 - 15/2/2036,223,0,100.27290055200007,5.475582617000043
13,PERSIARAN CASSIA UTROPOLIS, ,,SEBERANG PERAI,"SAVANA RESIDENCES, LOT 22017, PERSIARAN CASSIA UTROPOLIS, BANDAR CASSIA, 13, 14110 SEBERANG PERAI SELATAN, PULAU PINANG",,3,100.43881254,07,1952,"5.241534563708757, 100.43881254313374",0,BANDAR CASSIA,P.046 - BATU KAWAN,5.24153456,3,03,1,3,30002,1776297600000,SPS MUKIM 13,,N.18,CHARGE N GO SDN BHD,070313000,3,P.046,LOT 22017,PULAU PINANG,N.18 - BUKIT TAMBUN,SAVANA RESIDENCES,LA 12/1/16/2183 (D-EVCS),SPS,SEBERANG PERAI SELATAN,66,16/2/2026 - 15/2/2036,224,0,100.43881254300004,5.241534564000062
,MEDAN BAYAN LEPAS, ,,BAYAN LEPAS,"MSB-LL-2, GBS BY THE SEA TECHNOPLEX, MEDAN BAYAN LEPAS, BAYAN LEPAS INDUSTRIAL PARK, 11900 BAYAN LEPAS, PULAU PINANG",,2,100.29324082,07,1957,"5.298736717555789, 100.29324081807002",0,BAYAN LEPAS INDUSTRIAL PARK,P.052 - BAYAN BARU,5.29873672,2,05,1,2,50010,1776297600000,DBD MUKIM 1,,N.37,SOLAR VOLTECH SDN. BHD.,070501000,2,P.052,MSB-LL-2,PULAU PINANG,N.37 - BATU MAUNG,GBS BY THE SEA TECHNOPLEX,LA 12/1/16/2220 (D-EVCS),DBD,BARAT DAYA,44,25/2/2026 - 24/2/2036,225,0,100.29324081800007,5.298736718000043
